transaction_id,amount,transaction_type,account_age_days,transactions_last_24h,device_changed,international,transaction_hour,previous_fraud_count,is_fraud
1,243.89,PAYMENT,2153,2,0,0,14,1,1
2,129.25,DEBIT,2327,5,0,0,9,0,0
3,283.64,CASH_IN,270,3,0,0,16,1,1
4,680.64,CASH_IN,2894,4,0,0,2,0,1
5,117.43,CASH_OUT,1729,2,0,1,12,0,0
6,117.43,PAYMENT,2092,2,0,0,11,1,0
7,719.97,PAYMENT,2418,3,1,0,7,0,0
8,319.72,CASH_IN,694,2,1,1,10,0,0
9,92.81,PAYMENT,525,3,1,0,11,0,0
10,255.33,PAYMENT,1494,4,0,0,1,0,0
11,93.37,TRANSFER,579,3,0,0,16,0,0
12,93.16,TRANSFER,2114,1,0,0,15,0,1
13,189.04,CASH_OUT,1837,4,0,0,7,2,1
14,21.91,TRANSFER,2846,10,0,1,22,0,0
15,26.45,CASH_OUT,1228,1,0,0,12,1,0
16,84.58,CASH_IN,465,0,0,0,3,0,0
17,53.9,PAYMENT,2370,5,0,1,12,0,1
18,203.21,PAYMENT,330,2,0,0,21,1,0
19,59.86,TRANSFER,1727,3,0,0,15,0,0
20,36.15,DEBIT,1392,3,0,0,12,0,0
21,642.68,PAYMENT,1076,5,0,0,17,0,0
22,118.42,PAYMENT,2427,3,0,0,15,0,0
23,158.78,CASH_OUT,2926,3,0,1,14,0,0
24,35.7,TRANSFER,1119,4,1,0,3,0,0
25,86.11,DEBIT,1448,4,0,0,5,2,0
26,165.82,CASH_IN,2510,5,0,0,9,0,0
27,46.95,TRANSFER,599,7,0,0,4,1,1
28,216.09,CASH_OUT,58,1,0,0,14,0,0
29,81.4,PAYMENT,670,3,0,1,15,0,0
30,110.86,CASH_OUT,144,3,1,0,15,0,0
31,81.31,CASH_OUT,2714,5,0,0,23,0,0
32,946.03,PAYMENT,1131,3,0,0,6,1,0
33,146.42,PAYMENT,2352,3,0,0,18,1,0
34,51.54,DEBIT,2421,4,1,0,22,0,0
35,337.83,TRANSFER,709,5,0,1,7,1,1
36,43.78,CASH_OUT,110,2,1,1,1,0,1
37,182.89,PAYMENT,2015,3,0,0,17,0,0
38,20.91,TRANSFER,2684,2,0,1,17,0,0
39,39.32,CASH_IN,750,5,0,0,1,1,0
40,180.7,PAYMENT,101,3,0,0,2,0,0
41,310.59,CASH_OUT,2059,5,0,0,7,0,0
42,176.16,PAYMENT,503,4,0,0,15,1,0
43,132.2,TRANSFER,1050,4,0,0,20,0,0
44,109.83,DEBIT,200,4,0,0,4,0,0
45,33.83,TRANSFER,2117,1,0,0,22,0,0
46,72.25,DEBIT,2501,4,0,0,15,0,0
47,93.63,DEBIT,2965,8,1,0,19,0,0
48,427.14,DEBIT,1909,4,0,1,3,3,1
49,209.27,CASH_IN,1275,4,0,0,21,0,0
50,25.46,PAYMENT,827,4,0,1,12,0,0
51,205.22,DEBIT,2527,5,1,0,22,0,1
52,100.98,PAYMENT,1481,3,0,0,20,0,0
53,75.42,PAYMENT,1953,2,0,0,6,0,0
54,273.6,PAYMENT,1501,4,0,0,15,0,0
55,416.13,PAYMENT,674,2,0,0,10,1,0
56,376.64,CASH_OUT,2509,4,1,0,2,0,0
57,64.12,TRANSFER,351,2,0,0,23,0,0
58,108.94,PAYMENT,1098,4,0,0,16,0,0
59,206.7,TRANSFER,353,4,0,0,1,0,0
60,393.68,TRANSFER,2489,4,0,0,8,0,0
61,91.91,CASH_OUT,1272,0,1,0,3,0,0
62,123.27,PAYMENT,2697,6,0,0,5,0,0
63,49.09,PAYMENT,2124,3,0,0,0,0,0
64,44.87,PAYMENT,674,1,0,0,8,1,0
65,334.46,PAYMENT,1741,2,0,0,17,0,0
66,576.08,TRANSFER,2710,0,0,0,14,0,0
67,138.1,TRANSFER,870,3,0,0,14,0,0
68,404.86,PAYMENT,332,3,0,0,13,1,0
69,213.07,PAYMENT,1976,3,0,0,7,0,0
70,77.86,PAYMENT,801,1,0,0,12,0,0
71,213.02,DEBIT,1013,4,0,0,19,0,0
72,690.93,PAYMENT,2936,3,0,0,8,0,0
73,143.19,CASH_IN,2654,5,0,0,9,0,0
74,709.56,CASH_OUT,893,1,0,0,9,0,0
75,10.81,PAYMENT,365,1,0,0,19,0,0
76,337.61,DEBIT,1908,4,0,0,13,0,0
77,161.91,CASH_OUT,1882,3,0,0,0,0,0
78,110.06,CASH_OUT,689,3,1,0,14,2,0
79,162.68,TRANSFER,2030,3,1,0,1,2,0
80,20.34,TRANSFER,641,5,0,0,19,0,0
81,119.14,PAYMENT,1172,5,0,0,17,1,0
82,212.11,PAYMENT,933,4,0,0,15,0,0
83,650.6,CASH_IN,2159,4,1,1,5,3,1
84,88.39,CASH_IN,1066,3,1,0,21,0,0
85,66.12,PAYMENT,998,1,0,0,5,0,0
86,89.86,CASH_OUT,1986,4,0,0,19,0,0
87,370.7,CASH_OUT,2555,3,0,0,19,0,0
88,206.18,PAYMENT,2376,1,0,0,16,0,0
89,87.38,TRANSFER,2169,5,0,0,23,0,0
90,247.96,TRANSFER,779,2,0,0,6,2,0
91,163.54,CASH_OUT,2773,5,0,0,15,0,1
92,390.98,CASH_IN,2799,3,0,0,16,1,0
93,73.55,PAYMENT,1329,5,0,1,16,0,0
94,106.95,TRANSFER,333,3,0,0,12,0,0
95,100.27,CASH_OUT,2945,2,0,0,4,0,0
96,34.35,CASH_OUT,2864,1,0,0,23,0,0
97,199.56,PAYMENT,1890,4,0,0,6,1,0
98,192.68,TRANSFER,65,3,0,0,18,0,1
99,149.17,CASH_IN,451,1,0,0,0,0,0
100,117.38,PAYMENT,1555,5,0,0,12,0,0
101,36.04,TRANSFER,2415,4,1,0,17,0,0
102,97.45,CASH_IN,2659,3,0,0,6,2,0
103,105.35,PAYMENT,657,3,0,0,18,0,0
104,66.53,CASH_IN,1463,2,0,0,22,0,0
105,126.31,PAYMENT,492,3,0,0,10,0,1
106,222.31,PAYMENT,110,5,0,0,3,1,1
107,978.66,PAYMENT,1532,1,1,1,13,1,1
108,176.72,PAYMENT,1439,4,0,1,1,0,0
109,192.01,PAYMENT,449,4,0,0,13,0,0
110,137.77,CASH_OUT,2112,2,0,0,19,1,1
111,21.79,PAYMENT,2972,3,1,0,4,1,0
112,144.53,DEBIT,824,3,0,0,4,0,0
113,157.63,TRANSFER,2578,4,0,0,21,0,0
114,1742.79,TRANSFER,1760,1,1,0,14,0,0
115,122.44,TRANSFER,213,1,0,0,6,0,0
116,200.65,CASH_OUT,587,0,0,0,12,0,0
117,143.35,TRANSFER,1201,3,0,0,23,0,0
118,46.12,PAYMENT,2072,1,0,0,6,0,0
119,465.37,CASH_IN,1317,5,0,1,2,1,0
120,314.8,TRANSFER,869,7,0,0,3,0,0
121,327.35,PAYMENT,1912,5,0,0,2,0,0
122,59.78,TRANSFER,311,5,0,1,1,0,0
123,603.53,CASH_OUT,644,2,0,0,23,0,0
124,36.53,PAYMENT,2279,5,0,0,11,0,0
125,266.9,CASH_IN,603,1,0,0,18,0,0
126,1326.71,CASH_OUT,446,2,0,0,15,0,1
127,55.12,CASH_OUT,346,3,1,0,9,0,0
128,84.24,TRANSFER,2993,1,0,1,10,0,1
129,163.96,DEBIT,1121,1,0,0,18,2,0
130,89.7,PAYMENT,1012,3,0,0,11,1,0
131,31.48,TRANSFER,2874,5,0,0,4,0,0
132,158.95,PAYMENT,1533,2,0,0,16,0,0
133,51.3,CASH_OUT,706,5,0,0,12,0,0
134,238.31,PAYMENT,1154,3,0,0,6,0,0
135,59.18,PAYMENT,2320,2,0,0,13,0,0
136,699.2,CASH_IN,1143,3,0,0,2,0,0
137,67.81,TRANSFER,2002,7,0,0,11,0,0
138,107.55,PAYMENT,2978,4,0,0,6,0,0
139,334.79,CASH_OUT,156,5,0,0,1,0,0
140,43.34,CASH_OUT,648,2,0,0,15,0,1
141,186.32,PAYMENT,863,3,0,0,9,1,0
142,548.48,PAYMENT,1452,2,0,0,20,0,0
143,29.74,DEBIT,785,5,0,1,7,1,0
144,178.51,TRANSFER,805,3,0,0,15,0,0
145,192.46,PAYMENT,1666,3,0,1,5,0,0
146,324.35,CASH_IN,2330,3,0,0,18,1,0
147,43.08,TRANSFER,102,1,0,0,5,1,1
148,39.63,PAYMENT,408,4,0,0,10,1,0
149,250.12,PAYMENT,2376,7,0,0,13,0,0
150,199.73,PAYMENT,521,2,0,0,1,0,0
151,190.66,CASH_IN,713,3,0,0,2,1,0
152,209.86,PAYMENT,2005,1,1,0,10,1,1
153,75.19,PAYMENT,333,5,1,0,20,0,0
154,187.21,CASH_IN,1982,3,0,0,0,0,1
155,198.95,PAYMENT,1999,3,0,0,13,2,0
156,72.65,CASH_OUT,1290,5,0,0,17,0,0
157,958.89,PAYMENT,1060,2,0,0,6,1,0
158,238.37,CASH_OUT,1760,3,0,0,8,1,0
159,45.09,PAYMENT,285,2,1,0,11,0,0
160,286.16,PAYMENT,1224,5,1,0,6,2,1
161,56.0,TRANSFER,263,1,0,0,12,0,0
162,326.06,CASH_OUT,2950,4,0,0,20,0,0
163,472.76,CASH_OUT,1748,2,0,0,15,1,1
164,65.32,CASH_OUT,522,1,0,0,18,0,0
165,388.92,TRANSFER,2044,0,0,0,3,0,0
166,224.25,TRANSFER,258,0,0,0,20,0,0
167,337.67,CASH_OUT,374,5,0,0,12,0,0
168,989.1,CASH_OUT,1820,2,0,0,21,0,1
169,116.12,CASH_OUT,2154,7,0,0,12,0,0
170,69.84,TRANSFER,294,1,0,1,4,0,0
171,60.98,PAYMENT,773,1,0,0,22,0,0
172,65.64,PAYMENT,1702,2,0,1,0,0,0
173,137.4,PAYMENT,2322,3,0,0,10,1,0
174,208.75,DEBIT,458,5,0,0,3,0,0
175,195.72,CASH_OUT,2522,0,1,0,10,0,1
176,339.4,TRANSFER,1286,4,0,1,17,0,0
177,150.36,PAYMENT,2940,2,0,0,7,0,0
178,634.94,PAYMENT,483,2,0,0,14,1,0
179,113.9,CASH_IN,378,8,0,0,7,0,0
180,2253.34,CASH_IN,451,0,1,0,14,0,0
181,277.46,PAYMENT,2792,4,0,0,20,0,0
182,62.98,CASH_OUT,2567,0,0,0,13,0,0
183,50.86,TRANSFER,715,5,0,0,7,0,0
184,240.44,PAYMENT,611,3,0,0,7,0,0
185,118.69,CASH_OUT,2692,2,0,0,16,1,1
186,303.08,CASH_OUT,1286,2,1,1,0,0,0
187,238.23,CASH_OUT,192,1,0,0,9,1,1
188,137.99,PAYMENT,2857,0,0,0,18,0,0
189,63.64,PAYMENT,2381,0,0,0,21,0,0
190,32.63,PAYMENT,2396,2,0,0,8,0,0
191,94.96,PAYMENT,2762,1,0,0,11,0,1
192,349.46,TRANSFER,1059,2,0,0,12,1,0
193,183.85,PAYMENT,1354,2,0,0,16,0,0
194,42.7,TRANSFER,1911,1,0,0,6,0,0
195,176.48,PAYMENT,130,5,1,0,3,0,1
196,218.18,CASH_OUT,445,1,0,0,17,1,0
197,61.32,CASH_OUT,993,2,0,0,17,0,0
198,173.08,CASH_OUT,1413,3,0,0,17,0,0
199,157.31,PAYMENT,1184,4,1,1,22,1,1
200,47.32,PAYMENT,2972,2,0,0,19,1,0
201,212.25,PAYMENT,2463,5,0,0,9,0,0
202,260.03,PAYMENT,1073,2,0,0,11,2,0
203,438.36,PAYMENT,1776,3,0,0,2,1,1
204,425.73,PAYMENT,2372,1,0,0,22,2,0
205,37.42,CASH_OUT,425,1,0,0,7,0,0
206,58.1,DEBIT,1498,1,1,0,9,0,0
207,248.4,PAYMENT,2369,2,0,0,21,0,0
208,248.09,CASH_IN,377,2,0,0,6,0,0
209,248.4,PAYMENT,1318,5,0,0,10,0,0
210,6993.47,CASH_OUT,794,4,0,0,16,1,1
211,262.67,CASH_OUT,73,2,0,0,23,0,1
212,462.0,DEBIT,104,5,0,0,5,0,0
213,385.29,PAYMENT,82,3,0,1,9,0,0
214,284.69,PAYMENT,2143,6,1,0,0,1,1
215,108.28,PAYMENT,67,0,0,0,16,1,1
216,317.02,TRANSFER,795,3,0,0,22,0,0
217,68.52,DEBIT,2494,1,0,0,0,0,0
218,117.12,CASH_OUT,740,3,1,0,11,0,0
219,91.34,CASH_OUT,777,3,0,0,8,0,0
220,161.08,TRANSFER,1522,4,0,0,16,1,0
221,1502.16,CASH_IN,1108,2,0,0,11,0,1
222,22.94,TRANSFER,2921,3,1,0,9,0,0
223,294.79,PAYMENT,145,4,0,1,15,1,0
224,29.59,CASH_IN,308,2,0,0,2,0,0
225,92.58,PAYMENT,483,2,0,0,14,0,0
226,440.96,PAYMENT,637,4,0,0,2,0,0
227,158.27,PAYMENT,1102,3,0,0,3,0,0
228,50.51,CASH_OUT,398,3,0,0,18,0,0
229,72.58,CASH_OUT,399,4,1,0,8,0,1
230,292.83,PAYMENT,330,1,0,0,4,0,0
231,71.5,CASH_OUT,746,3,0,0,21,0,0
232,184.28,CASH_OUT,1976,4,0,0,19,0,0
233,155.33,DEBIT,1000,2,0,0,1,0,0
234,77.35,TRANSFER,1405,1,0,0,5,1,0
235,1266.41,CASH_OUT,224,4,0,0,13,0,0
236,279.76,CASH_OUT,1358,3,0,1,21,0,0
237,19.59,PAYMENT,2327,4,0,0,11,0,0
238,178.83,PAYMENT,287,1,1,0,13,0,0
239,76.57,TRANSFER,2009,5,0,0,5,1,0
240,348.08,PAYMENT,1503,3,0,0,4,0,0
241,67.19,PAYMENT,1924,3,0,0,9,1,0
242,132.33,TRANSFER,2136,3,0,0,7,0,0
243,245.92,PAYMENT,1625,3,0,1,7,0,0
244,352.75,PAYMENT,1587,4,0,0,3,0,0
245,44.69,TRANSFER,1910,2,0,0,3,0,0
246,106.22,CASH_OUT,816,2,0,1,16,0,0
247,92.3,CASH_IN,2638,4,0,0,23,0,0
248,77.22,TRANSFER,558,2,0,0,9,0,0
249,867.36,TRANSFER,527,3,0,0,10,0,0
250,222.51,PAYMENT,2716,4,0,0,14,0,0
251,42.06,PAYMENT,2232,3,0,0,15,1,0
252,371.62,PAYMENT,1840,4,0,0,6,0,0
253,1239.12,CASH_OUT,1543,1,0,0,10,0,1
254,416.74,TRANSFER,2875,3,0,0,3,1,1
255,32.48,CASH_OUT,2155,6,0,0,15,0,0
256,91.45,CASH_OUT,349,3,0,0,22,3,0
257,526.85,PAYMENT,2599,2,0,1,0,0,0
258,73.14,TRANSFER,643,2,0,0,7,0,1
259,231.32,TRANSFER,659,2,0,0,2,0,0
260,322.03,TRANSFER,2746,2,0,0,15,0,0
261,58.74,TRANSFER,1475,3,0,0,6,3,0
262,139.84,DEBIT,274,1,0,0,0,0,0
263,5.81,CASH_IN,2668,1,0,0,4,0,0
264,53.28,DEBIT,2749,4,0,0,14,2,0
265,115.29,PAYMENT,899,2,0,0,9,0,0
266,42.62,PAYMENT,1489,4,0,0,7,1,0
267,759.31,PAYMENT,2718,5,0,0,5,0,0
268,35.51,PAYMENT,43,6,0,1,22,1,1
269,95.58,TRANSFER,2976,2,0,0,3,0,1
270,169.14,CASH_OUT,2363,0,0,0,11,0,0
271,627.2,TRANSFER,700,3,0,0,9,0,0
272,35.31,DEBIT,670,3,0,0,13,0,0
273,474.93,DEBIT,715,2,0,0,20,0,0
274,149.94,PAYMENT,961,5,0,0,13,0,0
275,55.62,CASH_IN,1739,3,0,0,16,0,0
276,235.59,TRANSFER,2004,1,1,1,9,0,0
277,181.1,TRANSFER,961,2,1,0,19,0,0
278,81.43,CASH_OUT,1041,1,0,0,8,0,0
279,159.14,PAYMENT,1414,6,1,0,3,1,1
280,100.96,CASH_IN,72,3,0,0,10,0,0
281,166.25,CASH_OUT,940,5,0,0,18,0,0
282,287.76,CASH_IN,1347,5,0,0,1,0,0
283,724.89,DEBIT,1398,6,0,0,19,1,0
284,43.04,TRANSFER,2889,5,0,0,15,1,0
285,1252.67,PAYMENT,1049,1,0,1,21,0,1
286,21.07,PAYMENT,2698,1,0,0,19,0,0
287,127.51,PAYMENT,596,2,0,0,21,1,0
288,267.29,PAYMENT,1495,4,0,0,3,0,0
289,196.56,CASH_IN,136,3,0,0,1,0,1
290,79.62,PAYMENT,1366,5,0,0,4,1,0
291,120.53,DEBIT,1237,2,0,0,9,0,0
292,90.65,CASH_OUT,2713,1,0,0,17,0,0
293,82.32,PAYMENT,2495,4,0,0,0,0,0
294,347.1,TRANSFER,78,0,0,1,11,1,0
295,212.09,TRANSFER,2397,3,0,0,3,1,0
296,74.22,TRANSFER,282,3,1,0,18,0,0
297,364.89,TRANSFER,2554,2,0,1,16,0,1
298,201.8,PAYMENT,2907,4,0,0,19,0,0
299,334.58,CASH_OUT,1430,6,0,0,22,0,0
300,278.56,TRANSFER,2641,2,0,0,15,1,0
301,64.78,CASH_OUT,1598,4,1,0,5,1,0
302,84.76,CASH_IN,1585,2,0,1,6,0,0
303,313.34,PAYMENT,770,5,0,0,12,0,0
304,273.25,PAYMENT,2264,1,0,0,2,1,0
305,145.34,CASH_OUT,729,2,0,0,6,0,0
306,166.89,DEBIT,732,4,1,0,18,0,1
307,532.54,TRANSFER,2189,3,0,0,21,0,0
308,82.14,PAYMENT,1237,0,1,0,21,0,0
309,256.49,PAYMENT,322,3,0,0,2,2,0
310,121.24,PAYMENT,985,2,0,0,12,0,0
311,119.38,PAYMENT,903,4,1,0,14,1,0
312,445.31,TRANSFER,2438,1,0,0,14,0,0
313,338.8,CASH_OUT,531,3,0,0,17,0,0
314,334.79,PAYMENT,1850,4,0,0,20,0,0
315,547.56,PAYMENT,678,1,0,0,17,0,0
316,151.56,PAYMENT,115,1,0,0,11,0,0
317,293.52,CASH_IN,325,6,0,0,19,0,0
318,108.82,TRANSFER,1409,3,0,0,10,0,0
319,205.24,DEBIT,1513,2,0,0,23,0,0
320,130.3,TRANSFER,308,6,0,0,4,0,0
321,163.53,PAYMENT,281,2,1,0,12,2,0
322,269.12,PAYMENT,1061,1,0,1,20,1,0
323,65.48,CASH_OUT,615,1,0,0,8,0,0
324,1202.78,TRANSFER,1373,3,0,0,9,0,1
325,54.27,CASH_OUT,1204,3,0,0,8,0,0
326,44.07,CASH_OUT,634,2,1,0,18,1,1
327,472.53,CASH_OUT,2453,4,0,0,8,1,1
328,327.56,PAYMENT,2685,4,1,0,1,0,0
329,277.03,CASH_IN,2517,2,0,0,12,0,0
330,278.2,TRANSFER,2219,4,0,0,10,0,0
331,146.61,PAYMENT,621,3,0,0,12,0,0
332,60.51,TRANSFER,1805,3,1,0,7,0,0
333,160.1,CASH_OUT,2097,3,0,0,7,3,0
334,75.4,PAYMENT,41,2,0,0,11,0,0
335,393.52,TRANSFER,2022,1,0,0,19,1,0
336,128.12,PAYMENT,2713,0,0,0,14,0,0
337,65.01,PAYMENT,151,4,0,0,12,2,0
338,107.62,PAYMENT,454,4,0,0,11,0,0
339,224.29,PAYMENT,2306,4,0,0,15,1,0
340,84.46,PAYMENT,2674,2,1,0,20,0,0
341,65.22,PAYMENT,907,4,0,0,15,1,0
342,189.37,CASH_IN,815,2,0,0,6,1,0
343,189.61,PAYMENT,2106,4,1,0,17,1,1
344,89.39,TRANSFER,2212,3,1,0,3,0,0
345,92.66,PAYMENT,1605,3,0,0,11,0,0
346,187.18,CASH_OUT,130,3,0,0,15,0,0
347,34.88,PAYMENT,405,3,0,0,1,0,0
348,36.33,PAYMENT,675,2,0,0,4,0,1
349,72.35,PAYMENT,1894,3,0,0,9,0,0
350,119.89,DEBIT,2770,4,0,0,10,0,0
351,202.53,TRANSFER,2277,2,0,0,22,0,0
352,648.95,PAYMENT,750,4,0,0,17,0,0
353,349.9,PAYMENT,1653,3,1,0,14,1,1
354,126.48,PAYMENT,2053,1,0,1,1,0,0
355,145.62,PAYMENT,500,1,0,0,21,0,0
356,54.46,CASH_OUT,1982,5,0,1,20,2,0
357,145.69,TRANSFER,1075,1,0,0,17,0,0
358,111.2,CASH_OUT,2127,3,0,0,5,0,0
359,204.94,PAYMENT,755,3,0,0,15,0,0
360,64.89,TRANSFER,2143,0,0,0,18,0,0
361,249.47,PAYMENT,2044,1,0,0,4,0,0
362,687.28,PAYMENT,2379,2,0,0,12,0,0
363,133.12,CASH_OUT,413,1,0,0,10,0,0
364,221.79,PAYMENT,1804,0,1,1,22,0,0
365,295.94,CASH_OUT,2615,1,0,1,1,0,0
366,99.36,CASH_IN,732,1,0,0,8,0,0
367,185.69,PAYMENT,2126,3,0,0,5,0,0
368,150.29,CASH_IN,348,1,0,0,13,0,0
369,163.64,PAYMENT,50,4,0,1,0,0,1
370,68.51,PAYMENT,2668,6,0,0,3,0,0
371,152.1,CASH_OUT,621,3,0,0,10,0,0
372,244.2,TRANSFER,38,3,0,0,15,0,1
373,633.43,PAYMENT,2226,3,0,0,7,0,0
374,387.33,CASH_OUT,1490,3,0,0,20,3,0
375,1278.17,DEBIT,2576,4,0,1,16,0,0
376,68.9,PAYMENT,1941,5,0,0,8,0,0
377,355.07,CASH_IN,326,6,1,0,6,0,0
378,178.28,TRANSFER,2595,8,0,0,11,1,0
379,1325.84,DEBIT,2846,6,0,0,11,0,0
380,66.14,PAYMENT,2781,3,0,0,9,0,0
381,64.09,CASH_OUT,2978,2,0,0,21,0,0
382,81.5,PAYMENT,1282,4,0,0,1,1,0
383,17.75,CASH_IN,1300,2,0,0,22,1,0
384,87.73,CASH_OUT,311,2,0,0,15,0,0
385,69.47,PAYMENT,2846,3,0,0,11,0,0
386,172.5,PAYMENT,286,2,0,0,22,0,0
387,208.88,CASH_IN,1146,3,0,0,6,0,0
388,968.91,CASH_OUT,2291,6,1,0,5,0,0
389,383.92,PAYMENT,1859,2,1,0,9,1,0
390,83.35,TRANSFER,582,3,0,0,2,0,0
391,60.44,CASH_IN,2210,3,0,1,23,0,0
392,242.72,PAYMENT,2994,1,0,0,15,0,0
393,39.64,PAYMENT,1550,1,0,0,2,0,0
394,926.54,DEBIT,2163,4,0,0,11,0,0
395,482.72,PAYMENT,2979,1,1,0,2,0,1
396,92.84,PAYMENT,2954,3,0,0,11,1,0
397,26.76,PAYMENT,2837,3,0,0,20,1,0
398,574.71,CASH_IN,2949,4,1,0,22,0,0
399,132.35,PAYMENT,1600,3,0,0,6,0,0
400,511.74,CASH_OUT,2326,2,0,0,1,0,1
401,30.13,CASH_IN,1896,2,0,0,4,0,0
402,81.5,PAYMENT,1690,6,0,0,14,0,0
403,149.19,CASH_IN,2641,4,0,0,0,0,0
404,155.55,TRANSFER,2366,2,0,0,8,0,0
405,94.63,CASH_OUT,2486,5,0,1,22,0,0
406,276.68,PAYMENT,2810,1,0,0,23,1,0
407,51.03,CASH_OUT,338,3,1,1,12,2,1
408,128.72,PAYMENT,90,1,0,0,19,0,0
409,167.38,PAYMENT,2858,3,0,0,8,0,0
410,248.25,DEBIT,2604,2,0,0,6,1,0
411,302.36,PAYMENT,2277,6,0,0,13,0,0
412,48.2,CASH_IN,2892,2,0,0,4,0,0
413,32.0,PAYMENT,1128,1,1,0,18,0,1
414,532.55,PAYMENT,2013,2,0,0,23,0,1
415,206.92,CASH_IN,2833,2,0,1,22,1,0
416,70.21,PAYMENT,1324,5,0,0,7,0,0
417,700.05,CASH_IN,1074,1,0,0,21,0,0
418,166.61,TRANSFER,227,2,0,0,12,0,0
419,482.65,PAYMENT,1206,2,0,0,16,1,0
420,158.78,CASH_OUT,2121,4,0,0,14,1,0
421,1165.32,PAYMENT,2718,3,0,0,2,0,0
422,858.63,PAYMENT,2631,4,0,0,23,0,0
423,115.7,CASH_OUT,2063,1,0,0,15,1,0
424,392.12,PAYMENT,1598,3,0,0,9,0,0
425,282.98,PAYMENT,900,2,0,0,7,0,0
426,583.26,CASH_IN,539,3,1,0,18,1,0
427,56.55,CASH_IN,2493,2,0,0,22,0,0
428,294.73,TRANSFER,2486,1,0,0,1,0,0
429,427.7,TRANSFER,325,6,0,0,9,1,0
430,25.57,CASH_OUT,1918,3,0,0,4,0,0
431,45.46,TRANSFER,2704,2,0,1,23,1,1
432,19.31,TRANSFER,2280,3,1,0,15,0,1
433,113.36,DEBIT,605,5,1,0,10,1,0
434,304.16,PAYMENT,944,5,0,0,8,0,0
435,666.71,TRANSFER,1014,4,0,0,17,0,0
436,159.83,CASH_IN,825,1,1,0,12,0,0
437,756.43,CASH_OUT,2023,3,0,0,5,0,0
438,37.33,CASH_IN,1788,0,1,1,2,0,1
439,27.02,PAYMENT,877,5,0,1,4,0,1
440,140.39,PAYMENT,1421,1,0,0,22,1,0
441,217.91,CASH_IN,1651,4,0,0,5,0,0
442,143.64,PAYMENT,2816,2,0,0,20,0,0
443,18.78,CASH_OUT,391,2,0,0,4,0,1
444,135.76,PAYMENT,505,3,0,0,7,1,0
445,40.27,CASH_OUT,333,4,0,0,19,1,0
446,289.94,TRANSFER,2262,4,1,0,8,0,0
447,214.13,PAYMENT,2342,3,0,1,4,0,1
448,57.98,TRANSFER,1467,3,0,0,21,1,0
449,88.78,CASH_OUT,431,5,0,1,11,1,1
450,51.46,PAYMENT,2250,4,0,0,1,0,0
451,139.4,CASH_OUT,1781,7,0,0,2,0,0
452,385.73,TRANSFER,907,4,0,0,18,0,0
453,55.38,PAYMENT,1643,6,0,0,17,0,0
454,245.68,CASH_OUT,1375,8,0,0,4,0,0
455,87.33,PAYMENT,936,3,1,0,17,0,0
456,67.16,PAYMENT,375,3,1,0,2,0,0
457,133.35,TRANSFER,1125,3,0,1,4,0,0
458,52.71,CASH_OUT,1836,6,0,0,22,2,0
459,85.32,DEBIT,1930,2,0,1,7,1,0
460,44.8,PAYMENT,2885,3,0,0,2,1,0
461,1058.62,PAYMENT,1706,2,0,0,21,0,0
462,153.74,PAYMENT,237,4,0,0,18,0,0
463,73.72,CASH_OUT,1395,3,0,0,10,0,0
464,183.82,TRANSFER,1086,1,0,1,16,0,0
465,132.64,CASH_OUT,1435,2,1,0,10,1,0
466,118.99,PAYMENT,1439,2,0,0,19,1,1
467,274.28,CASH_IN,1018,5,0,0,22,0,0
468,316.56,TRANSFER,2955,3,1,0,19,0,0
469,87.31,DEBIT,191,5,0,0,20,0,0
470,83.44,PAYMENT,2093,1,0,1,11,1,1
471,112.72,TRANSFER,2820,1,0,0,18,1,0
472,14.85,CASH_OUT,275,2,0,0,18,0,0
473,32.62,CASH_OUT,1099,2,0,1,6,0,0
474,582.24,PAYMENT,2632,2,0,0,21,0,0
475,768.91,DEBIT,1101,4,0,0,0,1,0
476,115.7,PAYMENT,1757,4,0,0,11,0,0
477,264.16,PAYMENT,2791,2,1,0,20,0,0
478,202.6,TRANSFER,1507,1,0,0,5,1,0
479,3225.62,TRANSFER,2219,3,0,0,12,0,0
480,454.67,CASH_OUT,2527,3,0,0,1,0,0
481,130.59,PAYMENT,1242,0,0,0,9,0,0
482,57.08,TRANSFER,1784,3,1,0,4,0,0
483,29.77,TRANSFER,1510,3,0,1,6,1,1
484,181.9,PAYMENT,1817,5,0,0,0,0,1
485,69.66,DEBIT,1002,2,0,0,4,0,0
486,35.79,CASH_IN,1842,1,0,0,22,0,0
487,77.74,TRANSFER,2900,2,1,0,7,1,0
488,50.32,PAYMENT,145,1,0,0,7,0,0
489,802.03,DEBIT,2953,2,1,0,11,2,1
490,358.4,PAYMENT,2591,2,0,0,2,0,0
491,147.23,PAYMENT,2976,4,0,0,3,0,0
492,651.93,PAYMENT,42,3,0,0,21,1,0
493,160.35,PAYMENT,2354,4,1,0,20,0,0
494,62.72,CASH_IN,1305,6,0,0,7,1,0
495,680.7,TRANSFER,945,1,0,0,1,0,0
496,254.4,DEBIT,922,3,0,0,8,1,0
497,52.6,PAYMENT,2305,2,0,0,1,1,0
498,122.69,TRANSFER,246,3,0,0,8,1,0
499,61.83,DEBIT,2826,4,0,1,8,1,0
500,37.23,CASH_IN,323,7,1,0,4,0,0
501,374.72,CASH_OUT,2845,1,0,0,19,1,0
502,1001.66,PAYMENT,2358,6,0,0,11,0,1
503,36.65,CASH_OUT,1219,4,1,1,12,0,0
504,260.6,PAYMENT,1196,1,0,0,1,0,0
505,77.43,TRANSFER,527,3,0,0,10,0,0
506,91.18,CASH_OUT,1006,3,0,0,12,0,0
507,82.07,CASH_OUT,779,5,0,0,3,1,0
508,62.55,CASH_OUT,733,2,0,0,19,1,1
509,155.79,CASH_OUT,298,0,1,0,1,0,0
510,64.65,PAYMENT,2286,1,0,0,16,0,0
511,194.5,TRANSFER,2923,2,0,0,5,0,0
512,141.14,CASH_OUT,1590,2,0,0,22,1,0
513,116.87,PAYMENT,2382,4,1,0,6,0,1
514,59.89,PAYMENT,1041,2,1,0,21,1,0
515,83.37,PAYMENT,2165,2,0,0,2,0,0
516,315.89,TRANSFER,1173,4,0,1,23,0,0
517,244.92,DEBIT,1278,4,0,0,10,0,0
518,55.84,PAYMENT,792,10,0,0,8,0,0
519,163.91,TRANSFER,752,5,0,0,3,1,1
520,314.63,CASH_OUT,1435,5,0,0,7,1,1
521,27.95,PAYMENT,2088,1,0,0,9,0,0
522,255.54,DEBIT,468,4,1,0,16,0,0
523,76.51,PAYMENT,344,3,0,0,5,1,0
524,262.59,CASH_IN,2142,2,1,0,5,2,0
525,69.18,PAYMENT,930,4,0,0,4,0,0
526,24.41,PAYMENT,621,0,0,0,2,0,0
527,29.15,PAYMENT,1521,3,0,0,1,0,0
528,155.72,PAYMENT,2993,2,0,0,9,0,0
529,192.43,CASH_IN,674,6,0,0,1,0,0
530,60.08,PAYMENT,224,7,0,0,22,1,0
531,281.07,CASH_OUT,1467,6,0,1,19,0,1
532,28.18,PAYMENT,1939,4,0,0,3,0,0
533,138.92,CASH_IN,30,1,0,0,15,0,0
534,44.21,CASH_OUT,397,6,0,0,22,0,0
535,77.34,TRANSFER,1976,5,0,0,8,0,0
536,155.62,PAYMENT,2708,3,1,0,9,0,1
537,62.78,CASH_OUT,2453,3,1,0,3,0,1
538,101.03,PAYMENT,319,2,0,0,12,2,1
539,405.98,PAYMENT,2940,1,0,0,6,0,0
540,83.35,CASH_OUT,829,3,0,0,1,0,0
541,342.3,DEBIT,2705,3,0,0,2,2,0
542,47.96,CASH_IN,264,4,1,0,9,0,0
543,252.09,TRANSFER,1283,3,0,0,20,1,0
544,627.39,TRANSFER,1483,3,0,0,18,1,0
545,12.53,DEBIT,225,5,1,1,16,1,0
546,66.89,TRANSFER,1520,3,0,0,10,2,1
547,264.3,TRANSFER,2518,1,0,0,11,0,0
548,121.14,DEBIT,819,5,0,0,18,1,0
549,215.11,PAYMENT,2234,4,0,0,0,0,0
550,81.13,PAYMENT,383,5,0,0,4,1,0
551,161.84,CASH_OUT,842,4,0,1,13,0,0
552,127.02,PAYMENT,1738,2,0,1,9,0,0
553,477.13,PAYMENT,864,2,0,1,10,0,0
554,191.41,TRANSFER,2610,1,0,1,11,0,1
555,208.01,TRANSFER,1561,4,0,1,19,1,1
556,98.31,DEBIT,434,3,0,0,16,0,0
557,91.14,PAYMENT,2777,1,0,0,23,0,0
558,96.3,PAYMENT,2874,2,1,0,5,1,1
559,220.18,PAYMENT,2366,3,0,0,11,0,0
560,97.42,CASH_OUT,1755,3,0,0,7,1,0
561,198.3,CASH_OUT,119,3,0,1,6,0,0
562,1182.52,TRANSFER,1435,4,0,0,2,0,1
563,354.65,PAYMENT,996,5,0,0,19,0,0
564,107.12,CASH_OUT,1354,5,0,0,5,0,0
565,493.35,TRANSFER,1495,4,0,0,18,0,0
566,98.68,PAYMENT,2662,5,0,0,6,0,0
567,19.33,TRANSFER,1647,2,0,0,20,0,0
568,54.16,TRANSFER,1438,2,0,0,15,0,0
569,22.86,DEBIT,1555,2,0,1,14,0,0
570,104.43,CASH_IN,1302,5,0,1,16,0,0
571,151.17,CASH_OUT,1725,1,0,0,10,0,0
572,793.49,CASH_IN,782,2,0,0,0,0,0
573,205.8,CASH_OUT,745,3,0,0,12,0,0
574,119.21,DEBIT,1979,1,0,0,1,0,1
575,340.16,PAYMENT,2905,3,0,0,7,0,0
576,16.26,TRANSFER,2471,1,1,0,19,0,0
577,187.84,CASH_OUT,1202,2,0,0,22,0,0
578,320.82,TRANSFER,504,3,0,1,4,0,1
579,33.83,PAYMENT,2851,1,0,0,9,2,0
580,465.8,PAYMENT,1681,2,0,0,9,0,0
581,208.2,PAYMENT,2519,1,0,0,8,0,0
582,97.97,PAYMENT,2085,2,0,1,20,0,0
583,279.44,PAYMENT,2147,3,0,0,23,0,0
584,1437.55,TRANSFER,732,3,0,0,23,0,1
585,178.01,CASH_IN,2117,3,0,0,13,0,0
586,190.23,CASH_OUT,2931,1,0,0,12,0,0
587,93.75,CASH_IN,306,5,0,0,10,0,0
588,63.44,CASH_IN,1341,3,0,0,16,0,0
589,340.47,TRANSFER,212,5,1,0,17,0,1
590,63.05,PAYMENT,968,5,0,0,15,0,0
591,159.42,PAYMENT,2599,2,0,0,19,0,0
592,92.05,DEBIT,2766,4,0,0,5,0,1
593,239.6,PAYMENT,1652,5,0,0,6,0,0
594,207.2,CASH_OUT,113,2,0,0,23,1,1
595,418.86,PAYMENT,115,1,0,0,1,0,1
596,89.12,DEBIT,1772,1,0,0,9,0,0
597,113.31,TRANSFER,1340,2,0,1,8,0,0
598,55.77,CASH_IN,2621,1,0,0,3,0,1
599,95.17,PAYMENT,970,3,0,0,2,0,0
600,216.44,PAYMENT,1066,1,1,0,17,1,0
601,316.39,TRANSFER,1430,3,0,0,11,0,0
602,59.02,DEBIT,754,2,1,0,6,0,0
603,354.11,TRANSFER,1683,4,0,0,1,0,0
604,575.73,DEBIT,647,4,0,0,19,0,0
605,224.4,CASH_OUT,2092,6,1,1,2,0,1
606,969.51,CASH_OUT,754,2,0,0,5,0,0
607,68.46,TRANSFER,217,3,0,0,15,0,0
608,42.75,PAYMENT,2311,4,0,0,11,0,0
609,25.06,PAYMENT,1938,2,0,0,11,1,0
610,662.52,DEBIT,1829,3,0,0,23,1,0
611,285.54,DEBIT,764,3,0,0,12,0,0
612,140.39,CASH_OUT,2535,2,0,0,1,0,0
613,196.36,PAYMENT,2802,3,0,0,16,0,0
614,48.16,PAYMENT,2222,4,0,0,4,0,0
615,1712.57,DEBIT,546,3,0,0,16,0,0
616,168.89,PAYMENT,2610,3,0,0,22,0,0
617,165.57,CASH_IN,2969,2,1,0,10,0,0
618,306.67,PAYMENT,1168,5,0,0,15,1,0
619,240.09,TRANSFER,233,1,0,0,19,0,0
620,185.65,CASH_IN,1977,2,0,0,10,0,0
621,67.32,PAYMENT,1375,4,0,0,1,0,0
622,237.81,PAYMENT,390,3,0,0,6,2,0
623,974.6,DEBIT,1179,2,1,0,22,0,0
624,569.88,CASH_OUT,1173,0,1,0,6,0,0
625,730.1,CASH_OUT,243,3,0,0,18,0,0
626,89.01,CASH_OUT,1878,4,0,0,9,0,0
627,55.17,PAYMENT,671,6,0,0,16,0,1
628,130.87,PAYMENT,635,3,0,0,5,0,0
629,156.92,TRANSFER,395,4,0,0,9,1,0
630,443.28,PAYMENT,1258,2,0,0,7,0,0
631,27.32,TRANSFER,928,4,0,0,15,0,0
632,685.09,CASH_OUT,216,3,1,0,7,0,1
633,126.72,PAYMENT,2801,4,0,0,2,0,0
634,96.85,CASH_OUT,2780,3,0,0,18,0,0
635,53.94,PAYMENT,1314,3,1,0,23,1,0
636,28.36,PAYMENT,2911,3,0,0,2,0,0
637,338.04,TRANSFER,119,1,0,0,23,0,1
638,159.7,CASH_IN,2834,6,1,0,13,0,0
639,40.86,PAYMENT,1018,6,0,0,1,0,0
640,40.65,TRANSFER,2991,0,0,0,8,0,0
641,106.08,CASH_OUT,2470,1,0,0,17,0,0
642,787.62,PAYMENT,1203,4,0,0,12,1,0
643,114.48,TRANSFER,2489,1,1,0,4,0,0
644,33.01,DEBIT,1497,5,0,0,20,0,0
645,116.08,TRANSFER,322,3,0,0,16,1,0
646,112.99,PAYMENT,1519,3,0,0,22,1,0
647,10.01,CASH_OUT,660,4,1,1,14,1,0
648,140.57,TRANSFER,199,3,0,0,4,0,0
649,117.81,PAYMENT,1363,4,1,0,11,0,0
650,297.74,PAYMENT,1479,3,0,0,0,0,0
651,942.9,PAYMENT,919,4,1,1,4,0,0
652,457.86,PAYMENT,1120,2,0,0,10,1,1
653,113.42,PAYMENT,2133,3,0,0,13,0,0
654,49.08,TRANSFER,2645,4,0,0,4,0,0
655,1945.67,PAYMENT,180,4,0,0,6,0,0
656,157.47,CASH_IN,2395,3,0,1,7,0,0
657,150.49,CASH_OUT,1368,3,0,0,4,0,0
658,144.88,CASH_IN,1013,5,0,0,17,0,0
659,180.93,TRANSFER,1849,3,0,0,0,0,0
660,128.46,PAYMENT,1006,5,0,0,14,0,0
661,83.62,TRANSFER,2083,4,0,0,1,0,0
662,85.9,CASH_IN,218,3,0,0,16,0,0
663,143.63,PAYMENT,2394,3,0,0,0,0,0
664,86.19,PAYMENT,2808,10,0,0,21,0,0
665,72.76,PAYMENT,1658,4,0,0,19,0,0
666,165.08,PAYMENT,2601,4,0,0,10,1,0
667,115.01,PAYMENT,1216,3,0,1,7,1,1
668,667.8,PAYMENT,2594,1,0,0,5,0,0
669,10.48,PAYMENT,744,5,0,0,16,1,0
670,442.09,CASH_OUT,1377,5,0,0,6,0,0
671,515.99,PAYMENT,1246,0,0,0,2,0,0
672,18.66,CASH_OUT,1418,1,0,0,22,0,0
673,105.35,TRANSFER,2655,1,0,0,8,0,0
674,102.37,TRANSFER,696,2,0,0,18,1,1
675,36.32,PAYMENT,617,2,0,0,7,1,0
676,68.18,TRANSFER,802,4,1,1,2,1,1
677,48.88,PAYMENT,883,4,0,0,11,0,0
678,856.0,TRANSFER,1194,4,0,0,16,0,0
679,378.3,TRANSFER,2413,3,0,0,4,0,0
680,529.3,PAYMENT,887,3,1,0,15,0,0
681,305.42,PAYMENT,528,5,0,0,7,1,0
682,47.99,PAYMENT,678,5,1,1,1,0,1
683,87.84,PAYMENT,2253,0,0,0,8,1,0
684,242.11,PAYMENT,829,3,0,0,20,0,0
685,43.72,DEBIT,880,5,0,0,18,0,0
686,302.78,PAYMENT,1089,3,0,0,0,0,0
687,116.71,TRANSFER,1017,4,0,0,2,0,0
688,102.02,CASH_OUT,2220,3,0,0,16,0,0
689,302.16,CASH_OUT,678,6,0,0,5,1,0
690,231.43,DEBIT,557,1,0,0,14,0,0
691,103.44,CASH_IN,1815,5,0,0,13,0,0
692,473.11,CASH_OUT,1557,3,0,1,5,1,0
693,50.35,DEBIT,2083,2,1,0,14,0,0
694,274.77,PAYMENT,613,6,0,0,19,0,0
695,268.57,CASH_OUT,2750,6,0,0,8,0,1
696,108.9,CASH_IN,253,2,0,0,23,0,0
697,205.64,CASH_OUT,1931,4,0,0,11,0,0
698,42.47,DEBIT,2433,0,1,0,23,0,0
699,373.91,PAYMENT,1880,2,0,0,14,0,0
700,123.36,TRANSFER,1037,1,0,0,21,0,0
701,87.99,DEBIT,1089,4,0,0,12,1,0
702,423.69,PAYMENT,575,1,0,0,12,1,0
703,73.38,CASH_OUT,1951,1,0,0,18,0,0
704,36.29,PAYMENT,554,1,0,0,20,1,0
705,31.29,CASH_OUT,1767,2,0,0,12,1,1
706,272.06,DEBIT,1110,3,0,0,21,0,0
707,41.25,PAYMENT,2051,1,1,0,12,0,0
708,858.16,PAYMENT,1496,6,0,0,16,0,0
709,18.51,PAYMENT,1368,5,0,0,23,1,0
710,809.53,CASH_IN,2188,1,0,0,23,1,1
711,183.28,CASH_OUT,1360,1,0,0,2,0,1
712,134.73,PAYMENT,800,2,0,0,13,0,0
713,86.06,PAYMENT,1720,3,0,0,15,0,0
714,221.22,CASH_IN,1771,3,0,0,15,0,0
715,142.93,CASH_IN,339,3,0,0,13,1,0
716,447.33,PAYMENT,123,2,0,0,23,0,1
717,166.37,PAYMENT,2879,5,0,0,2,0,0
718,172.48,CASH_OUT,2637,1,0,0,15,0,0
719,103.17,TRANSFER,1108,1,0,0,8,0,0
720,140.2,DEBIT,46,6,0,0,2,0,1
721,201.91,TRANSFER,1388,1,0,0,6,0,0
722,26.84,CASH_OUT,2714,4,0,0,21,0,0
723,38.54,TRANSFER,2826,2,0,0,1,0,0
724,312.08,DEBIT,1626,5,0,0,20,2,0
725,176.07,PAYMENT,2010,3,1,0,5,0,0
726,123.47,PAYMENT,585,3,0,0,17,0,0
727,151.17,PAYMENT,1380,4,0,0,21,0,0
728,210.1,CASH_IN,1181,4,0,0,23,1,1
729,86.51,TRANSFER,288,0,0,0,9,0,0
730,68.15,PAYMENT,2790,6,0,0,13,0,1
731,180.52,TRANSFER,864,2,0,0,17,0,0
732,55.79,PAYMENT,1677,1,0,0,6,0,0
733,223.24,PAYMENT,896,3,0,1,3,0,0
734,27.04,PAYMENT,933,3,0,0,15,1,0
735,415.36,CASH_OUT,2487,2,0,0,13,1,0
736,238.08,CASH_OUT,917,3,0,0,6,0,0
737,191.72,CASH_IN,172,0,0,0,9,1,0
738,396.51,DEBIT,1954,2,0,1,18,0,0
739,784.84,TRANSFER,2474,1,0,0,9,0,0
740,409.27,CASH_OUT,1412,4,0,0,0,0,0
741,23.55,PAYMENT,2816,3,1,0,19,0,0
742,41.28,PAYMENT,2725,6,0,0,0,0,0
743,79.45,PAYMENT,2879,3,0,0,23,0,0
744,152.34,TRANSFER,2789,3,0,0,3,0,0
745,249.05,PAYMENT,1144,1,1,0,22,0,0
746,71.83,PAYMENT,1751,3,1,0,10,0,0
747,178.89,CASH_OUT,48,3,0,0,1,0,0
748,69.73,PAYMENT,1432,2,0,0,2,0,0
749,80.52,TRANSFER,674,1,0,0,23,0,0
750,36.36,TRANSFER,2861,6,0,0,2,0,0
751,58.95,PAYMENT,2446,2,0,0,5,0,0
752,38.41,PAYMENT,1734,2,0,0,6,0,0
753,55.93,PAYMENT,487,5,0,0,8,0,0
754,425.66,PAYMENT,2096,4,0,0,7,0,0
755,57.43,CASH_OUT,1306,3,0,0,8,0,0
756,2063.96,CASH_OUT,1246,2,0,0,14,0,1
757,243.06,PAYMENT,1710,3,0,0,4,0,0
758,178.54,PAYMENT,708,5,0,0,15,0,0
759,62.91,CASH_IN,1638,4,0,0,18,0,0
760,298.96,PAYMENT,2722,6,0,0,8,0,0
761,83.46,PAYMENT,1126,1,0,0,8,0,0
762,167.67,TRANSFER,656,1,0,1,23,0,1
763,1920.01,CASH_OUT,1320,2,1,0,2,0,1
764,134.82,TRANSFER,651,3,0,0,16,0,0
765,468.38,CASH_OUT,1221,2,0,0,10,0,0
766,73.47,PAYMENT,757,1,0,0,7,1,0
767,143.31,TRANSFER,2174,1,0,0,6,0,0
768,872.01,PAYMENT,929,3,0,0,15,0,0
769,79.28,CASH_OUT,1645,2,1,0,7,1,0
770,909.09,CASH_IN,2806,4,0,0,8,1,1
771,301.19,PAYMENT,727,3,0,0,21,0,0
772,84.57,PAYMENT,2014,3,0,0,8,0,0
773,279.33,PAYMENT,2960,0,0,0,16,0,0
774,392.51,PAYMENT,1632,4,0,0,11,1,0
775,276.39,PAYMENT,125,4,0,0,17,0,0
776,30.87,TRANSFER,2519,3,0,0,2,0,0
777,71.73,DEBIT,2528,4,0,0,14,0,0
778,115.87,PAYMENT,1956,3,0,0,18,0,0
779,137.77,PAYMENT,2311,1,0,0,7,0,0
780,276.07,PAYMENT,1728,1,1,0,8,0,0
781,177.27,PAYMENT,1210,7,0,0,0,2,0
782,39.04,PAYMENT,2053,2,1,0,23,2,0
783,217.07,CASH_OUT,822,6,0,1,4,0,0
784,273.3,PAYMENT,2105,4,0,0,6,1,0
785,259.77,DEBIT,952,6,0,0,12,0,0
786,437.37,TRANSFER,1511,2,0,0,8,0,0
787,341.7,TRANSFER,2921,3,0,0,20,1,1
788,234.9,PAYMENT,771,1,0,0,22,0,0
789,138.36,CASH_OUT,933,3,1,0,20,0,0
790,28.19,TRANSFER,2063,3,0,0,7,1,0
791,228.06,PAYMENT,1475,2,0,0,21,0,0
792,182.67,PAYMENT,404,1,0,0,1,0,0
793,194.72,DEBIT,2939,2,0,1,6,0,0
794,41.4,PAYMENT,1702,3,0,0,13,0,1
795,50.35,TRANSFER,653,5,0,0,11,0,0
796,425.45,PAYMENT,2376,3,1,0,20,0,0
797,142.66,PAYMENT,1078,2,1,0,16,0,0
798,293.39,PAYMENT,635,1,1,0,1,0,0
799,152.68,PAYMENT,2143,2,0,0,3,1,0
800,152.9,CASH_OUT,2606,6,0,0,2,0,1
801,379.28,TRANSFER,1674,4,1,0,23,0,1
802,88.58,CASH_OUT,1444,0,1,0,7,1,0
803,163.39,CASH_OUT,307,5,0,0,16,0,0
804,93.48,PAYMENT,2087,3,0,0,6,0,0
805,96.11,TRANSFER,1194,4,0,0,11,0,1
806,108.94,CASH_OUT,57,5,1,0,5,0,1
807,185.33,CASH_OUT,1240,0,0,0,19,0,0
808,91.95,CASH_OUT,2470,5,0,0,14,0,0
809,521.0,CASH_OUT,2797,2,0,0,22,2,0
810,60.67,PAYMENT,878,2,0,0,3,0,0
811,123.12,CASH_OUT,290,4,0,0,6,0,0
812,95.61,PAYMENT,67,0,0,0,8,0,0
813,630.79,TRANSFER,1119,4,1,0,3,1,0
814,180.65,PAYMENT,1528,2,0,0,19,1,1
815,416.48,CASH_IN,496,1,0,0,4,1,0
816,33.6,TRANSFER,2141,3,1,0,22,1,0
817,193.84,CASH_OUT,2824,6,0,0,2,0,1
818,361.27,CASH_OUT,1233,5,0,0,21,0,0
819,161.14,CASH_IN,2755,3,0,0,0,0,1
820,430.73,CASH_OUT,2922,1,1,0,10,0,0
821,88.47,PAYMENT,2042,2,0,0,22,1,0
822,607.5,CASH_IN,1840,2,0,0,20,2,1
823,1478.67,CASH_OUT,2176,3,0,0,13,0,0
824,103.25,CASH_OUT,333,3,0,0,17,3,0
825,95.06,DEBIT,1126,2,1,0,6,0,0
826,634.85,PAYMENT,976,2,0,0,16,0,0
827,720.23,PAYMENT,1196,7,0,0,5,1,0
828,87.98,TRANSFER,243,3,0,0,1,1,0
829,97.5,CASH_OUT,2382,3,1,0,13,0,0
830,111.97,TRANSFER,1467,6,0,0,4,0,0
831,38.69,CASH_OUT,1782,2,1,0,7,0,0
832,59.23,TRANSFER,374,5,0,0,12,0,0
833,54.37,CASH_OUT,773,3,0,0,16,0,0
834,68.87,CASH_IN,1651,4,0,0,18,0,0
835,143.35,PAYMENT,2571,4,0,0,4,0,0
836,187.58,CASH_OUT,1734,1,1,0,15,1,0
837,699.59,CASH_OUT,1952,0,0,0,21,0,1
838,54.69,TRANSFER,1178,6,0,0,9,0,0
839,397.15,PAYMENT,2918,3,0,0,22,0,0
840,119.82,PAYMENT,2485,1,1,0,21,1,0
841,141.25,CASH_OUT,1289,1,0,0,0,1,0
842,291.44,PAYMENT,686,3,0,0,23,0,0
843,48.29,PAYMENT,646,5,0,0,6,1,0
844,217.55,PAYMENT,2421,4,0,0,12,0,0
845,175.29,TRANSFER,805,3,0,0,17,0,1
846,242.85,CASH_OUT,1699,2,0,0,17,2,0
847,198.18,CASH_OUT,2141,1,0,0,17,0,0
848,1729.0,PAYMENT,2037,3,0,0,14,0,0
849,78.43,CASH_OUT,531,7,0,0,23,1,1
850,87.27,CASH_OUT,1689,2,0,0,18,0,0
851,79.59,PAYMENT,636,5,0,0,22,1,0
852,85.16,PAYMENT,459,3,0,0,9,0,0
853,78.46,CASH_IN,1034,1,0,0,12,0,0
854,487.37,CASH_OUT,1299,4,0,0,8,1,1
855,614.31,CASH_OUT,1642,1,0,0,6,0,0
856,83.87,PAYMENT,123,3,0,0,11,0,0
857,64.56,CASH_IN,2392,2,0,0,21,1,1
858,237.8,TRANSFER,2230,0,0,0,20,0,1
859,85.44,CASH_IN,1293,5,0,0,20,1,0
860,279.48,DEBIT,2217,2,0,0,5,0,0
861,181.8,DEBIT,1650,2,0,0,20,1,1
862,32.6,CASH_IN,245,6,0,0,6,0,0
863,697.5,PAYMENT,2871,4,0,0,15,0,0
864,894.15,CASH_IN,399,0,0,0,15,0,0
865,80.42,PAYMENT,1001,2,1,1,11,0,0
866,100.72,CASH_IN,2318,2,0,0,5,1,0
867,197.53,PAYMENT,1010,1,0,0,22,0,0
868,207.36,CASH_OUT,1588,1,0,0,2,0,0
869,286.73,PAYMENT,2398,11,0,0,13,0,0
870,1107.88,CASH_OUT,2122,3,1,0,14,0,0
871,124.34,PAYMENT,643,5,0,0,1,0,0
872,66.8,TRANSFER,313,3,0,0,12,0,0
873,37.36,CASH_IN,1950,5,0,0,23,0,1
874,71.46,CASH_OUT,2064,3,0,0,17,0,0
875,143.58,PAYMENT,1844,4,0,0,23,2,1
876,892.97,TRANSFER,1265,5,0,0,23,0,0
877,88.45,PAYMENT,701,4,0,0,14,0,1
878,185.64,CASH_OUT,2164,2,0,0,17,0,0
879,146.0,DEBIT,1512,4,0,0,0,1,0
880,487.06,CASH_OUT,2260,7,0,0,6,1,0
881,1857.4,PAYMENT,1381,3,0,0,21,0,0
882,87.28,PAYMENT,2376,3,0,1,0,0,1
883,90.97,DEBIT,2475,3,0,0,2,0,0
884,421.64,PAYMENT,43,1,0,0,13,0,0
885,293.5,TRANSFER,2177,1,1,0,16,0,0
886,940.78,TRANSFER,785,10,0,0,7,0,0
887,266.11,CASH_OUT,198,1,0,0,2,1,0
888,103.62,CASH_IN,2309,2,0,0,11,0,0
889,267.91,PAYMENT,1164,4,0,0,4,0,0
890,449.76,CASH_OUT,2691,3,0,0,3,0,0
891,337.13,TRANSFER,758,1,1,0,17,0,0
892,246.48,PAYMENT,269,2,0,0,5,0,0
893,431.24,PAYMENT,2317,3,0,0,10,0,0
894,477.85,TRANSFER,2810,6,0,0,5,0,0
895,591.2,PAYMENT,299,3,0,0,2,0,0
896,283.92,CASH_IN,2617,7,0,0,18,0,0
897,125.57,PAYMENT,1339,6,0,0,6,1,0
898,171.87,PAYMENT,2412,1,0,0,8,0,0
899,495.97,PAYMENT,1619,3,0,1,11,0,0
900,65.57,PAYMENT,472,4,0,0,20,1,0
901,214.58,TRANSFER,754,3,0,0,23,0,0
902,100.15,PAYMENT,937,4,0,0,22,0,0
903,152.74,CASH_OUT,1556,3,0,0,8,0,1
904,532.96,DEBIT,2447,3,0,0,8,0,0
905,179.67,CASH_OUT,1173,3,0,0,19,0,0
906,155.47,PAYMENT,104,3,0,0,14,0,0
907,38.1,DEBIT,2500,5,0,0,1,0,0
908,313.02,PAYMENT,99,4,0,0,11,0,0
909,283.01,TRANSFER,2912,4,0,0,23,3,1
910,1291.11,TRANSFER,774,4,1,1,4,0,1
911,109.1,PAYMENT,2348,2,0,0,9,0,0
912,184.78,CASH_IN,161,2,0,0,5,0,0
913,190.45,PAYMENT,1151,1,1,0,20,0,0
914,718.71,TRANSFER,131,3,0,0,3,0,0
915,134.92,PAYMENT,1220,7,0,0,11,2,0
916,196.18,CASH_OUT,1158,1,1,0,0,1,0
917,272.57,CASH_OUT,2019,5,0,0,18,0,1
918,178.86,PAYMENT,627,0,0,0,6,0,1
919,94.97,CASH_OUT,1602,1,0,0,6,0,0
920,180.2,CASH_OUT,1495,1,0,0,0,0,0
921,434.25,TRANSFER,701,5,0,0,0,0,0
922,53.17,CASH_OUT,664,7,0,0,6,0,0
923,169.52,TRANSFER,953,4,0,0,19,0,0
924,73.69,PAYMENT,2039,3,0,0,10,0,0
925,490.31,CASH_OUT,2929,2,0,0,21,0,0
926,32.36,TRANSFER,2497,3,0,1,6,1,0
927,84.87,TRANSFER,2338,2,0,0,10,1,0
928,216.42,CASH_IN,1487,2,0,0,20,1,0
929,710.18,PAYMENT,2493,2,0,0,14,0,0
930,138.97,PAYMENT,1408,2,0,0,1,0,0
931,85.18,PAYMENT,2778,1,0,0,8,0,0
932,973.75,PAYMENT,1438,3,0,1,19,0,1
933,34.88,PAYMENT,2620,3,0,0,17,0,0
934,16.46,DEBIT,1328,7,0,0,18,0,0
935,230.45,PAYMENT,1949,3,1,0,19,0,0
936,89.83,CASH_OUT,1741,5,0,0,10,1,0
937,53.45,PAYMENT,2893,4,0,0,12,0,1
938,301.38,CASH_OUT,78,5,0,0,6,0,0
939,189.39,DEBIT,473,5,0,0,16,1,0
940,84.43,PAYMENT,2962,6,1,0,19,1,1
941,41.25,CASH_IN,201,1,0,0,8,0,0
942,355.12,DEBIT,959,2,0,1,0,0,0
943,284.35,TRANSFER,1877,3,0,0,4,0,0
944,134.4,PAYMENT,35,3,1,0,9,0,0
945,940.71,CASH_OUT,1257,0,0,0,3,2,0
946,50.9,CASH_IN,2446,1,0,0,2,0,0
947,32.28,PAYMENT,2971,5,0,0,13,0,0
948,74.3,TRANSFER,751,3,0,0,0,0,0
949,141.8,PAYMENT,960,5,0,0,1,1,0
950,189.3,PAYMENT,2358,3,0,0,18,1,0
951,116.6,CASH_IN,1108,2,0,0,6,1,0
952,211.04,TRANSFER,1222,6,1,0,2,0,0
953,42.46,PAYMENT,2995,5,0,1,20,0,0
954,628.77,CASH_OUT,2505,0,0,0,8,0,0
955,136.71,PAYMENT,1565,2,0,0,11,0,0
956,453.64,PAYMENT,442,4,0,0,8,0,0
957,209.08,TRANSFER,868,0,1,0,0,0,1
958,234.34,TRANSFER,2125,3,0,0,18,0,0
959,262.37,PAYMENT,1056,1,1,1,3,0,0
960,232.23,PAYMENT,714,1,0,0,13,0,0
961,282.23,TRANSFER,2865,1,1,0,13,0,0
962,560.68,CASH_IN,2406,2,0,0,13,2,0
963,180.64,CASH_IN,2310,6,0,0,23,0,0
964,301.57,PAYMENT,1729,4,0,0,10,0,0
965,135.68,TRANSFER,89,1,0,0,14,0,0
966,626.48,CASH_IN,619,3,0,0,12,0,0
967,75.46,TRANSFER,2607,3,0,1,11,0,0
968,898.69,DEBIT,2064,6,1,0,10,0,0
969,142.57,DEBIT,1119,0,0,0,23,0,0
970,35.49,PAYMENT,1084,3,0,1,10,0,0
971,168.7,PAYMENT,1011,1,0,0,16,0,0
972,75.11,PAYMENT,1803,3,0,0,16,2,1
973,344.0,PAYMENT,806,2,0,0,14,0,0
974,77.28,DEBIT,177,6,0,0,2,0,0
975,94.99,DEBIT,76,3,1,0,10,0,0
976,22.43,PAYMENT,1297,2,0,0,2,0,0
977,94.41,TRANSFER,1531,4,0,0,10,0,0
978,13.15,TRANSFER,1648,6,0,0,21,2,0
979,30.45,PAYMENT,2433,2,0,0,19,0,0
980,317.48,CASH_OUT,2731,2,0,0,20,0,0
981,325.64,DEBIT,1694,2,0,0,17,1,0
982,227.12,PAYMENT,2530,3,0,0,20,1,0
983,56.43,PAYMENT,2599,5,0,0,14,1,0
984,141.5,PAYMENT,2254,4,0,0,14,0,0
985,147.88,PAYMENT,2052,0,0,0,8,0,0
986,46.6,PAYMENT,239,1,0,1,21,0,0
987,667.41,TRANSFER,216,5,0,0,13,0,0
988,356.87,TRANSFER,1078,1,0,0,17,0,0
989,118.99,CASH_OUT,1217,3,0,0,19,0,0
990,152.46,PAYMENT,64,4,0,0,12,1,0
991,182.8,PAYMENT,2073,1,0,0,9,0,0
992,19.26,CASH_IN,1306,2,0,0,7,1,0
993,115.91,CASH_IN,504,4,0,0,14,0,0
994,75.04,PAYMENT,788,5,0,0,0,0,0
995,54.51,PAYMENT,499,2,0,1,12,1,0
996,112.04,CASH_IN,2984,4,0,0,20,0,0
997,895.77,PAYMENT,2599,1,0,1,1,0,0
998,281.7,PAYMENT,293,2,0,0,23,0,1
999,83.83,TRANSFER,1158,3,0,0,15,0,0
1000,263.11,PAYMENT,796,3,0,0,19,0,0
1001,601.46,PAYMENT,436,1,0,0,11,0,0
1002,374.14,TRANSFER,2723,3,1,0,1,0,1
1003,157.53,CASH_OUT,1259,2,0,0,20,0,0
1004,77.72,CASH_IN,2713,3,0,0,22,0,0
1005,298.34,DEBIT,1269,6,0,0,1,1,0
1006,219.97,PAYMENT,2141,4,0,0,0,0,0
1007,363.29,PAYMENT,2891,4,1,0,21,0,0
1008,280.11,CASH_OUT,901,5,0,0,16,0,1
1009,423.92,TRANSFER,67,2,0,0,13,1,1
1010,86.9,PAYMENT,789,3,0,1,19,0,0
1011,554.13,PAYMENT,694,1,0,0,20,0,0
1012,180.84,PAYMENT,2051,2,0,0,20,0,0
1013,1182.35,TRANSFER,251,4,0,0,16,1,0
1014,74.5,PAYMENT,1395,4,0,0,4,0,0
1015,842.15,DEBIT,799,6,0,0,10,0,0
1016,180.89,PAYMENT,502,4,0,0,11,0,0
1017,77.37,DEBIT,2434,4,0,0,3,1,1
1018,91.48,CASH_IN,608,2,0,0,22,0,0
1019,107.73,TRANSFER,264,2,1,0,16,1,0
1020,226.82,CASH_OUT,2679,2,0,0,22,1,0
1021,250.34,CASH_OUT,2171,3,0,1,21,1,0
1022,83.62,PAYMENT,2938,7,0,0,6,1,0
1023,144.84,PAYMENT,2916,3,0,0,11,1,0
1024,1264.3,TRANSFER,2266,3,1,0,9,0,1
1025,835.09,CASH_OUT,678,4,0,0,5,0,0
1026,229.6,TRANSFER,1738,2,0,0,18,0,0
1027,154.16,TRANSFER,45,1,0,0,22,0,0
1028,167.34,TRANSFER,1428,2,0,0,19,0,0
1029,274.11,TRANSFER,393,6,1,0,10,0,0
1030,53.37,TRANSFER,773,1,0,0,9,1,1
1031,114.73,TRANSFER,2487,1,0,0,3,0,0
1032,27.98,CASH_IN,2251,0,0,0,3,0,0
1033,221.23,CASH_OUT,2263,3,0,0,8,0,0
1034,283.5,CASH_OUT,499,1,1,0,12,1,1
1035,91.54,TRANSFER,1433,4,0,0,11,0,0
1036,716.22,CASH_OUT,341,2,0,1,3,0,0
1037,43.56,TRANSFER,2877,2,0,0,13,1,0
1038,34.32,PAYMENT,564,2,0,0,7,0,0
1039,185.76,DEBIT,2606,5,0,0,12,0,1
1040,422.88,PAYMENT,2199,3,0,0,9,0,0
1041,799.45,PAYMENT,257,5,0,0,17,0,0
1042,93.8,PAYMENT,1018,4,0,1,11,0,0
1043,436.45,PAYMENT,1461,1,0,0,0,1,0
1044,142.81,CASH_OUT,1228,3,0,0,23,0,0
1045,124.88,TRANSFER,1960,0,0,0,23,2,0
1046,359.12,CASH_IN,2630,2,0,0,15,0,0
1047,284.95,PAYMENT,44,4,0,0,5,0,0
1048,30.68,PAYMENT,243,2,0,0,7,2,1
1049,649.72,PAYMENT,632,2,0,0,20,0,0
1050,589.98,CASH_OUT,81,5,1,0,19,0,0
1051,79.4,CASH_IN,959,3,0,0,7,0,0
1052,220.48,TRANSFER,86,2,0,0,5,0,1
1053,243.24,PAYMENT,1342,0,0,0,9,0,0
1054,192.61,DEBIT,2485,4,1,1,20,0,0
1055,85.6,PAYMENT,561,2,1,0,22,0,0
1056,75.82,TRANSFER,1666,7,0,1,3,0,0
1057,144.67,TRANSFER,2434,4,0,0,22,1,0
1058,479.49,PAYMENT,729,3,0,0,19,0,0
1059,255.6,PAYMENT,1086,2,0,0,10,0,1
1060,102.45,PAYMENT,1596,1,1,0,11,0,0
1061,321.08,CASH_IN,703,3,0,0,19,0,0
1062,8.6,CASH_OUT,2951,5,0,0,5,0,1
1063,468.14,CASH_IN,1339,1,0,0,5,0,0
1064,26.06,TRANSFER,546,6,0,0,23,0,0
1065,103.29,TRANSFER,710,1,1,0,12,0,1
1066,48.44,CASH_OUT,1738,0,0,0,5,1,1
1067,40.66,DEBIT,756,6,0,0,12,1,0
1068,473.82,PAYMENT,2194,4,0,0,18,2,0
1069,92.97,PAYMENT,2844,2,1,0,13,1,1
1070,209.87,CASH_OUT,298,5,1,0,21,0,0
1071,141.61,DEBIT,2073,3,0,0,16,0,0
1072,239.14,DEBIT,1817,3,0,0,4,0,0
1073,160.26,CASH_OUT,747,2,1,0,5,1,0
1074,41.14,PAYMENT,750,1,0,0,19,0,0
1075,401.93,PAYMENT,2217,3,0,0,4,0,0
1076,90.58,DEBIT,173,4,0,0,17,1,0
1077,31.29,TRANSFER,2299,4,0,0,5,0,1
1078,96.73,PAYMENT,810,6,0,0,4,0,1
1079,665.65,DEBIT,921,1,0,0,14,0,0
1080,347.31,PAYMENT,2665,2,1,0,5,0,0
1081,104.73,CASH_OUT,659,2,0,0,7,0,0
1082,104.66,CASH_OUT,1663,6,1,0,9,0,0
1083,107.59,PAYMENT,464,3,1,0,13,0,0
1084,1184.11,PAYMENT,1598,4,1,1,16,0,1
1085,217.44,PAYMENT,2460,3,0,0,14,0,0
1086,228.16,CASH_OUT,2511,3,0,0,13,0,0
1087,415.83,TRANSFER,1659,5,0,0,23,1,0
1088,188.44,PAYMENT,1503,2,0,0,20,0,0
1089,114.54,DEBIT,509,4,0,0,19,0,0
1090,121.95,PAYMENT,1196,3,0,0,21,1,0
1091,138.16,PAYMENT,2099,4,0,0,13,1,0
1092,142.99,PAYMENT,590,2,0,0,4,0,0
1093,307.24,PAYMENT,2725,3,0,0,8,0,0
1094,156.33,DEBIT,1445,0,0,0,0,0,0
1095,308.78,PAYMENT,2689,5,0,0,12,0,0
1096,136.9,TRANSFER,2545,3,0,0,11,0,0
1097,160.55,CASH_IN,2789,3,0,0,0,2,0
1098,20.12,CASH_OUT,2923,2,0,1,15,0,0
1099,371.05,PAYMENT,2033,1,0,1,13,0,1
1100,209.87,CASH_IN,150,6,0,0,9,0,0
1101,402.63,CASH_OUT,2816,2,0,1,21,0,0
1102,8.2,PAYMENT,1491,5,0,0,7,0,0
1103,1197.96,CASH_OUT,780,5,0,1,4,0,1
1104,129.08,DEBIT,818,1,0,0,13,0,0
1105,449.52,TRANSFER,1154,7,0,0,23,0,0
1106,52.46,CASH_OUT,924,4,0,0,19,0,0
1107,273.9,DEBIT,1036,3,0,0,6,0,0
1108,51.76,CASH_OUT,216,6,0,0,15,0,0
1109,79.54,PAYMENT,1212,5,0,0,20,0,0
1110,1006.3,PAYMENT,547,3,0,0,13,0,1
1111,122.65,TRANSFER,2759,2,0,0,17,0,0
1112,184.46,PAYMENT,1233,1,0,0,0,0,1
1113,354.27,DEBIT,1977,3,0,0,1,1,0
1114,243.64,TRANSFER,1030,1,0,0,19,0,1
1115,172.5,TRANSFER,669,2,0,0,0,0,0
1116,213.78,CASH_OUT,1861,2,1,0,17,1,1
1117,1641.58,TRANSFER,759,2,1,0,15,0,0
1118,140.1,PAYMENT,682,2,0,1,17,0,0
1119,181.47,PAYMENT,462,0,0,1,11,0,0
1120,424.39,TRANSFER,2721,3,0,0,4,0,0
1121,448.33,CASH_IN,2840,7,0,0,13,0,0
1122,486.4,CASH_OUT,2967,1,0,0,21,0,0
1123,281.11,PAYMENT,130,8,0,0,15,0,0
1124,47.32,PAYMENT,2397,3,0,0,16,0,0
1125,760.09,CASH_IN,1151,5,0,0,4,1,1
1126,47.17,DEBIT,877,0,0,0,0,0,0
1127,200.87,PAYMENT,2356,7,0,0,14,0,0
1128,69.81,CASH_OUT,2775,4,0,0,10,1,1
1129,139.19,TRANSFER,1908,4,0,1,15,0,0
1130,206.18,TRANSFER,1196,3,0,0,23,0,0
1131,204.66,CASH_IN,1914,2,0,0,23,0,0
1132,226.31,PAYMENT,2433,3,0,0,20,0,0
1133,745.24,TRANSFER,2972,1,0,0,23,0,0
1134,233.58,PAYMENT,1644,2,0,0,0,0,0
1135,116.26,PAYMENT,2946,5,0,0,7,0,1
1136,389.2,CASH_OUT,459,2,0,1,9,0,0
1137,487.59,PAYMENT,1092,2,0,0,13,0,0
1138,43.48,TRANSFER,2502,5,0,0,17,0,0
1139,269.72,PAYMENT,1401,0,0,0,3,0,0
1140,299.22,CASH_OUT,458,3,0,0,3,0,0
1141,110.22,PAYMENT,1339,1,1,0,15,0,0
1142,587.4,CASH_OUT,484,2,0,0,22,0,0
1143,127.73,CASH_OUT,1377,2,1,0,12,0,0
1144,168.27,DEBIT,548,2,1,0,19,0,0
1145,124.83,DEBIT,1868,2,0,1,5,0,0
1146,150.74,PAYMENT,1356,2,0,0,10,0,0
1147,49.59,PAYMENT,239,1,0,0,12,0,0
1148,35.16,CASH_OUT,620,4,0,0,0,1,1
1149,731.07,CASH_OUT,923,3,0,0,13,0,0
1150,63.63,PAYMENT,896,1,0,0,12,0,0
1151,55.07,PAYMENT,2521,3,0,0,16,0,0
1152,17.23,TRANSFER,205,0,0,1,16,0,0
1153,78.34,DEBIT,790,1,0,0,8,0,0
1154,39.52,DEBIT,246,2,0,0,1,0,0
1155,766.64,PAYMENT,1459,2,0,0,9,1,0
1156,407.41,PAYMENT,2940,2,0,0,12,0,0
1157,74.58,PAYMENT,1460,3,0,0,10,0,0
1158,1411.54,TRANSFER,633,1,0,0,9,0,0
1159,396.14,CASH_OUT,1482,2,0,0,6,0,0
1160,107.25,CASH_OUT,1772,6,1,0,10,0,0
1161,12.19,TRANSFER,849,4,0,0,18,0,0
1162,1466.95,PAYMENT,1764,4,0,0,15,0,0
1163,36.98,PAYMENT,1091,3,0,0,4,0,0
1164,28.63,DEBIT,2501,3,1,0,20,0,0
1165,412.64,PAYMENT,2958,3,0,0,6,0,0
1166,1702.33,PAYMENT,2985,4,0,0,23,0,0
1167,592.45,CASH_OUT,2656,2,0,0,11,0,1
1168,260.84,CASH_OUT,214,5,0,0,18,0,0
1169,269.01,DEBIT,2352,3,1,0,13,1,1
1170,348.42,PAYMENT,631,3,1,0,14,2,0
1171,317.01,TRANSFER,1339,6,0,0,0,0,0
1172,196.6,TRANSFER,1401,2,0,0,0,0,0
1173,164.71,DEBIT,2796,4,0,0,22,0,0
1174,139.41,CASH_OUT,559,3,0,0,5,0,0
1175,69.83,CASH_IN,1042,0,0,0,21,0,0
1176,112.09,PAYMENT,2833,3,0,0,6,0,0
1177,27.3,CASH_OUT,1884,4,0,0,17,0,0
1178,134.51,TRANSFER,36,2,1,1,13,0,1
1179,55.22,PAYMENT,217,2,0,0,20,0,0
1180,49.23,PAYMENT,1653,4,1,0,2,0,1
1181,177.66,CASH_OUT,1169,4,0,0,6,0,0
1182,597.05,PAYMENT,2576,1,0,1,17,1,0
1183,371.79,CASH_IN,92,4,0,1,15,1,1
1184,30.86,CASH_OUT,470,4,0,0,14,0,0
1185,55.17,PAYMENT,1397,2,0,0,1,0,0
1186,380.23,CASH_OUT,616,1,0,0,10,0,0
1187,55.56,PAYMENT,408,5,0,0,19,1,0
1188,118.55,TRANSFER,2372,3,1,0,4,0,1
1189,257.25,CASH_OUT,1736,5,1,0,3,0,1
1190,56.35,CASH_IN,1285,3,0,0,6,0,0
1191,164.91,TRANSFER,2517,1,1,0,10,0,0
1192,39.09,CASH_IN,2471,2,0,0,3,0,0
1193,81.34,CASH_OUT,766,1,0,0,0,0,0
1194,204.34,TRANSFER,903,3,1,0,13,1,0
1195,30.17,TRANSFER,733,3,0,0,15,1,0
1196,230.55,CASH_OUT,128,7,0,0,22,0,0
1197,145.53,PAYMENT,2960,1,0,0,4,0,0
1198,257.88,CASH_IN,2489,3,0,0,1,0,0
1199,185.66,CASH_OUT,443,2,1,0,3,0,0
1200,580.65,PAYMENT,343,1,1,0,11,0,0
1201,168.21,DEBIT,2403,2,0,0,15,0,1
1202,96.6,PAYMENT,2206,2,0,0,8,0,0
1203,167.72,DEBIT,1815,4,0,0,11,0,0
1204,255.52,PAYMENT,1462,4,0,0,11,0,0
1205,155.84,CASH_OUT,452,3,0,1,11,0,0
1206,154.56,TRANSFER,2728,4,1,0,11,1,1
1207,73.55,CASH_OUT,259,4,1,0,3,0,0
1208,76.49,PAYMENT,1624,1,0,0,12,0,0
1209,36.5,PAYMENT,706,1,1,0,0,0,0
1210,853.7,PAYMENT,745,3,0,0,11,1,1
1211,42.78,CASH_IN,1978,3,0,0,3,0,0
1212,74.22,PAYMENT,2687,4,0,1,4,0,0
1213,72.36,CASH_OUT,367,2,1,0,2,1,0
1214,363.19,CASH_IN,275,4,0,0,2,0,1
1215,110.5,DEBIT,587,4,0,0,23,1,0
1216,516.84,PAYMENT,233,6,0,0,19,0,0
1217,75.68,CASH_IN,2982,3,0,0,17,1,0
1218,196.17,PAYMENT,1246,3,0,0,2,0,0
1219,64.37,CASH_OUT,1607,3,0,0,21,0,0
1220,1267.94,CASH_OUT,703,3,0,0,21,0,0
1221,45.26,PAYMENT,765,4,0,0,18,0,0
1222,202.31,PAYMENT,2361,1,0,1,12,0,0
1223,279.72,TRANSFER,2295,4,0,0,4,0,0
1224,224.48,TRANSFER,1665,4,0,1,19,1,0
1225,123.31,DEBIT,602,4,0,0,19,1,0
1226,130.34,PAYMENT,211,2,0,0,6,0,0
1227,155.06,DEBIT,1624,4,0,1,6,0,1
1228,128.12,TRANSFER,1003,1,0,0,6,0,0
1229,389.12,DEBIT,970,1,0,0,6,0,0
1230,1353.6,CASH_OUT,1276,3,0,0,14,0,0
1231,84.99,CASH_IN,237,6,0,0,7,0,0
1232,37.72,PAYMENT,2500,6,1,0,20,0,0
1233,135.87,TRANSFER,1223,2,0,0,5,0,0
1234,1958.06,PAYMENT,168,0,0,0,19,0,0
1235,66.44,PAYMENT,2280,3,1,0,8,1,1
1236,764.42,CASH_OUT,283,2,0,0,9,0,1
1237,794.49,CASH_OUT,1219,2,0,0,8,1,0
1238,85.32,PAYMENT,598,3,0,0,16,0,1
1239,262.17,TRANSFER,1688,5,0,0,7,0,0
1240,756.27,TRANSFER,455,2,0,0,15,0,0
1241,101.58,PAYMENT,1190,2,0,0,0,0,0
1242,121.08,TRANSFER,1459,2,0,0,2,0,0
1243,82.96,CASH_OUT,963,2,0,0,7,0,0
1244,53.8,PAYMENT,998,4,0,0,6,1,0
1245,77.53,CASH_OUT,791,4,1,0,9,0,0
1246,43.64,TRANSFER,598,4,0,0,19,0,0
1247,153.56,CASH_IN,2656,3,0,0,11,0,0
1248,68.72,PAYMENT,260,2,0,0,5,1,0
1249,187.5,CASH_IN,1024,0,0,0,21,0,0
1250,31.32,PAYMENT,2363,1,0,0,10,0,0
1251,206.62,TRANSFER,1686,2,0,0,21,1,1
1252,341.56,PAYMENT,2999,3,0,1,16,0,1
1253,20.21,CASH_IN,2131,2,0,0,7,0,0
1254,215.74,CASH_OUT,1853,4,0,0,6,0,0
1255,506.57,PAYMENT,819,6,0,1,17,1,0
1256,44.27,PAYMENT,1445,5,0,0,4,0,0
1257,790.43,PAYMENT,1930,1,0,0,2,0,0
1258,225.66,PAYMENT,2655,2,0,0,4,0,1
1259,73.33,CASH_OUT,1323,4,0,0,4,0,0
1260,140.36,CASH_OUT,2466,1,0,0,18,0,0
1261,259.39,DEBIT,1066,2,0,0,12,0,0
1262,160.13,DEBIT,372,2,0,0,3,1,0
1263,254.36,CASH_OUT,1642,1,0,0,11,0,0
1264,59.11,PAYMENT,368,8,0,0,3,0,0
1265,175.8,PAYMENT,2101,0,0,0,11,0,0
1266,36.1,TRANSFER,2027,2,0,1,9,1,0
1267,132.79,TRANSFER,1975,3,0,1,22,0,0
1268,60.1,CASH_OUT,615,2,0,0,10,0,0
1269,71.13,DEBIT,1539,3,0,0,18,0,0
1270,510.86,CASH_IN,451,4,0,0,19,0,0
1271,442.0,PAYMENT,1343,1,1,0,20,0,0
1272,272.91,PAYMENT,1343,1,1,0,23,0,1
1273,49.78,CASH_IN,1072,3,0,0,13,0,0
1274,108.16,CASH_IN,1681,4,0,0,7,0,0
1275,499.25,PAYMENT,2455,3,0,0,18,1,0
1276,171.01,CASH_OUT,1207,1,1,0,12,1,0
1277,1509.19,CASH_OUT,1768,5,0,0,19,1,1
1278,219.93,TRANSFER,1696,2,0,0,8,0,0
1279,179.84,PAYMENT,157,2,0,0,6,0,0
1280,108.95,CASH_IN,462,1,0,0,12,0,0
1281,169.62,CASH_OUT,2854,1,0,0,0,0,1
1282,127.43,PAYMENT,2891,4,0,1,13,1,0
1283,301.3,CASH_OUT,2015,5,0,0,12,0,0
1284,386.33,CASH_OUT,544,3,1,0,1,0,1
1285,67.63,CASH_IN,1395,4,1,1,5,1,1
1286,39.2,PAYMENT,531,1,0,0,9,0,0
1287,23.66,DEBIT,1018,1,0,0,11,1,0
1288,246.66,PAYMENT,446,6,0,0,15,0,0
1289,49.24,CASH_OUT,129,7,0,0,8,0,0
1290,17.24,CASH_OUT,1447,2,0,0,7,0,0
1291,218.89,TRANSFER,908,10,0,0,9,0,0
1292,1795.43,TRANSFER,1106,7,0,1,18,0,0
1293,147.51,CASH_IN,2505,2,0,0,3,0,0
1294,343.26,CASH_OUT,2755,3,0,0,1,0,0
1295,161.07,TRANSFER,2226,1,0,0,6,0,0
1296,134.44,PAYMENT,2044,1,0,0,7,0,0
1297,372.07,PAYMENT,2752,2,1,0,12,1,0
1298,111.02,PAYMENT,480,5,0,0,14,0,0
1299,193.91,DEBIT,1648,4,0,0,8,0,1
1300,204.73,CASH_OUT,563,3,0,0,0,0,0
1301,76.09,DEBIT,2609,0,0,0,16,0,0
1302,400.23,PAYMENT,2945,2,1,0,7,0,0
1303,124.59,CASH_OUT,752,2,1,0,5,0,1
1304,69.7,PAYMENT,1419,4,0,0,2,0,0
1305,253.79,CASH_OUT,1377,3,0,1,17,0,0
1306,60.43,PAYMENT,893,5,0,0,6,0,0
1307,152.66,PAYMENT,1573,5,0,0,14,0,0
1308,147.07,TRANSFER,848,6,0,0,10,1,1
1309,439.61,PAYMENT,1719,4,0,0,11,0,0
1310,238.58,CASH_OUT,1616,1,1,0,16,0,0
1311,144.74,CASH_OUT,2323,3,1,0,17,0,0
1312,336.22,CASH_OUT,1502,9,0,0,4,0,1
1313,595.98,DEBIT,2231,2,0,1,14,1,1
1314,259.25,PAYMENT,275,3,0,0,17,0,0
1315,149.96,TRANSFER,844,1,0,0,8,0,0
1316,39.97,CASH_IN,422,4,0,0,16,0,0
1317,51.16,TRANSFER,192,2,0,0,7,0,0
1318,109.37,PAYMENT,495,5,0,0,5,0,0
1319,80.68,CASH_IN,541,2,1,0,11,1,0
1320,123.1,PAYMENT,1200,2,1,0,22,0,1
1321,157.06,PAYMENT,1997,9,0,0,14,1,1
1322,252.07,PAYMENT,877,2,0,0,6,0,0
1323,138.31,PAYMENT,2592,6,0,0,8,0,1
1324,241.41,PAYMENT,2223,2,0,0,23,0,0
1325,158.3,PAYMENT,2373,5,0,1,17,0,0
1326,20.58,TRANSFER,2884,1,0,1,22,0,0
1327,58.01,PAYMENT,2391,3,0,0,0,0,0
1328,128.5,PAYMENT,2646,3,0,1,5,0,0
1329,44.27,CASH_OUT,2357,2,0,0,15,1,0
1330,270.41,PAYMENT,2554,4,0,1,14,1,0
1331,685.91,PAYMENT,1172,3,0,0,18,0,0
1332,502.08,TRANSFER,2611,5,0,0,16,0,0
1333,119.89,PAYMENT,503,5,1,0,0,0,0
1334,659.0,PAYMENT,2289,6,0,0,12,0,0
1335,172.2,TRANSFER,757,1,0,0,7,0,1
1336,105.94,CASH_OUT,617,3,0,0,6,0,0
1337,80.37,CASH_OUT,1519,3,0,0,1,0,0
1338,109.68,DEBIT,1219,0,0,0,1,0,1
1339,100.67,TRANSFER,509,1,0,0,20,0,0
1340,175.99,TRANSFER,1436,1,0,0,8,0,0
1341,174.26,PAYMENT,90,1,0,0,21,1,1
1342,148.87,CASH_OUT,1870,2,0,0,14,1,0
1343,229.74,PAYMENT,1332,2,1,0,20,1,1
1344,488.16,TRANSFER,2849,3,0,0,1,0,0
1345,383.58,TRANSFER,617,3,0,0,12,1,0
1346,33.62,CASH_OUT,238,1,0,0,5,0,0
1347,11.54,DEBIT,66,4,0,0,0,0,0
1348,377.78,DEBIT,2682,0,0,0,6,0,0
1349,37.83,PAYMENT,1187,4,1,0,17,0,1
1350,118.54,PAYMENT,2489,2,0,0,14,0,0
1351,46.06,CASH_IN,2725,2,0,0,11,0,0
1352,24.48,TRANSFER,764,0,1,0,4,0,1
1353,255.05,TRANSFER,2989,5,0,0,6,0,0
1354,317.08,CASH_OUT,1450,3,0,0,16,1,1
1355,83.39,CASH_OUT,1556,4,0,0,18,0,0
1356,11.12,DEBIT,536,2,0,0,14,0,1
1357,85.95,TRANSFER,1644,2,0,0,2,0,0
1358,219.6,TRANSFER,1297,1,0,0,13,0,0
1359,33.82,TRANSFER,859,5,0,0,9,0,1
1360,178.28,CASH_IN,1002,4,1,0,20,0,0
1361,146.16,CASH_OUT,1420,3,0,0,2,0,0
1362,264.88,CASH_OUT,479,3,1,1,8,0,1
1363,167.27,DEBIT,149,4,0,0,21,2,0
1364,56.09,CASH_OUT,663,3,0,0,10,0,0
1365,491.06,PAYMENT,241,3,0,0,10,0,0
1366,126.66,CASH_OUT,2361,6,0,0,0,0,1
1367,144.42,CASH_OUT,2354,4,0,0,23,0,0
1368,58.37,PAYMENT,1094,6,0,0,5,1,0
1369,95.27,TRANSFER,1476,4,0,0,4,0,0
1370,61.26,CASH_OUT,1562,4,0,0,6,0,0
1371,124.84,TRANSFER,2983,2,0,0,12,0,0
1372,821.97,CASH_OUT,2620,4,0,0,16,0,0
1373,37.64,TRANSFER,1863,3,0,0,23,0,0
1374,29.56,DEBIT,2538,1,0,0,17,0,0
1375,646.24,PAYMENT,2530,2,0,0,8,1,0
1376,120.38,PAYMENT,1683,2,0,1,16,0,0
1377,76.01,TRANSFER,2437,8,0,0,13,0,0
1378,419.85,TRANSFER,1096,1,0,0,16,2,0
1379,80.99,PAYMENT,1281,5,0,0,3,0,0
1380,921.51,PAYMENT,675,4,0,0,20,0,0
1381,292.34,CASH_OUT,1386,2,0,0,11,0,0
1382,91.11,PAYMENT,2746,1,0,0,7,0,0
1383,1283.45,CASH_OUT,2283,6,0,0,19,0,0
1384,80.99,CASH_OUT,2166,1,0,0,18,0,0
1385,311.72,CASH_OUT,965,4,0,0,16,0,0
1386,200.2,PAYMENT,1152,1,0,0,2,0,0
1387,545.52,TRANSFER,1090,2,0,0,1,0,0
1388,707.34,TRANSFER,2451,5,0,0,4,0,0
1389,153.24,CASH_IN,1539,2,0,0,5,0,0
1390,69.87,CASH_IN,1967,2,1,1,18,0,0
1391,235.09,PAYMENT,2469,3,0,0,13,0,0
1392,75.36,PAYMENT,740,5,0,0,10,0,0
1393,1111.41,PAYMENT,1023,7,0,0,9,0,0
1394,170.13,PAYMENT,1409,6,0,0,20,0,0
1395,102.99,TRANSFER,84,4,0,0,3,0,0
1396,178.52,CASH_OUT,1670,0,0,0,23,0,0
1397,38.59,PAYMENT,2832,4,0,1,5,0,0
1398,56.17,CASH_OUT,2663,2,0,0,22,0,1
1399,492.95,DEBIT,2391,5,0,0,17,0,0
1400,76.95,CASH_OUT,1786,5,0,0,17,0,0
1401,52.1,PAYMENT,2093,2,0,0,12,0,0
1402,253.83,TRANSFER,1462,1,0,0,7,0,0
1403,485.75,TRANSFER,2106,3,0,0,20,1,0
1404,304.59,CASH_IN,805,2,0,0,1,0,1
1405,401.84,PAYMENT,2033,1,0,0,11,0,0
1406,69.63,TRANSFER,385,0,0,0,14,2,1
1407,35.81,TRANSFER,2772,4,0,0,17,0,0
1408,666.03,TRANSFER,593,1,0,0,12,0,0
1409,107.48,CASH_OUT,2588,3,0,0,20,1,0
1410,115.49,PAYMENT,2424,3,0,0,3,0,0
1411,560.14,TRANSFER,2922,7,0,0,11,0,0
1412,258.85,PAYMENT,951,3,0,0,11,1,1
1413,234.13,PAYMENT,1556,3,0,0,3,0,0
1414,1293.36,CASH_OUT,54,4,0,0,18,1,1
1415,77.98,PAYMENT,121,3,1,0,6,0,0
1416,375.34,PAYMENT,2406,3,0,0,15,0,0
1417,157.12,CASH_OUT,1942,3,0,0,19,1,0
1418,194.14,CASH_OUT,1591,3,0,0,18,0,0
1419,684.35,PAYMENT,631,2,0,0,20,0,0
1420,246.62,TRANSFER,1740,1,0,1,11,0,0
1421,254.24,PAYMENT,371,1,1,0,8,0,0
1422,433.77,PAYMENT,2974,1,0,0,21,0,0
1423,103.03,TRANSFER,1501,1,0,0,21,0,0
1424,64.12,PAYMENT,2473,2,0,0,21,0,0
1425,52.21,DEBIT,571,6,0,0,5,0,0
1426,20.77,PAYMENT,2603,5,0,0,21,0,0
1427,1160.04,CASH_OUT,1460,3,0,0,23,2,1
1428,49.24,CASH_IN,1183,7,1,0,8,0,0
1429,118.96,DEBIT,1776,4,1,0,23,0,0
1430,112.53,TRANSFER,1202,4,0,1,7,0,0
1431,201.83,CASH_IN,2058,2,0,0,19,0,0
1432,335.54,DEBIT,1329,4,0,0,13,0,0
1433,350.89,PAYMENT,438,5,0,0,20,0,0
1434,82.84,TRANSFER,912,2,0,0,17,1,1
1435,125.57,PAYMENT,1689,3,0,0,17,0,0
1436,196.88,CASH_OUT,100,4,0,0,1,0,0
1437,115.74,TRANSFER,1252,2,0,0,19,0,0
1438,740.51,PAYMENT,574,6,0,0,5,0,0
1439,242.49,CASH_OUT,848,4,0,0,0,0,0
1440,309.48,PAYMENT,631,3,0,1,19,0,0
1441,287.98,CASH_IN,1518,3,1,0,5,0,0
1442,479.85,PAYMENT,2021,2,0,0,18,0,0
1443,177.86,CASH_OUT,914,2,0,0,5,0,0
1444,40.58,PAYMENT,2924,3,0,0,9,0,0
1445,221.34,PAYMENT,1841,4,0,0,22,0,0
1446,77.37,CASH_OUT,2864,3,0,1,13,1,1
1447,87.48,PAYMENT,1764,5,0,0,3,0,0
1448,266.76,TRANSFER,981,0,0,0,16,1,1
1449,511.98,DEBIT,1621,7,0,1,6,0,0
1450,151.6,PAYMENT,1802,0,0,0,4,0,0
1451,202.11,CASH_IN,30,6,0,0,0,3,1
1452,814.21,PAYMENT,1220,3,0,0,16,0,0
1453,188.81,PAYMENT,578,3,0,0,23,0,0
1454,2001.56,PAYMENT,1839,1,0,0,16,0,0
1455,261.26,DEBIT,997,4,1,0,14,0,1
1456,25.51,PAYMENT,2668,5,0,0,0,0,0
1457,315.24,CASH_IN,1295,4,0,0,13,1,0
1458,217.27,DEBIT,2211,2,0,0,6,0,0
1459,539.02,PAYMENT,898,4,0,1,21,0,0
1460,290.96,CASH_OUT,1832,4,0,0,8,0,0
1461,129.22,CASH_OUT,2807,2,0,0,1,0,0
1462,43.63,PAYMENT,1125,5,1,0,22,0,1
1463,120.42,PAYMENT,550,2,0,0,23,1,0
1464,63.4,TRANSFER,938,8,0,0,18,0,0
1465,83.05,CASH_OUT,1952,2,0,0,18,0,0
1466,267.36,CASH_OUT,2016,1,0,0,9,0,0
1467,788.32,PAYMENT,1760,5,0,1,4,1,1
1468,220.23,PAYMENT,1867,5,0,0,20,0,0
1469,44.89,DEBIT,2873,2,0,0,13,1,0
1470,231.51,PAYMENT,530,4,0,0,5,0,0
1471,491.09,CASH_OUT,2055,5,0,0,1,0,0
1472,80.66,PAYMENT,1852,2,0,0,1,0,1
1473,129.8,CASH_IN,1361,2,0,0,18,0,0
1474,150.61,DEBIT,280,2,0,0,16,3,1
1475,67.7,PAYMENT,2982,4,0,0,1,0,0
1476,283.8,PAYMENT,1656,2,1,0,12,0,0
1477,131.51,TRANSFER,1257,3,1,0,2,0,1
1478,225.77,PAYMENT,2085,1,1,0,9,0,0
1479,61.1,TRANSFER,2185,2,0,0,20,0,0
1480,95.83,CASH_OUT,1798,3,0,0,15,0,0
1481,305.63,PAYMENT,1907,6,0,0,4,0,1
1482,102.22,PAYMENT,2894,3,1,0,20,0,0
1483,834.61,CASH_OUT,2600,3,0,0,20,0,0
1484,99.52,CASH_OUT,1426,3,0,0,10,0,0
1485,185.8,PAYMENT,415,2,0,0,21,0,0
1486,377.13,CASH_OUT,1978,2,0,0,14,0,0
1487,35.93,CASH_OUT,212,6,0,0,9,0,0
1488,25.51,TRANSFER,2999,6,0,1,19,0,1
1489,32.28,PAYMENT,1232,3,0,0,3,0,0
1490,524.57,PAYMENT,1044,3,0,0,2,0,0
1491,85.47,CASH_IN,1657,4,0,0,20,0,1
1492,1916.39,CASH_IN,1921,4,0,0,3,0,0
1493,84.42,CASH_OUT,1065,5,0,0,11,0,1
1494,178.49,PAYMENT,1303,2,0,0,10,0,1
1495,693.75,TRANSFER,2275,1,0,0,17,0,0
1496,1103.34,CASH_IN,1501,4,0,0,7,0,0
1497,1166.2,PAYMENT,66,1,0,0,20,0,0
1498,496.89,PAYMENT,2970,3,1,0,21,0,0
1499,413.25,TRANSFER,450,3,1,0,13,1,1
1500,268.41,CASH_IN,2242,5,1,0,20,0,1
1501,323.23,PAYMENT,149,2,0,0,17,0,1
1502,85.53,TRANSFER,773,4,0,0,1,0,0
1503,65.48,CASH_OUT,2449,3,0,1,1,1,0
1504,147.91,CASH_OUT,2310,2,1,0,6,1,1
1505,125.19,CASH_OUT,1483,4,0,0,1,1,0
1506,94.33,CASH_OUT,2364,3,0,0,2,1,1
1507,297.79,PAYMENT,767,2,0,0,14,0,0
1508,385.79,PAYMENT,1448,1,0,0,14,0,0
1509,162.13,CASH_OUT,1473,0,0,0,4,1,1
1510,650.36,PAYMENT,481,0,1,0,13,1,0
1511,47.39,CASH_OUT,2734,4,0,0,10,1,0
1512,122.28,CASH_OUT,2071,2,0,1,18,0,0
1513,72.47,PAYMENT,1815,1,1,0,0,0,0
1514,22.95,TRANSFER,1325,2,0,0,16,0,0
1515,136.64,TRANSFER,1339,1,0,0,8,0,0
1516,131.4,PAYMENT,1092,7,0,0,14,0,0
1517,674.15,TRANSFER,1609,3,0,0,8,0,0
1518,278.89,DEBIT,994,1,0,0,16,0,0
1519,53.29,TRANSFER,1541,2,1,0,5,1,0
1520,947.75,CASH_OUT,401,1,0,0,2,2,0
1521,503.22,PAYMENT,2626,6,0,0,7,2,0
1522,265.63,PAYMENT,1032,2,0,0,23,0,0
1523,118.33,PAYMENT,1309,8,0,0,4,1,0
1524,56.86,CASH_OUT,2553,0,0,0,9,0,1
1525,102.29,PAYMENT,2288,1,0,0,21,2,0
1526,440.87,PAYMENT,434,1,1,0,0,0,1
1527,977.1,CASH_OUT,2681,1,0,0,12,1,1
1528,694.54,PAYMENT,1584,3,0,0,8,0,0
1529,91.03,PAYMENT,2689,2,0,0,2,0,0
1530,48.44,TRANSFER,1448,5,0,0,18,1,0
1531,170.87,PAYMENT,610,2,0,0,18,1,0
1532,25.32,TRANSFER,2102,3,0,0,12,0,0
1533,205.03,PAYMENT,656,2,0,1,2,1,1
1534,128.05,PAYMENT,1851,6,0,1,11,0,0
1535,93.13,CASH_IN,1326,6,0,0,12,1,1
1536,30.12,CASH_IN,370,4,0,0,13,0,0
1537,248.04,CASH_IN,241,7,0,0,11,0,0
1538,87.12,CASH_IN,2991,1,0,0,5,0,0
1539,46.07,TRANSFER,1676,4,0,0,13,0,0
1540,8.4,CASH_OUT,2029,5,1,0,22,2,0
1541,144.39,TRANSFER,2665,2,1,0,2,1,1
1542,873.28,CASH_OUT,2373,3,0,0,6,0,0
1543,781.53,TRANSFER,1443,2,0,0,1,0,0
1544,93.96,PAYMENT,1039,4,0,0,14,0,0
1545,81.27,CASH_IN,2504,0,0,0,12,0,0
1546,237.17,CASH_OUT,942,5,0,0,18,0,0
1547,54.69,CASH_IN,1932,2,0,0,15,0,0
1548,200.7,PAYMENT,84,1,0,0,13,0,1
1549,319.28,PAYMENT,1657,1,1,0,3,1,1
1550,506.2,PAYMENT,2842,2,0,0,12,0,0
1551,134.27,TRANSFER,910,1,0,0,9,0,0
1552,121.06,PAYMENT,2003,6,0,0,14,0,0
1553,61.68,PAYMENT,2032,4,0,0,19,1,0
1554,64.92,PAYMENT,1829,2,0,0,15,1,0
1555,118.34,PAYMENT,2914,3,0,0,3,0,0
1556,214.3,CASH_OUT,1352,4,1,0,19,1,1
1557,370.03,CASH_IN,1663,2,0,1,1,0,0
1558,66.47,PAYMENT,2639,3,0,0,8,0,0
1559,660.3,TRANSFER,754,2,0,0,20,0,0
1560,113.17,PAYMENT,2081,2,0,0,1,1,1
1561,145.28,PAYMENT,2441,3,0,0,2,0,0
1562,70.3,CASH_OUT,1345,3,1,0,21,0,1
1563,13.14,CASH_OUT,1442,3,0,0,1,0,0
1564,359.26,CASH_IN,782,2,0,0,7,1,0
1565,310.08,TRANSFER,1584,1,0,0,6,1,0
1566,112.02,CASH_IN,455,4,0,1,19,0,0
1567,158.7,PAYMENT,428,0,0,0,12,0,0
1568,248.62,PAYMENT,333,5,0,0,16,1,0
1569,31.11,PAYMENT,2917,5,0,0,13,0,0
1570,87.44,CASH_OUT,1766,0,1,0,0,0,1
1571,328.41,PAYMENT,133,2,0,0,19,1,0
1572,42.34,PAYMENT,393,2,0,0,12,0,0
1573,199.05,CASH_OUT,1135,2,0,1,3,0,0
1574,38.22,PAYMENT,1884,3,0,0,11,1,0
1575,236.61,PAYMENT,596,2,1,0,6,0,0
1576,143.22,PAYMENT,2877,4,0,0,14,0,0
1577,29.51,PAYMENT,1801,4,0,0,7,0,0
1578,475.68,CASH_OUT,2753,1,0,0,17,0,1
1579,71.19,TRANSFER,1138,3,0,0,19,0,0
1580,66.01,PAYMENT,1272,3,1,0,5,0,0
1581,181.38,PAYMENT,2445,2,0,0,12,0,1
1582,468.08,CASH_IN,1927,5,0,0,7,0,0
1583,53.74,TRANSFER,754,3,0,0,7,0,0
1584,157.86,CASH_OUT,744,4,0,0,14,1,0
1585,227.88,TRANSFER,2902,3,1,0,7,1,1
1586,296.81,PAYMENT,1865,3,0,0,15,1,0
1587,177.05,DEBIT,1295,6,0,0,3,1,0
1588,102.82,TRANSFER,1232,0,0,0,15,0,0
1589,64.87,PAYMENT,2018,4,0,0,21,0,0
1590,161.76,TRANSFER,121,4,0,0,3,1,0
1591,50.8,PAYMENT,1553,0,0,0,1,0,0
1592,7.99,PAYMENT,1703,1,0,1,23,1,1
1593,229.65,DEBIT,1559,1,0,1,9,0,0
1594,366.48,CASH_IN,653,3,0,0,22,0,0
1595,13.97,PAYMENT,198,2,0,0,0,0,0
1596,54.07,PAYMENT,2464,3,0,0,20,0,0
1597,275.66,CASH_OUT,2178,0,0,0,11,1,0
1598,1161.53,PAYMENT,1349,4,0,0,1,0,0
1599,151.53,TRANSFER,2270,8,0,0,11,1,0
1600,71.66,CASH_OUT,1514,7,0,1,21,0,0
1601,123.61,CASH_OUT,899,3,0,0,10,0,1
1602,586.91,CASH_OUT,2796,4,0,0,4,1,0
1603,77.79,CASH_OUT,1509,2,1,0,0,1,1
1604,66.74,DEBIT,1004,3,1,0,7,1,0
1605,91.58,PAYMENT,2305,2,0,0,4,1,1
1606,57.21,CASH_IN,390,2,0,0,21,0,0
1607,167.78,PAYMENT,72,8,0,0,7,0,1
1608,753.46,PAYMENT,2258,3,0,0,22,1,0
1609,205.01,PAYMENT,2588,0,0,0,6,0,0
1610,115.31,CASH_OUT,2539,5,0,0,4,1,0
1611,110.85,PAYMENT,1912,2,0,0,5,0,0
1612,31.09,CASH_IN,2363,2,0,0,16,0,0
1613,358.92,CASH_OUT,1350,3,1,0,6,0,0
1614,137.3,PAYMENT,1609,9,0,0,3,0,0
1615,123.91,CASH_OUT,1938,2,0,0,6,0,1
1616,3615.94,CASH_IN,1814,3,0,0,11,0,0
1617,200.09,CASH_OUT,1955,5,0,1,15,0,0
1618,69.98,PAYMENT,1945,1,0,0,21,0,0
1619,96.9,CASH_IN,286,3,0,0,9,1,0
1620,467.99,CASH_OUT,1270,3,1,0,11,0,0
1621,166.21,PAYMENT,2599,3,0,0,18,0,0
1622,35.22,PAYMENT,779,2,0,0,17,1,0
1623,372.12,TRANSFER,686,2,0,0,15,2,0
1624,76.09,CASH_IN,2397,6,0,0,23,0,0
1625,966.13,PAYMENT,763,4,0,0,14,1,0
1626,437.05,PAYMENT,2488,1,0,0,3,0,0
1627,94.89,CASH_IN,2536,4,0,0,4,1,1
1628,534.33,PAYMENT,2416,6,0,0,22,0,0
1629,158.83,DEBIT,257,4,1,0,11,1,1
1630,348.2,PAYMENT,1289,2,1,0,14,0,0
1631,240.98,TRANSFER,2443,2,0,0,3,0,1
1632,63.67,PAYMENT,2511,4,1,0,9,0,0
1633,77.98,DEBIT,2935,2,0,0,0,0,0
1634,415.7,CASH_OUT,2526,5,0,0,15,1,1
1635,106.19,DEBIT,2584,4,0,0,14,0,0
1636,99.12,CASH_OUT,2139,4,0,0,11,0,0
1637,57.1,PAYMENT,216,3,0,0,4,0,0
1638,226.69,PAYMENT,1590,1,0,0,21,1,0
1639,1167.39,TRANSFER,2969,2,0,0,1,0,0
1640,51.03,CASH_OUT,1558,4,0,0,18,0,0
1641,152.05,DEBIT,880,3,0,0,19,0,0
1642,609.25,PAYMENT,2685,4,0,0,19,0,0
1643,137.05,CASH_OUT,1374,1,0,0,15,1,0
1644,233.31,DEBIT,1246,5,0,0,20,1,0
1645,51.3,PAYMENT,2331,0,0,0,14,0,0
1646,227.76,CASH_IN,608,5,0,0,10,0,1
1647,123.08,TRANSFER,343,2,1,0,8,0,0
1648,397.71,CASH_OUT,460,2,0,0,18,0,0
1649,486.57,PAYMENT,1409,2,0,0,9,0,0
1650,1977.45,PAYMENT,1445,2,0,0,14,0,0
1651,264.97,PAYMENT,2299,2,0,1,23,0,0
1652,205.57,DEBIT,2395,1,0,0,21,0,0
1653,180.26,CASH_IN,2837,3,0,0,14,0,0
1654,104.25,PAYMENT,1727,5,0,1,7,0,0
1655,208.2,DEBIT,1829,3,1,0,7,0,0
1656,110.45,CASH_OUT,1272,4,0,0,17,0,0
1657,175.64,CASH_IN,2843,0,1,0,5,0,0
1658,554.24,PAYMENT,2032,2,0,0,18,1,0
1659,54.24,PAYMENT,2804,5,0,0,7,0,0
1660,464.0,CASH_OUT,1645,1,0,0,12,0,0
1661,553.97,PAYMENT,2149,1,0,0,23,0,0
1662,131.89,TRANSFER,1628,3,0,1,17,1,1
1663,17.78,TRANSFER,1019,0,0,0,16,0,0
1664,80.82,PAYMENT,485,4,0,1,10,1,0
1665,542.94,PAYMENT,1316,5,0,1,10,1,1
1666,145.06,DEBIT,1522,1,0,0,20,0,0
1667,54.64,PAYMENT,639,3,1,1,22,2,0
1668,89.59,PAYMENT,2674,3,0,1,16,0,0
1669,343.99,TRANSFER,2914,3,0,0,3,0,0
1670,256.4,CASH_OUT,1871,5,0,0,23,0,0
1671,116.87,CASH_OUT,968,1,0,0,12,0,0
1672,102.84,CASH_OUT,2967,5,0,0,8,1,0
1673,100.31,PAYMENT,2862,6,0,0,20,0,0
1674,59.0,PAYMENT,1714,3,0,0,20,0,0
1675,746.49,CASH_OUT,2595,4,0,0,13,0,1
1676,107.52,DEBIT,1674,4,0,0,22,0,0
1677,501.28,CASH_OUT,1252,4,1,0,16,0,0
1678,679.47,PAYMENT,2920,4,0,0,11,0,0
1679,402.75,PAYMENT,2115,3,0,0,23,1,0
1680,96.39,PAYMENT,2396,2,0,1,22,0,0
1681,222.23,CASH_OUT,2717,2,0,0,17,0,0
1682,144.87,PAYMENT,169,4,1,0,10,1,1
1683,60.12,PAYMENT,2995,3,0,0,16,0,0
1684,205.28,TRANSFER,1824,3,0,0,10,0,0
1685,45.65,TRANSFER,1712,2,0,0,7,1,0
1686,486.72,TRANSFER,456,7,0,0,0,1,1
1687,93.26,TRANSFER,2932,3,0,0,16,1,0
1688,181.48,CASH_OUT,2047,7,0,0,21,0,0
1689,197.02,PAYMENT,1248,2,0,0,6,0,0
1690,114.56,TRANSFER,244,1,0,0,10,0,0
1691,266.85,PAYMENT,1942,4,0,1,22,0,0
1692,92.3,PAYMENT,2722,1,0,0,9,1,0
1693,354.71,CASH_OUT,570,3,0,0,7,0,0
1694,38.63,TRANSFER,2953,5,0,0,7,0,0
1695,168.41,CASH_OUT,2466,2,0,0,17,0,0
1696,1031.66,TRANSFER,1482,6,0,0,17,1,0
1697,54.58,CASH_IN,1747,1,1,0,23,1,0
1698,75.36,TRANSFER,2229,3,0,0,12,0,0
1699,248.12,TRANSFER,1458,3,0,0,6,0,0
1700,177.61,CASH_OUT,1341,2,0,0,9,0,0
1701,210.74,PAYMENT,776,0,0,0,3,0,0
1702,242.06,PAYMENT,2210,4,0,0,0,0,0
1703,279.98,CASH_OUT,2819,4,0,0,19,0,0
1704,450.2,PAYMENT,2669,3,1,0,1,0,0
1705,223.59,TRANSFER,2944,7,0,0,22,0,0
1706,116.6,TRANSFER,783,1,0,0,17,1,0
1707,290.78,DEBIT,2421,5,1,0,14,1,1
1708,992.16,CASH_IN,513,1,0,0,2,0,0
1709,129.98,PAYMENT,417,3,0,0,22,0,0
1710,56.01,TRANSFER,1818,3,0,0,11,0,0
1711,449.03,PAYMENT,574,6,0,0,5,0,0
1712,131.58,PAYMENT,2936,3,0,0,17,1,0
1713,16.9,CASH_OUT,2995,6,0,0,0,0,1
1714,346.34,PAYMENT,2776,5,0,1,10,0,0
1715,86.89,PAYMENT,610,1,0,0,12,0,0
1716,135.57,DEBIT,1191,1,0,0,1,0,0
1717,206.85,CASH_IN,160,2,0,0,0,0,0
1718,179.56,CASH_OUT,1688,1,0,0,0,0,0
1719,301.71,CASH_IN,395,6,0,0,4,0,1
1720,96.02,CASH_OUT,450,5,0,0,4,1,0
1721,247.92,PAYMENT,453,6,0,1,23,0,0
1722,114.49,TRANSFER,1838,1,0,0,5,0,0
1723,310.69,TRANSFER,1808,2,0,0,0,0,0
1724,274.61,PAYMENT,2239,0,0,0,17,0,0
1725,58.24,CASH_IN,124,2,0,0,17,0,0
1726,439.65,TRANSFER,1215,3,0,1,20,1,0
1727,86.84,PAYMENT,864,5,0,0,3,0,0
1728,332.97,PAYMENT,1849,3,0,0,9,0,0
1729,214.28,PAYMENT,1169,5,0,0,18,0,0
1730,932.79,CASH_IN,2298,2,0,1,23,1,0
1731,118.69,CASH_OUT,492,4,0,0,9,1,1
1732,104.66,TRANSFER,960,2,0,0,22,0,0
1733,145.56,TRANSFER,710,4,1,0,15,0,0
1734,109.6,CASH_OUT,1383,1,0,0,20,1,0
1735,330.28,CASH_OUT,686,1,0,0,14,0,0
1736,29.48,TRANSFER,2363,2,0,1,15,0,1
1737,51.74,DEBIT,1235,3,0,0,3,0,0
1738,51.02,DEBIT,2897,3,0,0,5,1,0
1739,383.87,DEBIT,485,3,0,0,15,0,0
1740,821.07,CASH_OUT,948,6,1,0,18,1,1
1741,133.69,DEBIT,304,2,0,0,9,0,0
1742,125.36,TRANSFER,2114,4,0,0,8,0,0
1743,159.18,CASH_IN,2520,3,0,0,23,0,1
1744,474.32,DEBIT,904,1,0,0,19,1,1
1745,58.71,DEBIT,97,2,0,0,6,0,0
1746,188.36,CASH_IN,1463,2,0,0,16,1,0
1747,393.55,TRANSFER,2060,0,0,0,2,0,0
1748,244.96,PAYMENT,389,0,0,1,23,0,0
1749,179.39,PAYMENT,2794,6,0,0,20,0,0
1750,403.85,CASH_OUT,977,2,0,0,19,0,0
1751,9.94,PAYMENT,2559,3,0,0,1,0,0
1752,292.33,TRANSFER,2366,1,0,0,13,0,0
1753,77.16,TRANSFER,1931,7,0,0,15,0,0
1754,23.79,CASH_OUT,2167,3,0,0,12,2,1
1755,247.45,DEBIT,2289,2,0,0,7,0,0
1756,586.2,CASH_OUT,604,2,0,0,3,0,1
1757,129.35,CASH_OUT,1125,3,0,0,13,1,0
1758,384.86,TRANSFER,2925,4,0,0,12,0,0
1759,744.18,CASH_IN,2018,2,0,0,21,0,0
1760,552.75,PAYMENT,319,4,0,0,22,0,0
1761,765.07,PAYMENT,2444,3,0,0,2,0,0
1762,311.73,DEBIT,2104,4,1,0,5,0,0
1763,160.04,CASH_OUT,2497,5,1,0,7,0,0
1764,29.91,CASH_OUT,2977,2,0,0,4,0,0
1765,116.04,TRANSFER,1415,3,1,0,20,0,0
1766,63.86,PAYMENT,1618,2,0,0,23,0,0
1767,1301.07,TRANSFER,1807,3,0,0,19,1,0
1768,124.48,PAYMENT,1508,2,0,0,22,0,1
1769,167.87,TRANSFER,834,3,0,0,13,0,0
1770,257.62,TRANSFER,641,4,0,0,11,0,0
1771,155.03,TRANSFER,501,8,0,1,8,0,0
1772,808.4,CASH_OUT,1999,1,0,0,17,0,0
1773,79.63,DEBIT,398,3,0,0,6,0,0
1774,180.3,CASH_OUT,439,3,0,1,17,0,0
1775,70.64,CASH_IN,1655,3,0,0,22,0,0
1776,39.65,TRANSFER,190,2,0,0,10,0,0
1777,80.5,CASH_OUT,1766,6,0,0,5,0,0
1778,143.02,PAYMENT,2755,1,0,0,21,0,0
1779,96.61,PAYMENT,1787,3,0,0,10,0,0
1780,74.26,TRANSFER,42,5,0,0,12,0,0
1781,36.37,PAYMENT,2016,5,0,0,6,0,0
1782,136.58,CASH_OUT,1908,3,1,0,16,0,0
1783,32.96,TRANSFER,2165,3,0,0,11,0,0
1784,317.37,CASH_IN,468,3,0,0,8,1,0
1785,161.17,DEBIT,450,4,0,0,0,0,0
1786,34.55,PAYMENT,1705,2,0,0,15,1,0
1787,108.94,PAYMENT,1329,1,0,1,9,1,0
1788,69.95,CASH_OUT,1060,6,0,0,23,1,0
1789,204.22,PAYMENT,529,3,0,0,3,0,1
1790,567.05,PAYMENT,275,5,1,0,2,0,0
1791,22.76,CASH_IN,375,4,0,0,3,1,0
1792,166.51,DEBIT,1805,3,0,0,12,1,0
1793,126.45,CASH_OUT,509,3,1,0,19,1,1
1794,290.42,TRANSFER,1147,2,0,0,8,0,1
1795,183.68,TRANSFER,2975,2,0,1,21,0,0
1796,69.97,TRANSFER,1363,2,0,0,6,0,0
1797,107.87,TRANSFER,2597,2,0,0,15,0,0
1798,66.95,TRANSFER,1982,2,0,0,15,0,0
1799,435.29,PAYMENT,2507,3,1,0,20,0,0
1800,151.61,DEBIT,199,5,0,0,1,0,1
1801,993.46,CASH_OUT,148,3,1,0,6,1,1
1802,139.68,CASH_OUT,787,2,1,0,5,1,1
1803,73.08,DEBIT,1787,5,0,0,8,0,0
1804,32.66,PAYMENT,2140,4,0,0,2,0,0
1805,24.46,PAYMENT,138,5,0,0,22,1,0
1806,30.44,CASH_IN,775,7,0,0,7,0,0
1807,193.86,DEBIT,1546,3,0,0,9,1,1
1808,246.84,TRANSFER,2794,2,0,0,13,0,0
1809,30.53,PAYMENT,1653,2,0,0,5,0,0
1810,363.23,CASH_OUT,446,4,0,0,18,0,0
1811,91.55,PAYMENT,1378,3,0,0,14,0,0
1812,171.88,TRANSFER,2969,2,0,0,11,0,1
1813,744.13,PAYMENT,739,3,0,0,1,1,0
1814,363.89,DEBIT,647,9,0,0,20,2,1
1815,113.46,TRANSFER,281,1,0,0,8,0,0
1816,60.87,CASH_IN,767,5,0,0,18,4,0
1817,17.26,PAYMENT,1466,7,0,0,23,0,0
1818,72.3,PAYMENT,2581,4,0,0,16,0,0
1819,120.17,DEBIT,2231,1,0,0,23,0,0
1820,55.3,PAYMENT,2301,2,0,0,3,1,0
1821,130.16,TRANSFER,627,3,0,0,4,1,0
1822,160.27,PAYMENT,1606,9,0,0,1,0,0
1823,118.53,CASH_OUT,2923,2,0,0,15,1,1
1824,77.48,PAYMENT,1471,1,1,0,11,1,0
1825,175.68,TRANSFER,1538,1,0,0,9,0,0
1826,230.89,CASH_OUT,713,1,0,1,20,0,0
1827,49.88,TRANSFER,1950,1,0,0,16,0,0
1828,608.46,PAYMENT,1725,7,0,0,7,2,0
1829,134.48,CASH_OUT,2237,2,0,0,2,0,0
1830,151.24,TRANSFER,1104,2,0,0,4,1,0
1831,301.33,PAYMENT,1683,3,1,0,7,0,1
1832,187.39,CASH_OUT,2249,2,0,0,12,2,0
1833,384.96,DEBIT,2409,5,1,0,4,0,1
1834,197.77,PAYMENT,1649,2,0,0,16,0,0
1835,80.44,TRANSFER,1905,3,1,1,13,0,0
1836,213.05,CASH_OUT,2143,2,0,0,21,0,0
1837,47.29,PAYMENT,2043,2,0,0,3,0,0
1838,165.43,PAYMENT,300,4,0,0,13,0,0
1839,143.56,TRANSFER,1114,2,0,0,11,0,1
1840,120.53,CASH_OUT,2766,2,1,0,23,0,0
1841,130.51,PAYMENT,1919,8,0,0,18,0,0
1842,22.6,CASH_IN,658,4,1,0,15,0,0
1843,85.74,CASH_OUT,1189,4,0,0,14,0,0
1844,162.85,PAYMENT,1031,4,0,0,8,0,0
1845,174.14,TRANSFER,2336,2,0,0,7,0,0
1846,53.11,DEBIT,1309,6,1,0,4,0,1
1847,526.21,PAYMENT,2408,1,0,0,3,0,1
1848,62.42,TRANSFER,2860,5,1,0,12,0,0
1849,391.29,CASH_OUT,1597,2,0,0,10,1,0
1850,227.51,PAYMENT,1307,0,0,0,8,1,0
1851,77.77,PAYMENT,2067,1,0,0,18,1,0
1852,875.95,PAYMENT,2344,4,0,0,8,1,0
1853,44.99,PAYMENT,1952,2,0,0,15,0,0
1854,372.1,PAYMENT,823,2,0,0,19,0,0
1855,403.66,CASH_IN,1060,4,1,0,0,0,0
1856,75.9,DEBIT,889,1,0,1,7,0,0
1857,597.33,PAYMENT,468,2,0,0,21,0,0
1858,115.58,TRANSFER,580,4,0,0,0,0,0
1859,198.08,PAYMENT,2081,2,1,1,15,0,0
1860,192.54,PAYMENT,1595,3,0,0,12,1,0
1861,129.76,PAYMENT,707,3,0,0,0,0,0
1862,333.89,PAYMENT,2384,4,0,0,22,0,0
1863,328.16,DEBIT,491,3,1,0,23,1,1
1864,25.83,PAYMENT,1601,3,0,0,21,0,0
1865,546.94,TRANSFER,1552,2,0,0,4,0,0
1866,28.15,PAYMENT,1264,3,0,0,3,0,1
1867,416.77,PAYMENT,1166,4,0,0,21,0,0
1868,457.92,CASH_IN,146,3,0,0,12,1,0
1869,49.85,PAYMENT,1369,3,0,0,21,0,0
1870,98.41,DEBIT,592,2,0,0,2,0,0
1871,49.12,PAYMENT,1486,4,0,1,10,0,0
1872,119.71,CASH_OUT,2278,4,0,0,0,2,1
1873,109.07,DEBIT,153,5,0,1,7,0,0
1874,323.65,PAYMENT,185,3,0,0,1,1,1
1875,550.21,TRANSFER,438,4,0,1,7,1,1
1876,599.25,CASH_OUT,495,2,0,0,22,0,0
1877,84.59,PAYMENT,783,0,0,0,2,2,0
1878,120.4,CASH_OUT,1217,2,0,1,18,0,0
1879,27.57,PAYMENT,801,3,0,1,14,0,0
1880,66.3,PAYMENT,1330,2,0,0,2,1,0
1881,389.5,PAYMENT,2914,3,0,0,9,0,0
1882,746.64,DEBIT,1033,8,0,0,17,0,0
1883,43.19,PAYMENT,2827,4,0,0,15,2,0
1884,82.07,PAYMENT,423,1,0,0,11,0,0
1885,144.55,TRANSFER,2127,3,0,0,5,0,0
1886,196.4,PAYMENT,2802,5,1,1,20,0,0
1887,66.05,TRANSFER,1831,4,0,0,15,0,0
1888,226.8,PAYMENT,173,8,0,0,16,0,0
1889,92.4,CASH_OUT,195,1,0,0,3,2,0
1890,146.28,CASH_OUT,1073,2,0,0,21,0,0
1891,256.28,PAYMENT,2700,3,0,0,19,0,0
1892,149.37,PAYMENT,98,4,0,0,11,0,0
1893,95.93,TRANSFER,2531,2,1,0,19,2,0
1894,133.01,CASH_OUT,54,3,0,0,10,0,0
1895,135.86,PAYMENT,2387,3,0,0,14,0,0
1896,102.51,PAYMENT,41,2,1,0,14,0,0
1897,114.57,PAYMENT,606,3,0,0,11,0,0
1898,734.1,CASH_OUT,2771,1,0,0,7,0,0
1899,260.06,DEBIT,263,0,0,0,18,0,0
1900,110.45,PAYMENT,2912,2,0,0,13,0,0
1901,297.96,PAYMENT,946,2,0,0,16,0,0
1902,106.29,PAYMENT,1751,5,1,0,14,1,1
1903,479.68,PAYMENT,620,2,1,0,3,0,0
1904,214.79,TRANSFER,1697,6,0,0,3,0,1
1905,133.31,DEBIT,1328,1,0,0,4,0,0
1906,232.23,PAYMENT,2926,3,1,0,2,0,0
1907,30.85,CASH_OUT,1876,4,0,0,3,0,0
1908,48.1,PAYMENT,1882,3,0,0,6,1,0
1909,44.97,CASH_IN,1765,2,0,0,3,0,0
1910,171.22,TRANSFER,642,0,0,0,10,0,0
1911,839.26,PAYMENT,181,3,1,1,13,0,0
1912,1382.02,DEBIT,2293,2,0,0,23,1,1
1913,280.91,PAYMENT,688,3,0,0,4,0,0
1914,244.9,TRANSFER,339,2,0,0,8,0,0
1915,24.51,CASH_IN,178,1,1,0,23,0,1
1916,86.26,PAYMENT,2414,3,0,0,9,0,0
1917,67.51,TRANSFER,1532,2,0,0,16,1,0
1918,79.77,CASH_IN,2584,2,0,0,15,1,0
1919,125.44,DEBIT,1234,5,0,0,12,1,0
1920,92.56,CASH_OUT,2511,4,0,0,5,1,0
1921,20.51,PAYMENT,1849,3,0,0,3,0,0
1922,313.53,CASH_OUT,2281,4,0,0,7,0,0
1923,50.77,CASH_OUT,493,2,0,0,9,1,0
1924,188.53,CASH_OUT,1003,3,0,0,18,0,0
1925,1180.96,CASH_IN,356,2,0,0,15,0,1
1926,59.18,PAYMENT,178,0,1,0,16,0,0
1927,11.82,PAYMENT,1330,0,0,0,21,0,0
1928,111.5,CASH_OUT,64,4,0,1,9,0,1
1929,446.29,DEBIT,1931,1,0,0,14,0,0
1930,1051.89,TRANSFER,30,2,0,0,2,1,1
1931,43.4,DEBIT,2545,1,0,0,7,0,0
1932,243.89,DEBIT,2681,3,1,0,2,0,0
1933,93.19,DEBIT,2543,3,1,0,5,0,0
1934,133.49,DEBIT,2528,2,0,0,11,0,0
1935,2088.8,CASH_IN,2680,6,0,0,6,0,0
1936,33.02,CASH_IN,2147,5,0,1,12,0,0
1937,191.28,CASH_OUT,1697,2,0,0,14,1,1
1938,236.91,PAYMENT,2334,5,1,0,22,1,0
1939,439.57,PAYMENT,1970,2,0,0,11,1,1
1940,163.69,PAYMENT,2944,5,1,0,19,0,0
1941,201.96,PAYMENT,1050,7,0,0,23,0,0
1942,100.32,PAYMENT,121,5,0,0,15,0,0
1943,194.25,DEBIT,623,4,0,0,23,0,0
1944,105.3,CASH_OUT,2449,3,0,0,23,0,0
1945,276.32,PAYMENT,2970,3,1,0,0,1,1
1946,102.55,CASH_OUT,2176,2,0,0,16,0,0
1947,216.39,TRANSFER,2587,1,0,0,22,1,0
1948,144.13,PAYMENT,1618,3,1,0,6,0,0
1949,457.63,CASH_IN,1906,3,0,0,22,0,0
1950,140.98,PAYMENT,1015,3,0,0,0,0,0
1951,25.2,CASH_OUT,998,1,0,0,6,1,0
1952,524.23,PAYMENT,991,2,0,0,14,0,0
1953,60.0,TRANSFER,2016,1,1,0,2,0,0
1954,77.19,CASH_IN,275,1,0,1,0,0,1
1955,81.81,PAYMENT,2878,2,0,0,16,1,1
1956,586.66,DEBIT,308,4,0,0,10,0,0
1957,17.54,PAYMENT,2851,3,0,0,11,0,0
1958,3421.21,TRANSFER,882,4,1,0,7,1,1
1959,426.69,DEBIT,460,7,0,0,13,0,0
1960,185.53,DEBIT,2519,4,0,0,0,1,0
1961,140.49,PAYMENT,1314,3,0,0,12,0,0
1962,197.46,PAYMENT,1308,2,0,0,20,1,0
1963,249.92,CASH_OUT,2342,5,0,0,16,0,0
1964,282.93,PAYMENT,2592,3,0,0,22,0,0
1965,258.68,TRANSFER,2522,1,0,0,9,0,1
1966,162.32,CASH_OUT,2300,2,0,0,16,0,0
1967,121.83,TRANSFER,2839,2,0,0,2,1,0
1968,127.58,PAYMENT,2269,1,1,0,23,0,0
1969,122.13,TRANSFER,2635,5,0,0,2,1,0
1970,461.17,DEBIT,836,1,0,0,22,0,0
1971,268.69,CASH_OUT,298,2,0,0,10,2,0
1972,7.84,CASH_OUT,2728,1,0,0,5,1,0
1973,285.97,PAYMENT,2118,2,0,0,14,1,1
1974,180.32,PAYMENT,1228,2,1,0,20,2,0
1975,145.66,PAYMENT,462,0,0,0,20,0,0
1976,100.63,TRANSFER,832,4,0,0,19,0,0
1977,456.74,PAYMENT,2068,3,1,0,15,1,0
1978,382.81,TRANSFER,960,8,0,0,9,0,0
1979,68.52,CASH_OUT,2400,6,0,1,20,0,0
1980,222.97,CASH_OUT,929,4,0,1,6,1,1
1981,56.17,PAYMENT,1333,2,1,0,7,0,0
1982,37.35,CASH_OUT,1147,5,0,0,13,0,0
1983,79.3,CASH_OUT,2941,4,0,0,5,1,0
1984,351.56,PAYMENT,2958,3,0,0,12,2,0
1985,384.95,PAYMENT,2417,4,1,0,22,1,1
1986,247.91,CASH_OUT,2497,3,1,0,19,0,0
1987,306.46,PAYMENT,1258,1,0,1,15,0,0
1988,248.68,PAYMENT,597,4,1,0,21,0,0
1989,78.14,PAYMENT,772,3,0,0,14,1,0
1990,228.59,PAYMENT,2337,4,0,0,22,0,0
1991,330.43,DEBIT,2809,3,0,0,12,1,0
1992,315.54,CASH_OUT,2757,3,1,1,17,1,1
1993,487.32,TRANSFER,712,1,0,0,16,1,0
1994,301.36,DEBIT,1879,0,1,0,0,1,1
1995,210.91,CASH_OUT,1444,4,0,0,23,0,0
1996,432.75,CASH_OUT,1331,3,0,0,4,0,0
1997,144.53,PAYMENT,1825,1,0,0,20,0,0
1998,61.44,TRANSFER,925,3,1,1,14,0,0
1999,126.08,PAYMENT,961,3,1,0,11,0,0
2000,70.46,TRANSFER,510,5,0,0,22,1,0
2001,75.55,PAYMENT,1504,2,0,0,20,0,0
2002,128.44,PAYMENT,320,4,0,0,6,0,0
2003,67.19,PAYMENT,2878,1,0,0,19,0,0
2004,109.08,PAYMENT,2724,3,0,0,7,0,0
2005,22.34,CASH_IN,2182,4,0,0,19,0,0
2006,183.7,PAYMENT,2004,3,0,0,20,0,0
2007,148.59,CASH_IN,1430,2,0,0,7,0,0
2008,65.56,CASH_OUT,219,1,0,0,12,2,0
2009,286.93,TRANSFER,1248,6,0,0,6,0,0
2010,379.01,PAYMENT,1629,2,0,1,4,0,0
2011,29.74,DEBIT,406,4,0,0,20,0,0
2012,69.22,PAYMENT,2760,3,0,0,10,0,1
2013,68.78,CASH_OUT,1071,4,0,0,21,0,0
2014,57.98,CASH_OUT,288,2,0,0,12,0,0
2015,340.18,TRANSFER,856,3,0,0,3,0,0
2016,122.26,PAYMENT,2449,2,0,0,4,0,0
2017,113.92,TRANSFER,1755,8,0,0,6,0,0
2018,20.01,CASH_IN,1860,4,0,0,6,1,0
2019,280.18,CASH_IN,2909,3,0,0,0,0,1
2020,42.98,DEBIT,2670,3,0,1,14,0,0
2021,157.58,PAYMENT,2137,5,1,0,13,0,0
2022,195.86,PAYMENT,2182,0,0,0,3,1,0
2023,578.63,PAYMENT,1479,2,0,0,2,0,0
2024,40.09,DEBIT,2954,4,0,0,14,0,0
2025,7.25,PAYMENT,1820,3,0,0,19,0,0
2026,178.37,TRANSFER,673,2,0,0,22,0,0
2027,898.31,DEBIT,1530,0,0,0,22,1,0
2028,512.32,TRANSFER,2344,2,0,0,22,0,1
2029,183.03,TRANSFER,985,2,0,0,8,1,1
2030,90.77,PAYMENT,1587,3,0,0,14,0,0
2031,332.66,TRANSFER,1746,4,0,0,9,0,0
2032,56.06,DEBIT,1202,4,0,0,15,1,0
2033,238.97,TRANSFER,2357,3,0,0,22,0,0
2034,246.03,PAYMENT,554,2,1,0,15,0,1
2035,428.47,PAYMENT,2941,5,0,1,20,1,1
2036,2344.11,PAYMENT,2103,4,0,0,17,0,0
2037,219.73,TRANSFER,2629,2,1,0,14,0,0
2038,89.21,PAYMENT,1335,1,1,1,22,1,0
2039,144.67,CASH_OUT,1537,2,0,0,8,0,0
2040,25.3,TRANSFER,1994,3,0,0,6,0,0
2041,74.09,CASH_OUT,827,3,0,0,13,0,0
2042,98.57,PAYMENT,2188,3,0,0,10,0,0
2043,87.87,CASH_OUT,451,7,0,0,23,1,0
2044,172.84,TRANSFER,934,2,0,0,4,0,1
2045,65.21,PAYMENT,755,1,0,0,20,0,0
2046,455.33,DEBIT,1493,3,0,0,14,0,0
2047,148.44,PAYMENT,2371,1,0,0,11,1,0
2048,147.04,TRANSFER,1202,3,0,0,9,0,0
2049,106.92,PAYMENT,1193,1,0,0,12,0,0
2050,173.33,TRANSFER,2881,2,0,0,11,1,0
2051,338.69,TRANSFER,1175,2,0,0,13,0,0
2052,62.36,PAYMENT,413,4,0,0,10,1,0
2053,76.85,CASH_OUT,2016,2,0,0,18,1,0
2054,109.54,CASH_OUT,2360,2,0,0,1,0,0
2055,38.63,CASH_OUT,2841,4,0,0,18,0,0
2056,65.41,PAYMENT,1500,4,1,1,3,0,0
2057,92.18,PAYMENT,996,4,0,0,0,0,0
2058,355.81,CASH_OUT,2271,4,0,0,20,0,0
2059,192.98,PAYMENT,871,4,1,0,20,2,1
2060,180.11,CASH_OUT,1646,1,0,0,5,0,0
2061,347.55,PAYMENT,648,3,0,0,13,0,0
2062,129.36,PAYMENT,1049,3,1,0,17,2,0
2063,219.31,CASH_IN,1983,0,0,0,5,0,0
2064,133.86,CASH_OUT,235,3,0,0,9,0,0
2065,193.52,CASH_OUT,668,4,1,0,15,0,1
2066,82.87,CASH_IN,93,3,0,0,15,1,0
2067,12.95,CASH_OUT,1488,4,0,0,22,0,1
2068,129.76,TRANSFER,1741,4,0,0,20,0,0
2069,615.69,DEBIT,257,4,0,0,17,1,1
2070,374.73,CASH_OUT,731,1,0,1,20,0,0
2071,389.71,CASH_OUT,424,5,0,0,5,0,0
2072,510.88,TRANSFER,1266,2,0,0,20,0,0
2073,162.17,DEBIT,2810,7,1,0,7,0,0
2074,180.79,PAYMENT,1889,1,0,0,9,1,0
2075,80.03,PAYMENT,1727,2,0,0,6,0,0
2076,108.19,PAYMENT,2375,2,1,0,8,0,0
2077,274.73,PAYMENT,1478,1,0,0,0,0,0
2078,494.67,PAYMENT,1050,3,0,0,12,0,0
2079,129.1,CASH_IN,2838,5,0,0,18,0,0
2080,94.61,CASH_OUT,2779,1,0,0,19,0,1
2081,148.49,PAYMENT,2601,4,0,0,22,0,0
2082,270.75,CASH_OUT,582,4,0,0,16,1,0
2083,35.03,TRANSFER,1451,3,0,1,1,0,0
2084,14.94,TRANSFER,1313,3,0,0,23,0,0
2085,85.58,PAYMENT,2203,1,0,0,22,0,0
2086,43.78,CASH_IN,2303,2,0,0,13,0,0
2087,89.29,PAYMENT,2799,4,0,0,15,0,0
2088,128.02,PAYMENT,362,1,0,1,12,0,0
2089,94.33,PAYMENT,359,5,0,0,6,0,0
2090,634.27,CASH_OUT,2987,5,0,0,4,0,0
2091,205.77,CASH_OUT,1318,2,0,0,8,0,0
2092,200.43,PAYMENT,2248,1,1,0,13,0,0
2093,276.5,PAYMENT,2993,5,0,0,5,2,0
2094,47.52,CASH_OUT,2078,1,0,0,0,0,0
2095,419.52,CASH_OUT,905,0,0,0,20,0,0
2096,137.58,PAYMENT,2938,1,0,1,2,0,0
2097,290.17,CASH_IN,1774,7,0,0,4,0,0
2098,50.81,DEBIT,2318,2,0,0,13,1,0
2099,31.38,PAYMENT,613,2,0,0,0,1,0
2100,336.26,TRANSFER,630,5,0,0,12,0,0
2101,216.24,PAYMENT,2097,2,0,0,9,0,0
2102,60.22,CASH_OUT,1368,6,0,0,1,0,1
2103,62.2,TRANSFER,2550,4,0,1,8,0,0
2104,457.34,PAYMENT,2034,4,0,0,5,0,0
2105,45.18,CASH_OUT,2218,3,1,0,2,0,1
2106,767.14,CASH_IN,716,4,1,0,3,0,0
2107,60.3,PAYMENT,2127,5,1,0,9,0,0
2108,281.01,PAYMENT,1659,1,0,0,3,0,0
2109,106.85,PAYMENT,1514,3,0,0,1,3,0
2110,271.29,CASH_OUT,1733,2,0,0,17,0,0
2111,86.13,CASH_OUT,420,0,1,0,14,2,1
2112,126.12,TRANSFER,1108,0,1,0,9,0,0
2113,154.61,TRANSFER,519,2,0,1,2,1,0
2114,54.48,CASH_OUT,1385,2,0,0,14,0,0
2115,311.32,TRANSFER,1951,4,0,0,5,0,0
2116,88.84,CASH_OUT,299,3,1,0,9,0,0
2117,118.08,TRANSFER,391,2,0,0,11,2,1
2118,54.91,CASH_IN,174,2,0,0,9,0,0
2119,11.45,PAYMENT,618,5,0,0,19,0,0
2120,122.61,PAYMENT,1182,3,0,0,0,3,0
2121,1656.75,PAYMENT,404,1,0,0,22,1,1
2122,325.25,CASH_IN,1676,3,0,0,22,0,0
2123,145.58,TRANSFER,2615,2,0,0,1,0,1
2124,114.1,PAYMENT,1681,3,0,0,15,0,0
2125,151.79,DEBIT,1227,3,0,0,7,0,0
2126,256.5,DEBIT,347,2,1,0,12,0,0
2127,45.57,DEBIT,614,2,0,0,2,0,1
2128,452.29,PAYMENT,2640,2,0,0,9,0,0
2129,303.5,CASH_IN,1780,4,0,0,18,0,0
2130,304.35,PAYMENT,2630,2,1,1,18,1,0
2131,230.09,PAYMENT,340,3,1,0,23,0,1
2132,151.35,PAYMENT,123,1,0,1,5,0,0
2133,290.87,TRANSFER,218,3,0,0,5,0,0
2134,268.22,PAYMENT,676,5,1,0,3,0,0
2135,104.16,TRANSFER,1771,2,0,0,0,1,1
2136,83.63,CASH_IN,2281,1,0,0,15,0,0
2137,164.33,PAYMENT,1544,3,0,0,12,0,0
2138,698.56,PAYMENT,1721,3,0,0,1,0,0
2139,42.99,PAYMENT,2131,5,0,0,23,0,0
2140,34.21,DEBIT,1001,4,0,0,2,1,0
2141,175.0,PAYMENT,123,2,0,1,0,0,1
2142,156.16,TRANSFER,2391,3,0,0,13,0,0
2143,176.5,PAYMENT,1996,3,0,0,22,0,0
2144,189.42,CASH_IN,389,3,1,0,14,0,0
2145,118.72,PAYMENT,2245,2,0,0,15,0,0
2146,658.43,TRANSFER,1011,4,0,0,7,0,0
2147,29.94,TRANSFER,1839,3,0,0,21,0,0
2148,64.81,CASH_IN,427,4,1,0,11,0,0
2149,133.85,PAYMENT,566,5,0,0,17,1,0
2150,28.7,CASH_OUT,423,3,1,0,4,1,0
2151,124.48,PAYMENT,1409,3,0,0,12,0,0
2152,781.7,DEBIT,77,1,0,0,2,0,0
2153,151.55,TRANSFER,1485,3,0,0,10,0,1
2154,186.92,CASH_OUT,2778,4,0,0,6,0,0
2155,42.09,TRANSFER,2130,8,0,0,6,0,0
2156,80.13,PAYMENT,2318,4,0,0,6,0,0
2157,101.98,PAYMENT,2982,3,0,0,11,0,0
2158,108.02,CASH_OUT,1239,5,0,0,15,0,0
2159,534.67,DEBIT,1194,5,1,0,13,0,1
2160,259.22,PAYMENT,990,1,0,0,20,0,0
2161,48.84,CASH_IN,2052,1,0,0,8,0,1
2162,189.9,PAYMENT,1110,4,0,0,15,0,0
2163,244.26,DEBIT,479,5,0,0,1,0,0
2164,464.12,PAYMENT,1159,1,0,0,20,0,0
2165,720.93,PAYMENT,462,6,0,0,10,2,0
2166,53.78,TRANSFER,1733,5,0,0,11,0,0
2167,65.97,CASH_OUT,876,2,0,0,23,1,1
2168,42.2,CASH_OUT,1811,4,0,0,0,2,0
2169,117.45,TRANSFER,1779,2,0,0,3,0,0
2170,236.6,TRANSFER,1567,3,0,1,18,1,1
2171,398.35,PAYMENT,2003,3,0,0,21,0,0
2172,137.56,PAYMENT,1452,1,0,0,2,0,0
2173,107.79,PAYMENT,2943,5,0,0,16,0,0
2174,172.73,TRANSFER,2259,3,0,0,23,0,0
2175,64.38,TRANSFER,1355,2,0,0,18,0,0
2176,1199.35,CASH_OUT,212,5,0,1,16,0,1
2177,29.74,CASH_OUT,1563,0,0,0,10,0,0
2178,178.53,PAYMENT,1148,1,0,0,0,0,0
2179,1122.83,CASH_OUT,185,3,0,0,6,0,0
2180,149.43,PAYMENT,1745,3,1,0,1,0,0
2181,122.73,CASH_OUT,2174,3,0,0,2,0,0
2182,103.81,PAYMENT,966,4,0,0,22,0,0
2183,123.92,CASH_OUT,1422,2,0,0,0,0,0
2184,585.72,TRANSFER,818,4,0,0,13,0,0
2185,16.25,TRANSFER,2315,6,0,0,19,1,0
2186,687.76,CASH_OUT,2090,4,0,0,15,0,0
2187,35.73,PAYMENT,1354,2,0,1,19,1,1
2188,113.68,PAYMENT,887,1,0,0,15,0,0
2189,96.62,CASH_OUT,211,1,0,0,8,0,0
2190,267.35,CASH_IN,1968,3,0,0,5,0,0
2191,30.02,PAYMENT,1208,4,0,0,15,0,0
2192,235.61,PAYMENT,792,4,0,0,11,0,0
2193,1123.62,TRANSFER,1444,2,0,0,5,2,1
2194,37.97,CASH_OUT,2870,3,0,0,19,0,0
2195,179.42,TRANSFER,2254,3,1,0,15,0,1
2196,76.56,CASH_IN,2949,2,0,0,19,0,0
2197,227.21,TRANSFER,612,2,0,0,17,0,0
2198,151.28,PAYMENT,2964,3,0,0,9,0,0
2199,78.14,PAYMENT,1973,8,0,1,11,1,0
2200,241.74,TRANSFER,910,7,0,0,14,0,1
2201,901.76,CASH_OUT,2146,3,0,0,2,0,0
2202,122.62,PAYMENT,337,3,0,0,11,0,0
2203,304.83,DEBIT,1729,4,0,0,9,1,1
2204,40.72,PAYMENT,2768,3,0,0,12,0,0
2205,57.03,TRANSFER,2130,3,0,0,15,0,1
2206,238.03,PAYMENT,2293,2,1,0,18,0,0
2207,654.66,CASH_IN,743,2,0,0,20,0,0
2208,211.79,CASH_OUT,2115,5,0,0,19,0,0
2209,108.52,PAYMENT,1481,3,0,0,14,0,0
2210,148.31,DEBIT,1427,0,0,0,8,0,1
2211,42.5,PAYMENT,2108,3,0,0,10,0,0
2212,271.65,CASH_OUT,2470,3,0,0,7,0,1
2213,358.65,CASH_IN,829,1,1,0,2,0,0
2214,94.43,CASH_OUT,454,4,0,0,17,1,0
2215,92.75,DEBIT,1058,3,0,0,6,0,0
2216,193.62,CASH_IN,720,5,0,1,0,0,0
2217,95.9,DEBIT,2857,3,0,0,4,0,0
2218,138.92,PAYMENT,229,4,0,0,6,0,0
2219,1211.63,PAYMENT,1326,4,0,0,17,0,0
2220,115.93,CASH_OUT,805,3,0,0,17,1,0
2221,103.72,CASH_OUT,255,1,0,0,15,0,1
2222,77.67,TRANSFER,500,5,0,0,23,0,0
2223,312.37,PAYMENT,2095,2,0,0,11,0,0
2224,123.81,CASH_IN,1808,1,0,0,15,0,0
2225,77.53,DEBIT,658,1,0,1,11,1,0
2226,556.3,TRANSFER,2087,1,0,1,16,1,1
2227,613.76,PAYMENT,70,8,0,0,13,0,0
2228,81.42,PAYMENT,2697,4,0,0,1,0,0
2229,22.95,PAYMENT,2121,2,0,0,6,0,0
2230,406.47,CASH_OUT,2274,5,0,0,3,0,0
2231,74.84,DEBIT,328,4,0,1,10,1,0
2232,327.22,PAYMENT,238,4,0,0,4,1,0
2233,20.7,TRANSFER,1996,2,0,0,1,0,0
2234,362.35,CASH_OUT,488,2,0,0,16,0,0
2235,44.2,PAYMENT,908,0,0,0,2,1,1
2236,308.2,TRANSFER,1741,0,0,0,2,1,1
2237,150.55,CASH_OUT,1840,4,1,0,18,0,1
2238,57.17,CASH_IN,818,9,0,0,4,0,0
2239,98.79,TRANSFER,2592,4,0,0,6,0,0
2240,294.81,CASH_OUT,412,6,0,0,14,1,0
2241,164.99,PAYMENT,1480,2,0,0,21,0,0
2242,266.24,PAYMENT,1307,2,0,0,11,0,0
2243,1071.1,PAYMENT,2625,2,0,0,12,1,0
2244,31.05,PAYMENT,536,3,0,0,13,0,0
2245,747.86,PAYMENT,359,5,0,0,2,1,0
2246,164.74,PAYMENT,2565,3,0,0,10,0,0
2247,60.41,CASH_OUT,843,2,0,1,12,0,1
2248,39.24,CASH_OUT,2559,3,0,0,19,1,1
2249,122.84,PAYMENT,2549,0,1,0,18,0,1
2250,373.03,PAYMENT,1972,2,1,0,13,0,0
2251,130.64,TRANSFER,1049,3,0,0,3,0,1
2252,672.6,PAYMENT,1475,5,0,0,13,0,0
2253,34.77,TRANSFER,1052,1,0,0,8,1,0
2254,146.63,CASH_OUT,1215,1,0,0,17,0,0
2255,42.42,PAYMENT,463,5,0,0,1,0,0
2256,213.5,PAYMENT,1612,2,0,0,9,0,0
2257,360.28,PAYMENT,1857,1,0,0,8,0,0
2258,97.44,PAYMENT,45,1,0,0,19,0,0
2259,10.98,DEBIT,649,1,0,0,12,1,0
2260,181.08,PAYMENT,718,4,0,0,0,0,0
2261,229.69,TRANSFER,2142,3,0,0,20,1,0
2262,222.36,CASH_OUT,604,6,0,0,7,1,0
2263,510.7,PAYMENT,849,7,1,0,15,0,0
2264,50.85,PAYMENT,2150,3,0,0,23,0,0
2265,293.01,CASH_IN,2281,3,0,0,20,0,0
2266,489.07,CASH_IN,2331,2,0,0,16,0,0
2267,25.06,PAYMENT,2690,2,0,1,21,0,0
2268,204.31,PAYMENT,1582,2,0,0,2,1,0
2269,89.64,CASH_OUT,2272,3,0,0,4,0,0
2270,136.79,PAYMENT,2328,4,0,0,13,0,0
2271,210.12,PAYMENT,2627,4,0,0,3,0,0
2272,91.17,PAYMENT,1596,2,0,0,3,0,0
2273,75.51,PAYMENT,984,0,0,0,18,0,0
2274,153.57,PAYMENT,2387,3,1,0,0,1,0
2275,50.04,TRANSFER,1234,4,1,1,18,0,0
2276,50.11,CASH_OUT,1847,4,0,0,4,1,0
2277,292.77,TRANSFER,682,1,0,0,23,0,0
2278,47.05,PAYMENT,2518,5,0,0,20,0,0
2279,288.97,TRANSFER,304,6,0,0,22,0,0
2280,235.71,CASH_OUT,1277,3,0,1,9,0,0
2281,26.42,PAYMENT,1420,1,0,1,0,0,1
2282,75.37,PAYMENT,568,6,0,0,17,0,0
2283,489.85,PAYMENT,1303,3,0,0,9,1,0
2284,55.64,PAYMENT,2820,1,0,0,9,0,0
2285,93.28,DEBIT,42,3,0,0,13,0,0
2286,235.58,TRANSFER,639,3,0,0,10,0,0
2287,324.86,PAYMENT,2269,3,0,0,18,1,1
2288,115.41,CASH_OUT,727,2,0,1,17,0,0
2289,81.65,PAYMENT,2096,5,1,1,12,0,0
2290,615.46,PAYMENT,2416,5,0,0,19,0,0
2291,844.63,PAYMENT,2848,4,0,1,9,0,0
2292,394.99,CASH_OUT,608,2,0,1,7,0,0
2293,161.63,PAYMENT,2103,2,0,0,1,0,0
2294,66.14,PAYMENT,1803,3,1,0,10,0,0
2295,64.69,PAYMENT,1080,4,0,0,10,0,1
2296,250.26,PAYMENT,2182,3,0,0,0,0,0
2297,225.52,CASH_OUT,2861,2,0,0,12,0,1
2298,602.81,CASH_IN,2380,3,0,0,16,0,0
2299,284.42,CASH_OUT,1065,3,0,0,17,0,0
2300,33.01,CASH_OUT,1721,3,0,0,22,1,0
2301,424.94,DEBIT,2719,2,0,0,11,0,0
2302,54.7,PAYMENT,203,2,0,0,17,0,0
2303,101.09,PAYMENT,1454,2,0,1,11,0,0
2304,190.6,TRANSFER,478,2,0,0,12,0,0
2305,1091.89,PAYMENT,2131,3,0,0,20,0,0
2306,3327.31,TRANSFER,1480,6,0,0,18,0,1
2307,272.25,PAYMENT,107,3,0,0,12,0,0
2308,123.57,PAYMENT,1769,3,0,0,2,0,0
2309,253.28,TRANSFER,2516,5,0,0,11,0,0
2310,360.56,DEBIT,811,5,0,0,2,0,0
2311,107.7,PAYMENT,201,3,0,1,13,0,0
2312,893.56,PAYMENT,2627,5,0,1,15,0,0
2313,186.81,CASH_OUT,2438,6,0,0,21,1,0
2314,244.14,PAYMENT,2313,1,1,0,6,0,0
2315,288.85,PAYMENT,462,1,0,0,10,0,0
2316,226.24,PAYMENT,1069,2,0,0,18,0,0
2317,343.42,CASH_OUT,2815,3,1,0,7,0,0
2318,80.06,CASH_IN,879,2,0,0,14,2,0
2319,84.92,TRANSFER,1549,6,0,0,13,0,0
2320,49.39,PAYMENT,1639,5,1,0,20,0,0
2321,230.33,PAYMENT,1264,3,1,0,13,0,0
2322,323.42,PAYMENT,1889,1,0,0,7,0,0
2323,234.57,DEBIT,1380,1,0,0,22,0,0
2324,791.95,CASH_OUT,2704,3,0,0,20,0,0
2325,147.58,PAYMENT,2324,4,0,1,22,0,0
2326,289.67,CASH_OUT,578,1,0,0,21,0,0
2327,49.81,TRANSFER,994,2,0,0,10,0,0
2328,100.78,DEBIT,196,8,0,0,7,0,0
2329,297.54,CASH_IN,2430,0,1,0,10,0,0
2330,346.92,PAYMENT,2780,5,1,0,4,1,1
2331,110.61,CASH_OUT,1677,2,0,1,14,0,1
2332,138.16,TRANSFER,1622,2,0,0,16,1,0
2333,32.53,PAYMENT,382,4,0,0,13,0,0
2334,103.85,CASH_OUT,2651,3,0,0,14,1,0
2335,361.54,TRANSFER,1554,3,0,0,8,0,0
2336,263.8,PAYMENT,1092,1,0,0,13,0,0
2337,244.85,CASH_OUT,2400,6,0,0,9,1,1
2338,155.99,CASH_OUT,1551,6,0,0,14,1,1
2339,149.47,PAYMENT,2106,4,0,1,15,0,0
2340,76.68,PAYMENT,768,6,0,0,11,1,0
2341,298.52,TRANSFER,572,2,1,0,8,0,0
2342,226.1,PAYMENT,1369,2,0,0,15,0,0
2343,242.75,CASH_IN,1604,1,0,0,21,0,0
2344,87.7,PAYMENT,597,3,0,0,5,1,0
2345,17.23,PAYMENT,2946,0,0,0,10,0,0
2346,444.59,PAYMENT,2775,0,0,0,7,0,0
2347,91.94,TRANSFER,1970,5,0,0,14,0,0
2348,62.63,CASH_OUT,2276,4,1,0,14,0,1
2349,296.92,TRANSFER,712,3,1,0,14,0,1
2350,100.28,PAYMENT,1790,1,0,0,9,0,0
2351,428.35,CASH_IN,2259,3,1,0,1,1,0
2352,275.06,PAYMENT,2207,5,0,1,6,2,0
2353,294.0,PAYMENT,1707,0,0,0,22,1,0
2354,37.87,PAYMENT,2208,6,0,0,14,0,0
2355,498.67,PAYMENT,2731,2,1,0,0,0,0
2356,192.72,PAYMENT,1058,3,0,0,11,0,0
2357,102.59,PAYMENT,2926,8,0,0,21,1,0
2358,171.3,PAYMENT,2244,4,0,0,17,0,0
2359,25.12,CASH_IN,414,5,0,0,5,1,0
2360,223.33,PAYMENT,1608,4,1,0,3,0,0
2361,53.02,CASH_OUT,771,4,0,0,8,0,0
2362,38.37,CASH_OUT,1805,2,0,0,23,0,0
2363,32.38,PAYMENT,2264,4,0,0,22,0,0
2364,451.55,TRANSFER,1643,2,1,0,13,0,1
2365,79.1,TRANSFER,587,2,0,0,14,0,0
2366,687.96,PAYMENT,1572,3,0,0,16,0,0
2367,86.85,DEBIT,1735,2,1,0,23,0,1
2368,26.91,TRANSFER,144,2,0,0,13,0,0
2369,48.59,CASH_IN,1996,1,0,0,0,0,0
2370,510.71,CASH_IN,1397,3,0,1,1,0,0
2371,126.99,PAYMENT,887,5,0,0,6,0,0
2372,85.77,PAYMENT,268,4,0,0,23,1,0
2373,174.17,PAYMENT,1840,3,1,0,16,0,0
2374,245.13,CASH_IN,2386,5,0,0,6,2,0
2375,453.68,CASH_IN,1911,1,0,0,5,1,0
2376,631.75,TRANSFER,2093,2,1,0,3,0,0
2377,103.57,PAYMENT,91,6,0,0,9,0,0
2378,39.41,PAYMENT,735,2,0,0,8,0,0
2379,98.15,CASH_IN,321,0,0,0,20,0,0
2380,192.54,DEBIT,776,7,0,0,10,2,0
2381,56.61,PAYMENT,2869,2,1,0,6,0,0
2382,56.99,PAYMENT,270,3,0,0,21,0,0
2383,209.3,PAYMENT,1378,3,0,0,8,1,0
2384,141.37,PAYMENT,954,5,0,1,16,1,1
2385,153.36,CASH_IN,1182,4,0,0,0,0,0
2386,69.51,TRANSFER,982,1,0,0,7,0,0
2387,117.87,CASH_OUT,1702,3,0,0,17,0,0
2388,58.9,TRANSFER,1517,1,0,0,18,1,0
2389,361.48,PAYMENT,2604,2,0,0,3,0,0
2390,417.9,PAYMENT,1895,3,0,0,16,0,0
2391,23.43,CASH_OUT,771,1,0,0,15,0,0
2392,58.59,CASH_OUT,205,3,1,0,15,0,1
2393,33.23,PAYMENT,2881,3,0,0,13,0,0
2394,77.48,PAYMENT,2835,3,0,0,0,0,0
2395,136.53,PAYMENT,1106,3,0,0,7,1,0
2396,34.83,PAYMENT,364,5,0,0,5,0,0
2397,59.04,CASH_OUT,928,5,0,0,9,0,0
2398,54.38,TRANSFER,688,2,0,0,13,0,0
2399,182.59,TRANSFER,1606,2,0,0,21,0,1
2400,159.07,CASH_IN,2370,5,0,0,14,0,0
2401,72.12,TRANSFER,472,4,0,0,3,0,0
2402,177.12,PAYMENT,1760,6,0,0,8,0,0
2403,85.91,PAYMENT,1189,3,0,1,10,0,0
2404,113.11,CASH_IN,2677,1,0,0,17,0,0
2405,791.12,TRANSFER,795,2,1,0,0,0,0
2406,567.06,PAYMENT,1754,1,0,0,18,0,0
2407,40.46,CASH_OUT,832,3,1,1,15,0,1
2408,340.27,TRANSFER,941,4,0,0,15,0,0
2409,334.09,CASH_IN,100,6,0,0,6,0,0
2410,47.07,DEBIT,1798,1,1,0,2,0,1
2411,336.56,CASH_OUT,985,6,0,0,15,0,0
2412,690.86,CASH_OUT,2857,6,0,0,11,0,0
2413,48.3,PAYMENT,2955,2,0,0,3,1,1
2414,59.29,TRANSFER,365,5,0,0,9,0,0
2415,410.62,CASH_OUT,2704,4,0,0,18,0,1
2416,194.71,TRANSFER,1889,5,0,0,2,0,0
2417,257.62,TRANSFER,448,2,0,0,6,0,0
2418,208.64,CASH_IN,1354,4,1,0,2,0,0
2419,219.36,PAYMENT,266,6,0,1,8,0,0
2420,39.39,PAYMENT,1882,4,0,0,19,1,0
2421,422.98,CASH_OUT,2045,3,0,1,0,0,0
2422,477.99,CASH_IN,535,0,0,1,4,0,0
2423,117.99,CASH_IN,1010,0,0,0,0,0,1
2424,142.1,CASH_OUT,428,2,0,0,14,1,0
2425,32.1,CASH_IN,2688,1,0,0,4,1,0
2426,248.2,CASH_OUT,31,3,0,0,21,0,0
2427,262.97,PAYMENT,45,7,0,0,23,0,0
2428,139.46,CASH_OUT,308,0,0,0,14,0,0
2429,456.85,PAYMENT,1404,6,0,0,0,0,0
2430,106.26,PAYMENT,2447,5,0,0,13,1,0
2431,261.02,PAYMENT,1606,1,0,0,17,0,0
2432,53.54,PAYMENT,992,3,0,0,1,0,0
2433,144.96,PAYMENT,2964,3,0,1,16,0,0
2434,124.67,PAYMENT,407,3,0,0,4,0,0
2435,185.92,PAYMENT,1108,1,0,0,6,0,0
2436,102.56,PAYMENT,2285,6,0,0,15,0,0
2437,130.13,TRANSFER,2209,2,0,0,4,2,1
2438,339.02,CASH_OUT,1419,6,0,1,13,1,1
2439,95.89,CASH_IN,1409,2,0,0,18,1,0
2440,29.77,CASH_IN,1849,3,0,0,9,1,0
2441,853.7,TRANSFER,2255,1,0,0,14,0,1
2442,590.79,CASH_OUT,783,2,0,0,4,0,0
2443,40.76,PAYMENT,1337,5,0,0,18,0,0
2444,295.81,PAYMENT,1688,3,0,0,22,0,0
2445,89.75,CASH_OUT,466,3,1,0,1,0,0
2446,193.15,CASH_OUT,1847,4,0,0,15,2,1
2447,199.18,CASH_IN,708,2,1,0,19,0,0
2448,117.4,CASH_OUT,554,0,0,0,7,0,0
2449,67.78,PAYMENT,2148,3,1,0,18,0,0
2450,74.4,CASH_IN,83,4,0,0,12,0,0
2451,59.37,CASH_OUT,2090,7,0,0,2,0,1
2452,64.6,CASH_IN,1429,4,0,0,10,0,0
2453,138.77,CASH_OUT,1313,3,0,0,6,0,0
2454,72.55,PAYMENT,109,0,0,0,1,1,0
2455,293.55,PAYMENT,2553,4,0,0,13,0,0
2456,656.71,PAYMENT,1898,1,0,0,15,0,1
2457,83.09,PAYMENT,1543,8,0,0,23,0,0
2458,188.56,PAYMENT,2791,2,0,0,10,0,0
2459,244.61,TRANSFER,315,3,0,0,20,0,0
2460,237.94,DEBIT,1606,6,0,0,6,0,0
2461,160.13,CASH_IN,973,4,0,0,11,0,0
2462,311.9,CASH_OUT,257,1,0,0,13,0,0
2463,240.39,PAYMENT,2006,3,0,0,19,0,0
2464,43.05,PAYMENT,2248,0,0,0,1,1,1
2465,353.95,CASH_OUT,1550,1,0,0,15,0,0
2466,360.43,PAYMENT,2014,7,0,0,23,1,1
2467,69.18,CASH_IN,553,2,1,0,14,0,0
2468,154.15,DEBIT,1780,1,1,0,4,0,1
2469,293.93,PAYMENT,2375,1,1,0,20,0,0
2470,120.38,CASH_OUT,2534,2,0,0,3,0,1
2471,433.97,PAYMENT,1490,1,0,0,17,0,0
2472,1577.94,CASH_OUT,507,3,0,0,14,1,1
2473,67.63,PAYMENT,1238,2,0,0,9,1,0
2474,37.3,PAYMENT,2349,4,0,0,17,0,0
2475,201.1,CASH_OUT,2538,1,0,0,6,0,0
2476,305.38,CASH_OUT,1152,1,1,0,23,0,0
2477,117.82,CASH_OUT,2511,3,0,0,18,1,0
2478,634.77,TRANSFER,1697,4,0,0,22,0,0
2479,38.92,CASH_OUT,2704,4,0,0,15,0,0
2480,296.76,CASH_OUT,1526,2,0,0,3,0,1
2481,80.97,DEBIT,1322,1,0,0,22,0,0
2482,828.3,CASH_IN,2873,3,0,1,8,0,0
2483,1088.46,CASH_OUT,650,2,1,0,15,0,0
2484,68.95,CASH_OUT,2473,2,0,0,18,0,0
2485,85.66,TRANSFER,1461,1,0,0,20,0,0
2486,350.58,PAYMENT,2937,6,0,0,4,0,0
2487,100.77,PAYMENT,1950,0,0,0,15,0,1
2488,141.82,CASH_IN,959,2,0,0,5,0,0
2489,152.23,CASH_IN,416,3,1,0,20,0,0
2490,21.77,CASH_OUT,2611,4,0,0,22,2,0
2491,146.37,TRANSFER,1970,3,1,0,9,1,0
2492,74.46,PAYMENT,243,2,0,0,22,0,0
2493,90.64,PAYMENT,2474,3,0,0,7,0,0
2494,628.69,TRANSFER,2121,6,0,0,4,0,0
2495,42.25,TRANSFER,621,4,0,0,4,0,0
2496,334.69,DEBIT,395,3,0,0,18,2,1
2497,112.28,PAYMENT,1845,5,0,0,1,0,0
2498,112.2,TRANSFER,2251,2,0,0,0,0,0
2499,327.13,PAYMENT,302,0,0,0,3,0,0
2500,208.52,DEBIT,1826,5,0,0,5,0,0
2501,262.6,CASH_IN,519,2,0,0,4,1,0
2502,390.8,TRANSFER,1976,5,0,0,13,1,0
2503,106.56,DEBIT,1670,1,1,1,11,0,0
2504,80.46,TRANSFER,631,8,0,0,8,0,0
2505,50.14,PAYMENT,641,1,0,0,18,0,0
2506,65.01,TRANSFER,356,8,0,0,15,0,0
2507,2833.01,PAYMENT,1736,4,0,0,23,0,0
2508,515.26,CASH_OUT,376,5,0,0,3,1,0
2509,38.43,DEBIT,195,1,0,0,2,0,1
2510,39.55,CASH_OUT,2957,0,0,0,13,0,0
2511,240.29,PAYMENT,781,2,0,0,21,0,0
2512,256.53,PAYMENT,1269,1,0,0,17,0,0
2513,256.95,PAYMENT,2421,2,0,0,11,0,0
2514,115.01,PAYMENT,2138,2,0,1,10,0,0
2515,130.91,PAYMENT,1994,6,0,0,4,1,0
2516,206.0,TRANSFER,1239,7,0,0,11,0,1
2517,161.72,CASH_OUT,393,2,0,0,6,1,0
2518,16.13,CASH_OUT,1053,1,0,0,18,0,0
2519,117.94,PAYMENT,1235,3,0,0,7,0,0
2520,63.34,PAYMENT,1784,2,0,0,18,0,0
2521,176.83,PAYMENT,2111,2,0,0,7,1,1
2522,2937.34,PAYMENT,434,2,0,1,2,1,1
2523,214.32,PAYMENT,1610,2,0,1,22,2,0
2524,108.47,PAYMENT,2974,2,0,1,18,1,1
2525,373.08,CASH_OUT,2215,4,0,0,5,0,0
2526,240.49,CASH_IN,1915,5,1,1,10,0,0
2527,225.9,TRANSFER,2105,2,0,0,15,1,0
2528,272.29,CASH_OUT,135,1,0,0,12,0,0
2529,1160.43,PAYMENT,2234,1,0,0,16,0,0
2530,47.9,CASH_IN,1852,5,0,0,19,0,0
2531,238.32,PAYMENT,1286,0,0,0,8,0,0
2532,58.77,PAYMENT,225,6,0,0,18,0,0
2533,258.66,PAYMENT,1904,4,0,0,14,0,0
2534,59.22,PAYMENT,231,6,0,0,18,0,0
2535,97.77,TRANSFER,2186,3,0,0,11,0,0
2536,110.49,DEBIT,572,2,1,0,19,0,0
2537,393.79,CASH_OUT,1791,4,0,0,10,0,0
2538,371.84,PAYMENT,70,2,0,0,14,1,1
2539,42.7,TRANSFER,1117,4,1,0,20,0,0
2540,156.79,CASH_OUT,919,5,0,0,7,1,1
2541,73.0,CASH_IN,711,3,0,0,8,1,0
2542,42.16,CASH_OUT,2889,3,0,0,5,2,1
2543,119.46,TRANSFER,2492,1,0,1,21,0,0
2544,109.02,CASH_OUT,2067,1,0,0,11,0,0
2545,1680.28,CASH_OUT,2449,5,0,0,2,0,1
2546,228.83,PAYMENT,1704,4,0,0,10,2,0
2547,37.43,PAYMENT,2881,1,0,0,18,1,0
2548,84.37,CASH_OUT,393,5,1,1,6,1,0
2549,412.15,CASH_IN,1289,1,0,0,8,1,0
2550,1198.04,TRANSFER,2548,5,0,0,18,0,0
2551,30.39,DEBIT,1925,3,1,1,7,0,0
2552,22.65,PAYMENT,529,3,0,0,23,0,0
2553,963.88,TRANSFER,2500,8,0,0,13,2,0
2554,219.12,PAYMENT,608,4,0,0,18,0,0
2555,62.28,DEBIT,1241,2,0,0,0,0,0
2556,253.31,PAYMENT,2480,1,0,1,1,1,0
2557,10.64,TRANSFER,2571,4,1,0,5,1,1
2558,148.91,PAYMENT,1776,4,1,0,23,2,1
2559,205.99,TRANSFER,1287,4,0,0,16,0,0
2560,374.01,CASH_IN,2569,1,0,0,6,1,0
2561,53.84,PAYMENT,975,5,0,0,15,0,0
2562,161.69,CASH_IN,2608,5,1,0,7,0,0
2563,58.83,DEBIT,1365,4,0,0,13,1,0
2564,191.59,PAYMENT,2190,3,1,0,0,1,0
2565,60.62,CASH_OUT,1554,3,0,0,10,0,0
2566,98.68,PAYMENT,2421,2,0,0,22,0,0
2567,54.83,PAYMENT,387,6,1,0,3,0,0
2568,284.61,CASH_OUT,155,1,1,0,17,0,1
2569,350.18,CASH_OUT,1773,7,0,0,7,1,0
2570,117.38,PAYMENT,2159,4,0,0,10,0,0
2571,154.2,PAYMENT,281,4,0,0,22,0,0
2572,34.86,DEBIT,1606,3,0,0,7,1,1
2573,109.98,CASH_OUT,411,2,0,0,5,0,0
2574,141.15,PAYMENT,1834,2,0,1,11,0,0
2575,2040.18,TRANSFER,2017,2,0,1,6,0,0
2576,48.81,PAYMENT,746,5,0,0,3,0,0
2577,641.74,PAYMENT,1152,8,0,0,6,0,0
2578,402.16,TRANSFER,2529,2,0,1,1,1,0
2579,196.49,TRANSFER,2672,4,0,0,10,0,0
2580,861.45,PAYMENT,53,5,0,1,19,0,1
2581,215.32,CASH_OUT,382,1,0,0,3,0,1
2582,219.02,PAYMENT,2150,5,0,0,18,0,0
2583,140.74,TRANSFER,724,5,0,0,1,0,0
2584,504.5,PAYMENT,544,2,0,0,19,0,0
2585,444.29,TRANSFER,800,2,0,0,17,1,0
2586,79.39,PAYMENT,1083,1,0,0,18,1,0
2587,39.68,CASH_OUT,687,4,0,1,11,1,1
2588,121.15,TRANSFER,1503,4,0,0,13,0,1
2589,66.68,PAYMENT,1510,4,0,0,8,0,0
2590,139.28,PAYMENT,2911,4,0,0,11,1,0
2591,511.55,TRANSFER,1777,2,0,0,0,1,1
2592,93.94,PAYMENT,1080,4,0,0,21,0,0
2593,142.19,TRANSFER,1409,3,0,0,12,0,0
2594,157.28,TRANSFER,651,2,0,1,22,0,0
2595,346.69,CASH_OUT,48,2,0,0,6,1,0
2596,15.69,DEBIT,2605,2,0,0,14,0,0
2597,80.91,TRANSFER,823,3,0,0,19,0,0
2598,183.33,CASH_OUT,1199,1,0,1,6,1,0
2599,492.79,CASH_OUT,1932,4,0,0,23,0,0
2600,90.75,DEBIT,571,4,0,0,23,2,1
2601,22.72,PAYMENT,646,7,0,0,2,1,0
2602,275.81,CASH_IN,1970,5,0,0,21,1,0
2603,78.62,DEBIT,1236,2,0,0,11,0,0
2604,45.17,PAYMENT,194,6,0,1,19,0,0
2605,79.49,PAYMENT,2886,8,0,0,13,0,1
2606,123.41,DEBIT,2941,5,0,0,3,0,0
2607,81.07,CASH_OUT,1267,0,1,0,4,0,0
2608,16.35,PAYMENT,1241,1,0,0,15,0,0
2609,363.97,CASH_OUT,1511,5,0,0,0,1,1
2610,531.06,PAYMENT,1525,2,0,0,13,0,0
2611,284.72,PAYMENT,1822,1,0,0,10,0,0
2612,47.58,TRANSFER,1107,2,1,0,4,0,1
2613,121.33,TRANSFER,2449,4,0,0,10,0,0
2614,147.45,CASH_IN,1980,3,1,0,6,0,1
2615,270.1,TRANSFER,394,1,0,0,16,1,0
2616,289.55,CASH_IN,148,5,0,0,21,0,0
2617,71.22,PAYMENT,438,7,0,0,21,0,0
2618,161.1,TRANSFER,392,5,0,0,16,1,0
2619,234.46,PAYMENT,987,2,0,0,10,0,0
2620,636.4,PAYMENT,1206,0,0,0,3,0,0
2621,300.22,CASH_IN,352,2,0,0,9,0,0
2622,326.7,PAYMENT,787,3,0,0,21,1,0
2623,161.39,CASH_IN,477,1,0,0,23,1,1
2624,608.17,PAYMENT,2781,5,0,0,23,0,0
2625,223.58,PAYMENT,2786,7,0,0,23,0,0
2626,62.73,PAYMENT,1821,3,0,0,19,0,0
2627,603.88,CASH_OUT,1713,1,0,0,10,0,0
2628,298.24,PAYMENT,2419,1,0,0,19,1,0
2629,95.29,CASH_OUT,1320,5,0,0,13,0,0
2630,91.88,CASH_OUT,504,2,1,0,3,1,1
2631,199.65,PAYMENT,320,3,1,0,4,0,0
2632,235.85,TRANSFER,201,5,0,0,14,0,0
2633,180.78,TRANSFER,1492,4,0,0,22,1,0
2634,202.62,DEBIT,330,3,0,0,6,0,0
2635,812.37,PAYMENT,2226,2,0,0,7,0,1
2636,433.35,PAYMENT,2737,2,0,0,7,0,0
2637,179.58,PAYMENT,2775,2,0,0,5,1,0
2638,380.43,CASH_OUT,2494,0,1,0,15,0,0
2639,52.85,CASH_OUT,2334,2,1,0,23,1,1
2640,220.95,DEBIT,1776,3,1,0,23,0,1
2641,906.24,CASH_IN,544,8,0,0,13,0,0
2642,119.34,PAYMENT,708,4,0,0,20,0,0
2643,63.58,TRANSFER,941,2,0,0,22,0,0
2644,77.32,CASH_OUT,2282,4,0,0,20,0,0
2645,49.92,DEBIT,719,1,1,1,11,0,0
2646,67.71,PAYMENT,373,3,0,0,13,0,0
2647,102.46,TRANSFER,2542,1,0,0,21,0,1
2648,36.4,CASH_IN,58,2,0,0,16,0,0
2649,150.75,PAYMENT,2182,6,0,0,13,0,0
2650,365.87,TRANSFER,2411,2,0,0,10,0,0
2651,59.87,DEBIT,136,6,0,0,7,0,0
2652,678.09,CASH_IN,1745,7,0,0,4,0,0
2653,247.35,PAYMENT,131,4,0,0,18,0,0
2654,415.96,PAYMENT,1315,4,0,0,0,0,0
2655,76.87,PAYMENT,1717,1,0,0,1,0,0
2656,348.81,DEBIT,2629,3,0,0,16,0,0
2657,49.8,DEBIT,2214,3,0,0,19,2,0
2658,361.49,CASH_OUT,519,4,0,1,0,0,0
2659,176.24,TRANSFER,96,5,0,0,5,1,0
2660,258.08,PAYMENT,307,3,0,0,10,0,0
2661,45.81,CASH_OUT,1893,4,0,0,13,0,0
2662,60.64,PAYMENT,2289,10,0,0,10,0,0
2663,269.68,CASH_OUT,1403,4,0,0,10,0,0
2664,57.49,CASH_OUT,657,2,0,0,10,2,0
2665,235.85,TRANSFER,2725,2,0,0,3,0,0
2666,37.82,DEBIT,1200,1,0,0,23,0,0
2667,346.6,PAYMENT,394,0,1,0,16,2,0
2668,43.27,CASH_OUT,707,3,0,0,16,0,0
2669,257.83,TRANSFER,1745,2,1,0,15,0,0
2670,277.45,CASH_OUT,2940,4,0,0,21,1,0
2671,73.94,CASH_OUT,2472,3,0,0,4,0,0
2672,265.61,PAYMENT,584,5,1,0,14,0,0
2673,192.57,PAYMENT,832,2,0,0,7,1,0
2674,86.59,PAYMENT,1192,9,0,1,11,1,1
2675,54.13,PAYMENT,453,6,0,0,4,1,0
2676,20.85,CASH_OUT,1306,4,0,0,9,0,0
2677,210.53,PAYMENT,445,3,0,0,9,0,0
2678,31.04,TRANSFER,1560,2,0,0,8,0,0
2679,163.26,PAYMENT,2423,3,0,0,6,1,1
2680,114.04,TRANSFER,2035,2,0,0,0,0,0
2681,292.7,CASH_OUT,2774,2,0,1,21,0,0
2682,109.72,PAYMENT,606,3,0,0,18,1,0
2683,106.76,CASH_OUT,2893,4,0,0,15,0,0
2684,308.55,CASH_IN,2042,3,0,0,0,0,0
2685,207.48,PAYMENT,209,3,0,0,9,0,0
2686,203.6,CASH_OUT,1860,0,0,0,8,0,0
2687,237.29,PAYMENT,243,4,1,0,22,0,0
2688,31.96,PAYMENT,2515,4,0,0,22,0,0
2689,316.33,TRANSFER,182,2,0,1,12,0,0
2690,273.82,PAYMENT,2949,4,0,0,4,0,0
2691,53.69,CASH_IN,970,4,0,0,2,0,0
2692,116.27,PAYMENT,1466,2,0,0,7,0,0
2693,142.69,PAYMENT,1176,2,0,0,3,0,0
2694,129.74,TRANSFER,2683,2,0,0,16,0,0
2695,207.24,TRANSFER,1945,4,0,0,11,0,0
2696,621.02,CASH_OUT,1647,3,0,0,5,0,0
2697,437.8,PAYMENT,1673,4,0,0,13,0,0
2698,39.96,CASH_IN,2829,3,0,0,10,0,0
2699,276.46,DEBIT,1632,5,1,0,1,1,1
2700,560.56,TRANSFER,1833,3,0,0,8,0,0
2701,218.5,CASH_OUT,983,4,1,0,10,0,0
2702,441.85,TRANSFER,817,1,0,0,1,0,0
2703,1110.17,PAYMENT,1359,2,0,0,2,0,1
2704,413.11,PAYMENT,1212,1,0,0,16,0,0
2705,190.43,PAYMENT,181,6,0,0,4,0,0
2706,422.04,DEBIT,2971,4,0,0,2,0,0
2707,171.55,PAYMENT,938,1,0,0,17,0,0
2708,152.0,CASH_OUT,2073,0,0,0,14,0,0
2709,104.44,PAYMENT,2533,5,0,1,2,1,0
2710,708.69,CASH_OUT,363,2,0,0,13,0,0
2711,65.47,PAYMENT,492,2,1,0,13,0,0
2712,687.02,CASH_OUT,1522,4,0,0,17,0,0
2713,244.66,PAYMENT,1900,4,0,0,17,0,0
2714,36.62,CASH_IN,1079,2,0,0,17,0,0
2715,214.36,CASH_IN,835,3,1,0,11,1,0
2716,18.17,CASH_OUT,468,5,0,0,12,0,0
2717,277.41,PAYMENT,2174,1,0,0,12,0,0
2718,359.69,PAYMENT,423,3,0,0,19,0,0
2719,82.08,CASH_IN,296,7,0,0,23,0,0
2720,167.93,PAYMENT,1952,1,0,0,18,2,1
2721,1047.5,PAYMENT,1588,5,0,0,19,0,0
2722,89.5,TRANSFER,2907,2,0,1,19,2,1
2723,51.47,PAYMENT,1251,0,0,0,23,1,0
2724,653.06,PAYMENT,2198,1,0,0,11,0,0
2725,1056.36,TRANSFER,2502,3,0,0,10,0,0
2726,148.96,PAYMENT,1914,2,0,0,12,1,0
2727,408.08,PAYMENT,2081,3,0,0,2,2,0
2728,567.63,TRANSFER,672,4,1,0,23,1,0
2729,70.63,PAYMENT,2896,2,0,0,20,0,0
2730,91.35,CASH_OUT,212,2,0,0,20,0,0
2731,508.2,PAYMENT,2576,2,0,0,20,1,0
2732,800.32,CASH_OUT,2149,0,0,0,19,1,0
2733,260.57,TRANSFER,2147,3,0,0,1,0,0
2734,61.57,TRANSFER,2658,4,0,0,20,0,0
2735,1082.54,PAYMENT,1829,6,0,1,4,0,1
2736,87.27,PAYMENT,152,6,0,0,0,0,0
2737,106.15,CASH_IN,421,5,0,0,20,0,0
2738,209.0,PAYMENT,944,4,1,0,11,2,0
2739,702.16,CASH_OUT,2445,3,0,0,23,0,0
2740,348.62,DEBIT,487,4,0,0,5,0,0
2741,224.72,TRANSFER,2260,3,0,0,22,1,0
2742,235.87,PAYMENT,2589,4,0,1,1,0,0
2743,155.01,PAYMENT,2006,2,1,0,21,0,0
2744,259.34,DEBIT,1125,2,1,0,3,0,0
2745,11.83,CASH_OUT,2801,0,0,1,14,0,0
2746,110.32,CASH_OUT,1828,1,0,0,0,0,0
2747,188.92,TRANSFER,75,2,0,0,8,1,1
2748,46.95,CASH_IN,622,3,0,0,21,0,0
2749,218.4,CASH_OUT,802,1,0,0,4,0,0
2750,120.97,PAYMENT,511,2,0,0,20,0,0
2751,858.75,TRANSFER,1462,2,0,0,1,0,1
2752,715.53,TRANSFER,1228,1,0,0,1,0,0
2753,93.15,PAYMENT,1480,4,1,0,12,0,0
2754,127.63,CASH_IN,684,5,1,0,2,0,0
2755,137.83,PAYMENT,1724,2,0,0,18,0,0
2756,94.48,TRANSFER,2314,4,0,0,4,0,0
2757,180.37,PAYMENT,2764,5,0,0,2,0,0
2758,69.53,PAYMENT,1193,3,0,0,12,0,0
2759,47.91,TRANSFER,93,1,0,0,21,1,1
2760,276.64,DEBIT,2356,0,0,0,4,0,0
2761,278.53,TRANSFER,79,4,0,0,7,0,0
2762,66.4,PAYMENT,244,6,0,0,11,0,0
2763,363.35,CASH_OUT,1690,1,1,0,21,0,0
2764,78.92,PAYMENT,2113,4,0,0,14,0,0
2765,191.17,PAYMENT,1704,4,0,0,22,0,0
2766,337.09,PAYMENT,2508,5,0,0,0,0,0
2767,143.51,PAYMENT,534,3,0,1,4,0,0
2768,233.86,TRANSFER,1621,2,0,0,9,0,0
2769,88.55,TRANSFER,278,0,0,0,0,1,1
2770,121.94,PAYMENT,763,6,1,0,8,0,0
2771,120.8,CASH_OUT,1890,2,0,0,5,0,1
2772,70.35,PAYMENT,2882,4,0,0,12,0,0
2773,124.37,DEBIT,497,1,0,0,10,0,0
2774,31.54,TRANSFER,2838,3,1,0,15,1,0
2775,90.82,PAYMENT,539,0,0,0,22,1,0
2776,111.62,DEBIT,1493,3,0,0,14,1,0
2777,114.87,PAYMENT,2803,3,0,0,11,0,0
2778,116.57,TRANSFER,2887,3,0,0,6,3,0
2779,139.52,PAYMENT,1843,3,0,0,21,0,0
2780,239.71,CASH_OUT,1539,4,1,0,0,0,1
2781,355.85,TRANSFER,195,2,0,1,12,0,1
2782,77.5,PAYMENT,1109,2,0,0,10,0,0
2783,44.56,PAYMENT,1431,5,0,0,19,0,0
2784,52.35,CASH_OUT,2923,1,1,0,13,0,0
2785,91.18,PAYMENT,1448,4,1,0,9,0,0
2786,104.38,PAYMENT,1444,3,0,1,5,0,1
2787,68.72,TRANSFER,1405,2,0,0,15,0,0
2788,40.6,CASH_IN,2623,2,0,0,12,0,0
2789,94.05,PAYMENT,92,2,0,0,21,1,0
2790,177.94,PAYMENT,2779,3,0,0,21,1,0
2791,269.09,CASH_IN,584,2,0,0,9,1,0
2792,84.99,PAYMENT,2684,3,1,0,6,1,0
2793,98.2,CASH_OUT,2225,1,0,0,0,1,1
2794,58.75,DEBIT,1572,3,0,0,14,0,0
2795,143.82,CASH_IN,1779,4,0,0,4,0,1
2796,63.53,PAYMENT,337,4,0,0,21,0,0
2797,263.26,PAYMENT,1858,7,1,0,17,0,0
2798,24.88,PAYMENT,127,2,0,0,22,1,1
2799,103.58,DEBIT,1355,1,1,0,21,0,0
2800,200.56,DEBIT,1095,6,1,0,0,0,0
2801,178.37,PAYMENT,2393,3,0,0,11,0,0
2802,2193.02,CASH_OUT,783,1,0,0,21,0,0
2803,210.57,CASH_IN,1812,2,0,0,2,0,1
2804,54.38,PAYMENT,2667,2,1,0,7,1,0
2805,134.9,PAYMENT,1689,4,0,0,2,0,0
2806,25.12,PAYMENT,2054,0,0,0,7,0,0
2807,136.92,TRANSFER,1085,4,0,1,6,0,0
2808,64.52,CASH_IN,708,3,0,0,4,0,1
2809,370.7,DEBIT,1335,1,0,0,1,0,0
2810,85.67,PAYMENT,1819,3,0,1,14,1,0
2811,132.06,PAYMENT,2758,6,0,0,13,0,0
2812,78.61,TRANSFER,2948,4,0,1,8,0,0
2813,844.59,CASH_OUT,2470,2,0,0,4,0,0
2814,107.64,CASH_OUT,2773,2,1,0,17,0,0
2815,927.56,TRANSFER,1618,1,0,0,13,0,0
2816,335.01,TRANSFER,2996,4,0,0,2,1,0
2817,240.34,PAYMENT,2926,3,1,0,20,0,0
2818,214.59,TRANSFER,977,4,0,0,11,0,0
2819,220.04,DEBIT,1129,5,0,0,9,1,0
2820,21.59,PAYMENT,1011,5,0,0,17,0,0
2821,112.29,TRANSFER,436,2,0,0,5,0,0
2822,345.56,PAYMENT,2351,2,0,0,21,1,0
2823,141.33,TRANSFER,2818,4,0,0,23,1,1
2824,36.41,TRANSFER,578,6,0,0,8,0,0
2825,140.84,TRANSFER,1700,6,0,0,4,1,0
2826,815.75,CASH_IN,2138,0,0,0,22,0,0
2827,516.41,PAYMENT,542,2,0,0,6,1,0
2828,139.49,TRANSFER,1113,5,0,0,9,0,0
2829,384.31,PAYMENT,931,0,0,0,14,0,0
2830,102.87,CASH_OUT,2457,5,0,0,16,0,0
2831,27.01,PAYMENT,1892,3,0,0,19,0,0
2832,58.88,CASH_IN,2424,2,0,1,7,1,1
2833,708.31,PAYMENT,1829,4,0,1,4,0,1
2834,112.84,PAYMENT,2476,4,0,0,10,1,0
2835,116.35,PAYMENT,36,3,0,0,6,0,0
2836,109.96,DEBIT,1444,3,1,0,9,0,0
2837,996.39,PAYMENT,958,1,0,0,12,1,0
2838,754.43,PAYMENT,2006,5,0,0,1,0,0
2839,1364.82,PAYMENT,1188,1,0,0,7,0,0
2840,126.59,PAYMENT,1073,2,0,1,4,0,0
2841,199.46,PAYMENT,2404,0,1,1,18,0,0
2842,32.57,TRANSFER,1487,0,0,0,2,1,0
2843,649.98,PAYMENT,683,5,0,0,13,0,0
2844,46.16,TRANSFER,1427,2,0,1,7,0,0
2845,184.34,PAYMENT,2220,2,1,0,15,0,0
2846,49.54,TRANSFER,2471,6,0,0,15,0,0
2847,82.36,TRANSFER,512,3,0,0,15,1,1
2848,64.25,PAYMENT,1690,1,0,0,16,1,0
2849,80.81,PAYMENT,2568,3,0,0,5,0,0
2850,86.56,PAYMENT,980,3,0,0,16,0,0
2851,85.78,PAYMENT,441,2,1,1,3,0,0
2852,341.5,CASH_OUT,383,1,0,0,15,0,0
2853,49.16,TRANSFER,2509,2,0,0,1,0,1
2854,185.03,CASH_OUT,32,4,0,0,7,1,0
2855,501.68,PAYMENT,160,3,1,0,14,0,0
2856,88.84,PAYMENT,1128,5,0,0,1,0,0
2857,72.39,PAYMENT,1377,5,0,0,16,0,0
2858,117.86,TRANSFER,2003,2,0,0,8,0,0
2859,482.86,TRANSFER,1053,4,0,0,12,0,0
2860,180.21,PAYMENT,189,2,1,0,11,0,0
2861,87.25,CASH_OUT,2094,4,0,0,9,0,0
2862,240.78,PAYMENT,1448,2,0,0,9,1,0
2863,49.29,DEBIT,385,3,0,0,4,0,1
2864,293.35,PAYMENT,1085,2,1,0,20,0,0
2865,223.32,CASH_OUT,2966,4,0,0,13,0,0
2866,109.09,PAYMENT,2560,1,0,0,10,0,0
2867,64.16,CASH_IN,1939,0,0,0,10,1,0
2868,61.15,PAYMENT,1677,1,0,0,6,1,0
2869,253.36,PAYMENT,2687,2,0,0,1,0,0
2870,507.24,PAYMENT,2850,2,0,0,6,0,0
2871,78.47,DEBIT,886,6,0,0,10,0,0
2872,234.72,DEBIT,825,6,0,0,23,0,0
2873,18.41,PAYMENT,831,5,1,0,5,0,0
2874,82.71,CASH_OUT,371,7,0,0,3,1,1
2875,143.87,TRANSFER,435,2,0,0,10,0,0
2876,59.76,PAYMENT,1426,6,0,0,0,0,0
2877,58.18,PAYMENT,1339,1,0,0,16,0,0
2878,76.11,DEBIT,2637,4,0,0,10,0,0
2879,198.78,TRANSFER,606,6,0,0,7,0,0
2880,123.06,PAYMENT,250,7,0,0,9,1,0
2881,15.83,PAYMENT,2224,2,0,0,8,0,0
2882,17.8,PAYMENT,1233,3,0,0,17,0,0
2883,80.89,TRANSFER,1563,3,0,0,18,0,0
2884,234.55,PAYMENT,1350,3,1,0,21,0,0
2885,9.51,TRANSFER,1402,3,0,0,23,0,0
2886,90.04,PAYMENT,520,0,0,0,17,0,0
2887,87.69,PAYMENT,2430,5,0,0,15,1,0
2888,594.87,PAYMENT,1040,4,0,0,20,1,0
2889,100.99,CASH_IN,2158,3,0,0,12,1,0
2890,217.67,PAYMENT,899,3,1,0,12,1,1
2891,170.93,CASH_OUT,2782,1,1,0,9,0,0
2892,17.63,PAYMENT,2511,8,0,0,5,1,0
2893,319.96,TRANSFER,1862,3,0,0,11,0,0
2894,184.08,PAYMENT,1176,3,0,0,17,0,0
2895,246.72,CASH_OUT,769,0,0,0,6,0,0
2896,7526.89,CASH_IN,539,4,0,0,17,1,1
2897,18.47,PAYMENT,623,3,0,0,21,0,0
2898,832.72,PAYMENT,2990,6,0,0,9,0,0
2899,111.34,CASH_OUT,2557,3,0,0,19,0,0
2900,197.81,PAYMENT,784,3,0,0,6,0,0
2901,141.81,CASH_OUT,1492,1,0,0,18,0,0
2902,97.1,PAYMENT,2804,6,0,0,12,1,0
2903,83.95,CASH_OUT,1227,1,0,0,14,0,0
2904,206.34,TRANSFER,375,2,0,1,10,0,1
2905,32.55,PAYMENT,134,4,1,1,21,1,1
2906,314.37,CASH_OUT,1622,6,0,0,10,0,0
2907,97.89,TRANSFER,817,4,0,0,3,0,0
2908,47.94,PAYMENT,1508,5,0,0,1,0,1
2909,94.63,PAYMENT,1347,2,1,0,12,0,0
2910,521.73,TRANSFER,2872,4,1,0,21,1,0
2911,86.89,PAYMENT,422,1,1,0,13,0,0
2912,212.4,DEBIT,2273,2,0,0,16,0,0
2913,71.45,CASH_OUT,2062,2,0,0,13,0,1
2914,316.69,PAYMENT,2499,3,0,0,14,2,0
2915,294.57,CASH_IN,1530,2,0,0,6,0,0
2916,942.57,PAYMENT,910,2,0,0,2,0,0
2917,124.52,TRANSFER,247,3,0,0,19,0,0
2918,289.64,PAYMENT,2230,2,0,0,21,0,0
2919,163.71,CASH_OUT,1835,2,0,0,17,1,1
2920,542.33,CASH_OUT,2114,4,0,0,20,1,1
2921,72.32,TRANSFER,719,6,0,0,19,1,0
2922,312.63,PAYMENT,1401,4,0,0,11,1,0
2923,122.16,PAYMENT,741,1,0,0,20,0,0
2924,139.19,PAYMENT,2024,3,0,0,23,0,0
2925,162.67,PAYMENT,2387,3,0,0,1,0,0
2926,190.99,PAYMENT,1690,2,1,0,5,0,0
2927,132.13,CASH_OUT,1852,7,0,0,16,1,0
2928,183.96,CASH_IN,2327,0,0,0,14,0,0
2929,719.18,PAYMENT,1432,2,0,0,2,0,0
2930,397.6,PAYMENT,971,5,1,1,7,0,1
2931,353.95,CASH_IN,2817,2,0,0,4,1,1
2932,94.11,CASH_IN,2702,2,0,0,3,0,0
2933,60.99,TRANSFER,121,0,1,0,3,0,1
2934,385.79,PAYMENT,1495,0,0,0,6,0,0
2935,356.4,CASH_OUT,1734,7,0,1,7,1,0
2936,647.21,CASH_OUT,2652,2,0,0,19,0,0
2937,81.13,PAYMENT,2561,3,0,0,12,0,0
2938,117.97,TRANSFER,2911,3,0,0,17,0,0
2939,28.8,TRANSFER,2379,8,1,0,1,0,0
2940,100.24,PAYMENT,517,1,0,0,19,0,0
2941,402.05,CASH_OUT,513,1,0,0,2,0,1
2942,93.08,TRANSFER,677,0,1,0,15,0,1
2943,281.6,CASH_OUT,580,2,0,0,18,1,1
2944,122.67,TRANSFER,1974,3,0,0,9,0,0
2945,205.21,PAYMENT,2540,1,0,0,0,0,0
2946,47.1,CASH_OUT,1403,4,0,0,20,1,0
2947,161.61,CASH_OUT,332,0,0,0,22,0,0
2948,7.45,DEBIT,447,4,0,0,2,0,1
2949,123.11,PAYMENT,2145,5,0,0,5,1,0
2950,29.06,PAYMENT,2134,4,0,0,6,1,0
2951,495.71,DEBIT,1523,6,0,0,1,0,0
2952,322.92,CASH_OUT,1206,2,0,0,22,0,0
2953,236.67,DEBIT,230,2,0,0,14,0,0
2954,679.26,PAYMENT,2676,4,0,1,14,0,0
2955,57.46,PAYMENT,859,3,0,0,2,0,1
2956,851.81,PAYMENT,1301,5,0,0,18,0,0
2957,376.98,CASH_IN,1167,4,1,0,22,0,0
2958,117.15,CASH_IN,1431,6,0,1,5,0,0
2959,462.03,TRANSFER,1769,2,0,0,20,0,1
2960,49.09,PAYMENT,2212,6,0,0,17,2,0
2961,65.07,PAYMENT,2940,3,0,0,16,0,0
2962,80.75,TRANSFER,803,4,0,0,21,0,0
2963,87.45,TRANSFER,979,2,0,0,22,0,0
2964,51.6,CASH_OUT,1176,3,0,0,16,0,0
2965,504.26,PAYMENT,2672,4,1,0,10,0,0
2966,114.57,TRANSFER,2290,3,0,1,8,0,0
2967,211.14,PAYMENT,816,2,0,0,20,1,0
2968,83.9,CASH_OUT,2579,4,0,0,9,0,0
2969,24.03,TRANSFER,1328,1,0,0,22,0,0
2970,194.43,DEBIT,1289,4,0,0,1,0,0
2971,21.93,CASH_OUT,1599,1,0,0,14,0,0
2972,138.57,PAYMENT,200,5,0,0,23,0,0
2973,37.78,PAYMENT,1706,3,1,1,15,0,0
2974,1082.77,DEBIT,2497,3,0,1,18,0,1
2975,369.21,PAYMENT,1150,0,0,0,14,0,0
2976,164.97,PAYMENT,2901,1,0,0,10,0,0
2977,525.16,DEBIT,2098,2,0,1,5,0,0
2978,63.67,CASH_OUT,2367,0,0,0,7,0,0
2979,255.57,TRANSFER,2699,3,0,0,18,0,1
2980,181.24,PAYMENT,1846,1,0,0,13,0,0
2981,193.26,CASH_IN,1135,1,0,0,13,0,0
2982,529.72,PAYMENT,2184,2,0,0,11,0,0
2983,308.74,PAYMENT,1832,2,0,0,3,0,0
2984,198.09,PAYMENT,1840,1,0,0,0,0,0
2985,28.36,PAYMENT,2766,2,0,0,18,0,0
2986,56.82,DEBIT,1983,4,0,0,7,0,0
2987,131.27,CASH_OUT,1951,6,0,0,20,0,0
2988,162.94,CASH_OUT,2363,6,0,0,18,1,1
2989,47.93,DEBIT,650,0,0,0,10,1,1
2990,1655.2,PAYMENT,1603,5,0,0,17,0,0
2991,676.14,PAYMENT,2860,2,0,0,12,0,0
2992,271.0,TRANSFER,757,4,0,0,9,0,1
2993,159.5,TRANSFER,2905,3,0,0,1,0,0
2994,120.04,TRANSFER,161,2,0,0,10,0,0
2995,57.29,PAYMENT,368,3,0,0,16,0,0
2996,160.37,TRANSFER,250,2,0,0,17,0,0
2997,192.05,PAYMENT,811,7,1,0,21,0,1
2998,42.87,PAYMENT,2926,5,0,0,19,2,0
2999,207.3,PAYMENT,106,5,0,0,19,0,0
3000,127.07,PAYMENT,2682,0,0,0,3,0,0
3001,22.03,PAYMENT,621,5,0,0,3,0,0
3002,62.78,PAYMENT,2127,7,0,0,17,0,0
3003,98.14,DEBIT,2825,3,1,0,13,0,0
3004,980.13,DEBIT,1396,1,1,0,14,0,0
3005,258.93,TRANSFER,361,4,0,0,20,0,0
3006,39.04,DEBIT,1205,4,0,0,12,0,0
3007,241.3,DEBIT,2755,2,0,1,8,1,1
3008,31.59,PAYMENT,1434,1,0,0,9,1,0
3009,438.21,TRANSFER,987,3,0,1,11,0,0
3010,92.65,DEBIT,2398,5,0,0,13,0,0
3011,135.15,CASH_OUT,1143,2,0,0,12,1,0
3012,558.8,PAYMENT,558,2,1,0,16,0,1
3013,40.97,CASH_OUT,897,3,0,0,9,0,0
3014,36.7,PAYMENT,1966,1,0,0,2,0,0
3015,82.8,PAYMENT,770,4,0,0,8,1,0
3016,419.21,PAYMENT,1336,3,1,0,14,0,0
3017,32.48,PAYMENT,1787,2,0,0,15,1,0
3018,8.74,PAYMENT,1286,3,0,0,20,1,0
3019,94.52,CASH_IN,1405,3,0,0,23,0,0
3020,257.69,PAYMENT,745,2,0,1,13,0,0
3021,492.88,PAYMENT,462,6,1,0,5,2,0
3022,93.4,PAYMENT,2034,3,0,0,10,0,0
3023,98.35,TRANSFER,2047,6,0,0,11,0,0
3024,470.55,DEBIT,2457,4,0,0,21,2,0
3025,22.88,PAYMENT,286,2,0,0,23,0,1
3026,100.63,PAYMENT,2474,1,0,0,11,0,0
3027,179.54,TRANSFER,2866,5,0,1,1,0,1
3028,232.58,TRANSFER,2334,4,0,0,1,1,0
3029,89.14,PAYMENT,2236,8,0,0,20,0,0
3030,153.61,PAYMENT,2906,4,0,0,7,0,0
3031,12.33,TRANSFER,232,2,0,0,15,0,0
3032,76.84,PAYMENT,2067,2,0,0,3,0,0
3033,233.58,DEBIT,717,5,0,0,7,0,0
3034,55.57,PAYMENT,111,3,0,1,13,0,0
3035,157.43,PAYMENT,1499,0,0,0,20,0,0
3036,232.03,CASH_IN,1078,0,0,1,16,1,0
3037,105.37,CASH_IN,47,5,0,0,17,0,0
3038,176.0,PAYMENT,990,0,0,0,19,1,1
3039,56.67,DEBIT,1849,5,0,0,7,0,0
3040,120.71,CASH_OUT,1825,4,0,0,3,0,0
3041,273.2,PAYMENT,2964,1,1,0,16,0,0
3042,173.64,TRANSFER,50,4,0,0,14,0,1
3043,82.56,PAYMENT,1201,4,0,0,12,0,0
3044,185.72,PAYMENT,2715,5,0,0,15,0,0
3045,303.27,PAYMENT,765,2,0,0,7,2,1
3046,19.11,TRANSFER,662,4,0,0,16,0,0
3047,472.99,CASH_IN,2717,2,1,0,7,0,1
3048,106.03,PAYMENT,475,2,0,0,19,0,0
3049,227.12,PAYMENT,316,4,0,0,20,0,0
3050,491.39,TRANSFER,897,2,0,0,17,0,0
3051,37.65,CASH_OUT,694,2,0,0,1,0,0
3052,73.01,CASH_OUT,1378,1,0,0,13,1,0
3053,111.21,PAYMENT,2277,3,1,1,0,0,0
3054,67.78,TRANSFER,2862,2,0,0,12,0,0
3055,841.29,PAYMENT,2028,0,0,0,5,0,0
3056,63.01,CASH_OUT,177,6,0,0,23,0,0
3057,85.15,PAYMENT,1866,0,0,0,1,0,0
3058,182.07,PAYMENT,2444,2,0,0,20,0,0
3059,44.61,TRANSFER,2298,1,0,0,11,0,0
3060,99.91,CASH_IN,257,3,0,1,22,0,1
3061,203.86,TRANSFER,335,4,0,0,23,0,1
3062,106.39,DEBIT,208,2,0,0,1,1,0
3063,135.18,PAYMENT,1941,4,0,0,12,0,0
3064,87.42,TRANSFER,1529,1,0,0,20,0,0
3065,32.64,TRANSFER,2027,3,1,0,20,1,1
3066,204.71,CASH_OUT,446,1,1,0,7,0,0
3067,858.28,CASH_IN,2687,1,0,0,4,1,0
3068,151.17,CASH_IN,2705,2,0,0,9,1,0
3069,185.91,CASH_OUT,2200,3,0,0,15,0,0
3070,296.7,CASH_OUT,2362,2,0,1,4,0,0
3071,41.71,DEBIT,2784,2,0,0,19,1,1
3072,814.45,PAYMENT,1805,3,0,0,18,1,1
3073,181.69,CASH_IN,1780,1,0,0,14,0,0
3074,758.89,DEBIT,2080,4,0,0,17,0,1
3075,71.31,TRANSFER,2837,4,0,0,17,0,0
3076,914.21,CASH_OUT,291,4,1,0,13,1,0
3077,322.19,PAYMENT,1524,3,0,0,14,1,0
3078,258.02,PAYMENT,361,0,1,0,14,0,0
3079,187.55,TRANSFER,290,3,0,0,6,0,1
3080,115.75,PAYMENT,2849,1,0,0,1,1,0
3081,493.01,TRANSFER,476,5,1,0,10,0,0
3082,170.78,CASH_IN,1269,4,0,0,20,0,0
3083,20.76,PAYMENT,802,11,1,0,20,0,1
3084,48.56,PAYMENT,2556,3,0,0,11,0,0
3085,123.24,CASH_OUT,2646,1,0,0,6,1,0
3086,202.35,PAYMENT,2944,3,1,0,9,0,0
3087,140.25,TRANSFER,2672,4,0,0,16,0,0
3088,502.19,TRANSFER,2517,3,0,0,9,0,1
3089,21.09,PAYMENT,229,2,0,0,10,0,0
3090,171.33,PAYMENT,697,2,0,0,14,0,0
3091,24.1,CASH_IN,2356,3,1,0,14,0,0
3092,317.26,PAYMENT,1188,3,0,0,4,0,0
3093,135.04,TRANSFER,323,5,0,0,15,0,0
3094,225.79,DEBIT,2282,8,0,0,1,0,0
3095,62.56,CASH_IN,2954,4,0,1,6,0,0
3096,533.5,PAYMENT,1750,4,1,1,5,0,0
3097,420.62,TRANSFER,114,6,0,0,11,1,1
3098,266.01,CASH_OUT,322,1,0,0,17,1,0
3099,130.38,CASH_OUT,2467,2,0,0,9,1,0
3100,265.03,CASH_OUT,1191,2,0,0,3,0,1
3101,73.19,TRANSFER,440,1,0,0,12,0,0
3102,349.17,PAYMENT,538,4,0,0,21,1,1
3103,772.38,TRANSFER,647,2,0,1,20,0,0
3104,432.94,CASH_OUT,1110,2,0,0,13,0,0
3105,71.55,CASH_OUT,2169,2,1,0,6,0,0
3106,213.03,PAYMENT,813,3,1,0,6,1,0
3107,40.73,PAYMENT,1423,3,0,0,17,0,0
3108,263.06,DEBIT,2648,5,0,0,9,0,0
3109,232.9,PAYMENT,1465,3,0,0,9,0,0
3110,22.88,PAYMENT,800,4,0,0,16,0,0
3111,46.44,CASH_OUT,2006,5,0,0,20,1,0
3112,111.82,TRANSFER,2270,0,0,0,22,0,0
3113,109.85,PAYMENT,1170,0,0,0,9,0,0
3114,44.28,TRANSFER,736,2,0,0,0,0,0
3115,218.98,TRANSFER,2747,4,0,0,5,1,1
3116,190.85,TRANSFER,1328,5,1,0,0,1,1
3117,122.21,DEBIT,2981,2,0,0,10,0,0
3118,69.7,PAYMENT,653,6,0,0,17,0,0
3119,423.57,CASH_OUT,770,1,0,0,17,0,0
3120,776.97,PAYMENT,226,5,1,0,17,0,0
3121,91.51,PAYMENT,2367,3,0,0,4,0,0
3122,80.47,CASH_OUT,1539,0,0,0,20,0,0
3123,242.55,PAYMENT,795,5,0,1,4,0,0
3124,103.75,TRANSFER,1464,3,0,0,12,0,0
3125,129.1,PAYMENT,1476,1,0,0,1,0,0
3126,310.96,PAYMENT,1351,6,0,0,2,0,0
3127,21.99,TRANSFER,1040,3,0,0,7,0,0
3128,554.63,CASH_OUT,117,1,0,0,20,2,1
3129,159.6,PAYMENT,205,1,1,0,9,0,0
3130,98.35,DEBIT,2355,2,0,0,1,0,0
3131,135.74,PAYMENT,1396,2,0,1,15,0,0
3132,142.94,PAYMENT,1350,2,0,0,6,0,0
3133,26.28,PAYMENT,2501,5,1,1,7,0,0
3134,661.78,PAYMENT,1469,2,0,0,21,0,0
3135,154.67,PAYMENT,1872,3,0,0,16,0,0
3136,231.14,CASH_OUT,62,6,0,0,3,0,1
3137,384.35,TRANSFER,1081,3,0,0,10,1,0
3138,53.45,PAYMENT,238,3,0,0,4,0,0
3139,238.29,DEBIT,2679,4,0,0,19,0,0
3140,113.56,PAYMENT,1647,2,0,0,16,0,0
3141,346.11,PAYMENT,277,3,0,0,20,0,0
3142,17.69,PAYMENT,2924,4,1,0,3,0,0
3143,134.41,PAYMENT,1411,5,0,0,8,1,0
3144,81.22,TRANSFER,819,4,1,0,14,0,0
3145,228.67,PAYMENT,47,3,0,0,16,0,0
3146,237.47,TRANSFER,2290,2,0,0,22,0,0
3147,73.14,CASH_OUT,1776,2,0,0,22,0,0
3148,72.81,CASH_OUT,2591,2,1,1,18,0,0
3149,132.87,CASH_OUT,1147,5,0,0,23,1,0
3150,60.54,PAYMENT,886,3,1,0,23,0,0
3151,344.46,PAYMENT,2999,3,0,1,22,0,0
3152,102.6,TRANSFER,2884,6,0,0,14,0,0
3153,8.11,PAYMENT,1070,1,0,0,11,0,0
3154,102.02,PAYMENT,1292,2,0,0,6,0,0
3155,52.53,TRANSFER,2605,2,0,0,4,0,0
3156,29.04,PAYMENT,1720,3,0,0,12,0,0
3157,43.06,CASH_OUT,2254,4,0,0,1,0,1
3158,165.57,PAYMENT,327,5,1,0,14,1,1
3159,560.39,DEBIT,1116,6,0,0,1,0,0
3160,203.0,CASH_OUT,1027,3,0,0,2,0,1
3161,80.92,PAYMENT,2874,4,1,0,1,2,1
3162,234.14,TRANSFER,2440,3,0,0,18,0,0
3163,93.78,TRANSFER,2693,4,0,0,5,0,0
3164,74.1,CASH_OUT,2345,4,0,0,18,0,0
3165,46.79,TRANSFER,529,4,1,0,6,0,0
3166,25.74,TRANSFER,943,2,1,1,22,0,1
3167,100.49,PAYMENT,246,5,0,0,11,1,0
3168,173.83,PAYMENT,675,3,0,0,15,0,0
3169,134.74,DEBIT,1034,2,0,0,12,0,0
3170,97.91,PAYMENT,1339,5,1,0,7,1,0
3171,57.64,PAYMENT,2623,3,0,0,16,0,0
3172,272.67,PAYMENT,2800,2,0,1,7,0,0
3173,39.76,CASH_IN,1751,3,0,0,21,0,0
3174,322.48,TRANSFER,997,4,0,0,18,0,1
3175,54.48,CASH_OUT,2770,4,0,1,3,0,0
3176,69.93,CASH_IN,813,3,0,0,10,0,0
3177,34.23,CASH_IN,951,7,1,0,18,1,1
3178,89.89,TRANSFER,1502,4,0,0,6,1,1
3179,393.59,PAYMENT,1750,3,1,0,7,0,0
3180,248.55,PAYMENT,2104,0,0,0,13,0,0
3181,394.82,TRANSFER,1545,1,0,0,8,0,0
3182,250.17,PAYMENT,2339,2,0,0,7,0,0
3183,49.22,TRANSFER,676,6,0,0,6,1,1
3184,106.61,TRANSFER,2766,2,0,0,20,0,0
3185,68.02,CASH_OUT,2599,1,0,0,13,1,1
3186,561.48,PAYMENT,1163,3,0,0,3,0,0
3187,44.84,PAYMENT,1486,2,1,0,17,0,0
3188,362.74,CASH_OUT,1532,4,1,0,20,0,1
3189,362.47,PAYMENT,653,2,0,0,2,0,0
3190,924.84,CASH_OUT,1666,2,1,0,23,1,1
3191,98.53,TRANSFER,1839,0,0,0,3,0,1
3192,302.57,DEBIT,296,1,0,0,17,0,0
3193,1453.39,CASH_IN,807,3,0,0,13,0,0
3194,80.03,TRANSFER,697,3,0,0,10,1,1
3195,31.98,CASH_OUT,83,4,0,0,6,0,0
3196,22.65,PAYMENT,2851,2,0,0,17,0,0
3197,302.69,PAYMENT,424,5,0,0,23,0,1
3198,22.58,CASH_OUT,541,3,0,0,0,0,0
3199,102.28,CASH_OUT,830,1,0,0,12,0,0
3200,229.82,TRANSFER,354,5,0,0,14,1,0
3201,178.6,PAYMENT,125,3,0,1,6,0,0
3202,227.11,CASH_IN,2056,2,0,1,17,0,0
3203,185.36,PAYMENT,203,4,1,0,2,0,0
3204,533.18,CASH_IN,373,3,0,0,18,0,0
3205,57.26,CASH_OUT,2282,3,0,0,22,0,0
3206,75.41,PAYMENT,84,4,0,0,7,0,0
3207,68.53,PAYMENT,1800,4,0,0,12,1,0
3208,340.42,PAYMENT,739,2,0,0,6,0,0
3209,365.18,CASH_IN,2303,5,1,0,1,0,1
3210,233.04,CASH_IN,1670,2,1,0,17,1,0
3211,484.68,TRANSFER,1844,5,1,0,16,0,0
3212,45.69,TRANSFER,1743,5,0,0,16,1,0
3213,786.21,CASH_OUT,2379,1,0,0,15,1,0
3214,680.78,TRANSFER,249,3,0,0,22,0,0
3215,309.71,CASH_OUT,457,4,1,0,6,0,0
3216,881.65,PAYMENT,170,7,0,1,13,0,1
3217,28.31,CASH_IN,2532,4,0,0,14,0,0
3218,87.84,CASH_OUT,1997,2,0,0,13,0,0
3219,71.14,PAYMENT,2222,1,1,0,7,0,0
3220,305.36,CASH_IN,2603,3,0,0,5,0,0
3221,51.93,TRANSFER,187,6,0,0,22,0,0
3222,316.55,PAYMENT,134,2,0,0,21,0,0
3223,584.37,PAYMENT,2819,4,0,0,21,0,0
3224,297.44,CASH_OUT,2967,2,0,0,6,0,0
3225,197.11,CASH_IN,1979,2,0,0,21,1,0
3226,55.26,CASH_IN,318,6,0,1,4,1,1
3227,63.63,CASH_OUT,661,3,1,0,2,0,1
3228,517.82,PAYMENT,1238,2,1,0,10,0,0
3229,323.55,PAYMENT,1270,2,1,0,2,0,0
3230,142.73,PAYMENT,1084,4,0,0,12,0,0
3231,97.72,CASH_IN,308,3,0,0,3,2,0
3232,19.57,DEBIT,254,5,0,1,13,0,1
3233,50.86,PAYMENT,1936,3,0,0,3,1,0
3234,1003.67,CASH_OUT,1740,3,1,0,18,0,0
3235,41.25,TRANSFER,113,5,0,0,10,0,1
3236,179.38,PAYMENT,1621,1,0,0,9,0,0
3237,406.44,TRANSFER,2169,3,0,0,1,2,1
3238,42.31,CASH_IN,37,3,0,0,11,0,0
3239,178.52,PAYMENT,1684,3,0,0,14,0,0
3240,379.14,CASH_IN,508,2,0,0,16,0,0
3241,150.28,PAYMENT,137,1,0,0,7,0,0
3242,2613.39,PAYMENT,1324,3,0,0,3,0,0
3243,27.98,PAYMENT,2314,6,0,0,20,0,0
3244,427.83,CASH_IN,2044,2,0,1,1,0,0
3245,124.86,TRANSFER,2606,5,0,0,23,0,0
3246,321.15,CASH_OUT,1657,4,0,0,11,0,0
3247,230.74,TRANSFER,658,2,0,0,3,0,0
3248,71.3,TRANSFER,1440,3,0,0,3,0,0
3249,186.61,CASH_IN,1272,2,0,0,19,1,0
3250,23.15,TRANSFER,1518,2,0,0,3,0,0
3251,271.31,CASH_IN,1202,3,0,0,22,1,0
3252,199.97,PAYMENT,1410,4,0,0,5,0,0
3253,281.09,CASH_OUT,2131,2,0,0,10,0,0
3254,427.57,CASH_OUT,1192,4,0,0,22,0,0
3255,214.35,CASH_IN,1723,2,0,0,13,0,0
3256,172.1,PAYMENT,1911,5,0,0,23,1,1
3257,61.49,CASH_OUT,2826,7,0,0,4,0,0
3258,72.8,TRANSFER,456,5,1,0,15,0,0
3259,486.26,PAYMENT,2575,3,0,0,8,0,0
3260,624.12,PAYMENT,1345,2,0,1,21,0,1
3261,116.97,PAYMENT,2423,3,0,0,4,0,0
3262,155.4,CASH_IN,540,5,0,0,22,0,0
3263,60.06,CASH_OUT,470,0,1,0,11,1,1
3264,479.51,PAYMENT,1799,3,1,0,17,0,0
3265,288.71,CASH_IN,1685,4,1,0,4,0,1
3266,1034.03,PAYMENT,951,3,0,0,8,0,0
3267,61.66,CASH_OUT,2056,4,0,0,13,1,1
3268,101.7,CASH_IN,2799,2,0,0,11,1,0
3269,187.06,CASH_IN,2305,1,0,0,13,1,0
3270,283.3,PAYMENT,2687,3,0,0,0,1,1
3271,119.62,CASH_OUT,2905,3,0,0,19,1,0
3272,61.99,TRANSFER,1143,2,0,0,8,0,0
3273,358.31,CASH_IN,819,3,0,0,21,0,1
3274,305.25,TRANSFER,425,2,0,0,16,0,0
3275,59.37,CASH_OUT,857,2,1,0,3,0,1
3276,575.62,PAYMENT,594,2,0,0,11,0,0
3277,478.28,TRANSFER,2233,2,0,0,5,1,0
3278,169.74,TRANSFER,821,2,1,0,7,1,0
3279,160.71,CASH_OUT,532,2,0,0,17,0,1
3280,258.28,CASH_OUT,810,4,1,0,11,0,0
3281,62.7,DEBIT,363,3,0,0,19,0,0
3282,152.94,CASH_OUT,520,4,0,0,3,1,0
3283,17.25,PAYMENT,1660,3,0,0,7,1,0
3284,356.54,CASH_IN,2405,3,0,0,22,0,0
3285,31.14,PAYMENT,2078,4,0,0,2,0,0
3286,667.42,CASH_OUT,1413,1,0,0,12,0,0
3287,106.68,CASH_IN,2704,0,1,1,0,0,1
3288,120.1,PAYMENT,2264,2,0,0,10,0,0
3289,79.22,CASH_IN,2346,8,0,0,18,0,0
3290,111.27,CASH_OUT,2200,4,0,1,13,0,0
3291,613.1,TRANSFER,581,3,0,0,14,1,0
3292,12.33,PAYMENT,1272,4,1,0,15,1,1
3293,532.17,TRANSFER,1469,5,0,0,1,1,1
3294,208.1,DEBIT,1239,4,0,0,15,0,0
3295,44.39,PAYMENT,2665,2,0,0,20,0,0
3296,50.64,TRANSFER,365,2,0,0,22,0,0
3297,793.45,PAYMENT,419,3,0,0,14,0,0
3298,57.66,PAYMENT,2381,2,0,0,8,0,0
3299,46.84,CASH_OUT,2991,1,0,0,3,0,0
3300,462.81,PAYMENT,2926,1,1,0,4,0,0
3301,208.21,DEBIT,1732,3,0,1,23,0,0
3302,58.09,TRANSFER,1565,1,0,0,10,0,1
3303,184.31,TRANSFER,2027,1,0,1,20,0,0
3304,53.21,PAYMENT,1827,3,0,0,7,0,0
3305,446.22,DEBIT,1001,5,0,1,5,0,0
3306,428.96,PAYMENT,255,1,0,0,21,1,0
3307,252.65,TRANSFER,1874,6,1,0,0,1,0
3308,213.08,PAYMENT,2590,2,0,0,18,0,0
3309,863.67,TRANSFER,58,1,0,0,2,0,0
3310,148.37,CASH_OUT,633,3,1,0,5,0,0
3311,45.52,CASH_OUT,994,4,0,0,7,2,0
3312,232.64,PAYMENT,1010,5,1,0,7,0,0
3313,1195.17,TRANSFER,2692,3,0,0,16,1,0
3314,53.8,CASH_OUT,1042,4,0,0,15,0,0
3315,103.39,TRANSFER,1688,0,0,0,8,0,0
3316,225.08,PAYMENT,754,2,0,0,6,1,1
3317,140.62,PAYMENT,2549,0,0,1,6,1,0
3318,55.57,PAYMENT,718,2,0,0,1,1,0
3319,455.71,PAYMENT,2392,3,0,0,21,1,0
3320,1510.27,PAYMENT,938,4,0,0,15,1,0
3321,180.57,TRANSFER,2634,5,0,1,6,0,0
3322,60.1,PAYMENT,2356,3,1,0,8,0,0
3323,31.53,CASH_OUT,1341,2,0,1,23,1,1
3324,192.09,DEBIT,869,0,0,0,18,3,0
3325,447.59,DEBIT,2444,1,0,0,12,0,0
3326,238.69,CASH_IN,360,1,0,0,7,0,0
3327,148.06,PAYMENT,426,7,0,1,14,0,0
3328,82.33,PAYMENT,1874,1,0,0,17,0,0
3329,49.79,CASH_IN,2865,3,0,0,20,0,0
3330,341.98,PAYMENT,414,3,0,0,19,0,0
3331,370.1,PAYMENT,1878,3,0,0,0,0,0
3332,31.64,TRANSFER,1631,3,1,0,19,0,0
3333,727.66,PAYMENT,2635,5,1,0,0,0,0
3334,263.5,CASH_IN,292,10,0,0,3,0,0
3335,601.6,CASH_OUT,2485,3,0,0,12,0,0
3336,38.78,CASH_OUT,973,1,0,0,5,1,1
3337,37.87,CASH_IN,1019,5,0,0,4,0,0
3338,127.87,PAYMENT,1096,3,0,0,21,1,0
3339,245.37,CASH_OUT,1815,5,0,0,19,0,0
3340,894.59,PAYMENT,876,5,0,0,9,0,0
3341,300.69,CASH_OUT,1089,8,0,0,3,1,1
3342,116.43,PAYMENT,1511,1,0,0,18,0,0
3343,53.18,CASH_OUT,1572,6,0,0,8,0,0
3344,507.76,DEBIT,1591,1,0,0,13,1,0
3345,56.56,PAYMENT,1416,1,0,0,22,1,1
3346,756.32,PAYMENT,2952,3,0,1,21,0,0
3347,111.68,PAYMENT,1174,2,0,1,4,0,1
3348,728.2,TRANSFER,2574,1,0,0,16,0,0
3349,292.64,PAYMENT,2235,2,0,0,10,1,0
3350,129.41,CASH_IN,1310,1,0,1,7,0,0
3351,88.29,TRANSFER,1628,2,1,0,13,0,0
3352,105.54,TRANSFER,2348,5,0,0,5,1,0
3353,227.77,CASH_OUT,2012,3,1,0,21,0,0
3354,160.32,PAYMENT,342,1,0,0,20,0,0
3355,81.96,PAYMENT,1170,3,1,0,9,0,0
3356,125.76,CASH_OUT,1971,4,1,0,19,1,1
3357,160.55,CASH_OUT,2422,4,0,0,3,0,0
3358,17.66,PAYMENT,1231,2,0,0,10,1,0
3359,234.67,PAYMENT,2194,3,0,0,5,0,0
3360,55.72,PAYMENT,1729,2,0,0,6,0,0
3361,46.84,PAYMENT,1808,4,0,0,8,0,0
3362,27.46,PAYMENT,203,4,0,0,8,1,0
3363,24.68,CASH_OUT,778,2,0,0,19,0,0
3364,38.27,CASH_IN,2232,3,0,0,10,0,0
3365,73.04,PAYMENT,1712,1,0,0,15,2,0
3366,1046.56,TRANSFER,2672,1,0,1,10,0,1
3367,87.72,PAYMENT,1837,0,0,0,14,0,0
3368,177.28,TRANSFER,1563,5,0,0,7,0,0
3369,221.51,CASH_OUT,2387,3,0,0,6,0,0
3370,169.2,CASH_IN,2311,2,1,0,19,0,1
3371,137.35,PAYMENT,2239,4,0,0,15,0,0
3372,44.91,PAYMENT,2768,3,0,0,22,0,0
3373,633.29,CASH_OUT,321,2,0,0,9,0,0
3374,904.33,PAYMENT,156,3,1,1,21,1,1
3375,27.59,PAYMENT,2770,4,0,0,21,0,0
3376,53.3,PAYMENT,2679,4,0,0,4,0,0
3377,112.19,TRANSFER,1147,6,0,0,21,0,0
3378,56.57,PAYMENT,1980,2,0,0,7,0,0
3379,246.16,DEBIT,1142,1,0,0,16,0,0
3380,71.65,TRANSFER,2465,5,0,0,17,1,0
3381,1293.43,PAYMENT,2857,1,0,0,6,0,0
3382,488.11,CASH_OUT,2326,4,1,0,16,0,0
3383,183.57,PAYMENT,210,1,0,0,20,1,0
3384,414.46,TRANSFER,1114,4,0,0,4,0,0
3385,448.5,TRANSFER,1200,3,0,0,8,0,0
3386,84.44,TRANSFER,2773,3,0,0,7,2,1
3387,65.61,CASH_OUT,1830,2,0,0,20,0,0
3388,160.48,PAYMENT,2358,2,0,0,1,1,0
3389,351.3,DEBIT,1619,5,0,0,13,0,0
3390,170.56,CASH_OUT,1165,5,0,0,20,0,0
3391,30.66,PAYMENT,1740,6,0,0,19,0,0
3392,66.5,PAYMENT,2374,1,0,0,23,0,0
3393,137.83,PAYMENT,720,0,0,0,20,1,0
3394,137.6,PAYMENT,591,4,0,0,17,0,0
3395,1066.93,TRANSFER,2388,3,0,0,17,0,0
3396,37.11,PAYMENT,2952,2,0,0,10,0,0
3397,246.06,DEBIT,419,3,0,0,6,0,0
3398,657.94,PAYMENT,2083,4,0,0,15,0,0
3399,1438.63,PAYMENT,2780,1,0,0,13,0,1
3400,99.05,PAYMENT,559,0,0,0,17,0,0
3401,242.6,PAYMENT,188,5,0,0,23,2,0
3402,262.37,CASH_IN,1709,6,0,0,17,0,0
3403,180.46,CASH_OUT,981,2,0,0,1,0,0
3404,134.44,PAYMENT,1248,1,1,0,18,0,0
3405,229.52,CASH_IN,259,4,0,0,19,0,0
3406,11.8,CASH_IN,1559,3,1,0,10,1,0
3407,293.56,CASH_OUT,1755,1,1,0,7,1,0
3408,168.37,CASH_IN,721,2,0,0,9,1,0
3409,118.81,CASH_OUT,162,3,0,0,16,0,0
3410,1149.25,TRANSFER,978,2,0,0,20,1,1
3411,75.57,PAYMENT,1773,1,1,0,11,1,0
3412,99.18,PAYMENT,1710,0,0,1,20,0,0
3413,1087.41,TRANSFER,2236,5,0,0,14,0,0
3414,64.58,CASH_IN,1325,2,0,0,17,0,0
3415,85.62,TRANSFER,2610,4,0,0,22,0,1
3416,128.12,DEBIT,2758,1,0,0,4,0,0
3417,344.03,PAYMENT,2372,4,1,0,10,0,0
3418,182.69,CASH_OUT,850,4,0,0,14,0,0
3419,40.75,CASH_OUT,1383,4,0,0,10,0,0
3420,87.17,CASH_OUT,1853,1,0,0,12,0,0
3421,80.85,CASH_OUT,2358,2,0,0,7,0,0
3422,137.38,PAYMENT,1490,3,0,0,4,3,0
3423,227.2,PAYMENT,1117,1,0,0,3,1,0
3424,225.47,DEBIT,388,4,0,1,18,0,0
3425,25.13,PAYMENT,1042,2,0,0,10,0,0
3426,430.07,TRANSFER,1282,3,0,0,10,1,1
3427,191.06,TRANSFER,1145,3,0,0,22,1,1
3428,592.61,PAYMENT,2924,1,0,0,23,0,0
3429,231.41,CASH_OUT,2725,3,1,1,6,0,0
3430,446.45,CASH_OUT,30,1,0,1,1,1,1
3431,236.64,DEBIT,2392,5,0,0,12,0,0
3432,570.34,PAYMENT,1344,1,1,0,4,0,1
3433,250.2,TRANSFER,1299,4,1,0,10,0,0
3434,134.57,CASH_IN,1293,4,0,0,15,0,0
3435,1440.05,DEBIT,2558,2,0,0,13,0,0
3436,361.06,DEBIT,2731,2,0,0,8,0,0
3437,263.42,CASH_OUT,1570,1,0,0,0,1,1
3438,41.42,PAYMENT,877,3,0,0,0,2,1
3439,40.92,PAYMENT,818,5,0,0,4,0,1
3440,198.88,CASH_IN,2391,3,0,0,17,1,0
3441,171.66,CASH_IN,2216,3,1,0,12,0,0
3442,80.31,CASH_OUT,527,2,0,0,13,0,1
3443,170.88,PAYMENT,2198,5,0,0,13,0,0
3444,726.78,CASH_OUT,2542,5,0,0,15,0,0
3445,297.5,PAYMENT,2987,6,0,0,0,1,0
3446,47.42,TRANSFER,1230,2,0,0,7,0,0
3447,132.75,PAYMENT,2441,5,1,0,5,0,1
3448,66.36,DEBIT,1551,0,0,0,4,0,0
3449,100.72,PAYMENT,190,2,0,0,2,0,0
3450,98.14,TRANSFER,693,3,0,0,10,0,0
3451,92.05,PAYMENT,996,7,0,0,5,0,0
3452,42.3,CASH_OUT,579,5,0,0,6,0,0
3453,130.63,TRANSFER,1103,3,0,1,19,1,1
3454,84.72,DEBIT,776,3,0,0,4,0,0
3455,7.93,PAYMENT,2166,0,0,0,10,0,0
3456,1156.29,PAYMENT,922,4,0,0,23,0,1
3457,440.88,CASH_OUT,2798,6,0,0,16,0,1
3458,101.87,PAYMENT,1278,1,0,0,5,0,0
3459,151.23,PAYMENT,2463,3,0,0,7,0,0
3460,45.99,TRANSFER,1220,2,0,0,12,0,0
3461,808.94,CASH_OUT,1767,5,1,0,0,1,1
3462,989.59,PAYMENT,683,4,0,0,15,0,1
3463,173.59,PAYMENT,1961,3,0,1,16,1,0
3464,413.03,CASH_IN,366,1,0,0,7,0,0
3465,176.85,TRANSFER,619,4,0,0,5,0,1
3466,38.99,PAYMENT,464,1,0,0,11,0,0
3467,98.32,PAYMENT,1301,1,0,1,0,0,0
3468,169.34,CASH_OUT,1097,2,0,0,3,0,1
3469,94.2,PAYMENT,516,0,0,0,23,0,0
3470,119.26,CASH_IN,1861,1,0,0,22,0,0
3471,135.45,CASH_OUT,1530,4,0,0,6,1,0
3472,136.88,TRANSFER,2186,2,1,0,9,0,0
3473,156.38,DEBIT,2777,2,1,0,4,0,1
3474,51.39,PAYMENT,1123,2,0,1,4,0,1
3475,72.46,PAYMENT,1797,3,0,0,17,0,0
3476,41.08,CASH_OUT,572,2,1,0,5,0,0
3477,394.58,TRANSFER,834,4,0,0,10,0,0
3478,18.07,PAYMENT,2022,4,0,1,12,0,0
3479,470.4,PAYMENT,712,5,0,0,18,0,0
3480,593.69,PAYMENT,2686,4,0,0,6,1,0
3481,109.71,PAYMENT,2916,4,0,0,13,1,0
3482,10.99,CASH_OUT,2627,2,0,0,0,0,0
3483,103.41,CASH_OUT,2341,5,0,0,10,2,0
3484,139.19,TRANSFER,319,4,0,0,6,1,0
3485,54.02,PAYMENT,174,4,0,0,6,0,0
3486,88.66,PAYMENT,558,3,1,1,13,0,0
3487,685.53,PAYMENT,2171,3,0,1,19,0,0
3488,288.57,PAYMENT,2415,1,0,1,4,0,0
3489,58.88,PAYMENT,1618,7,0,1,4,0,0
3490,30.04,PAYMENT,1674,3,0,1,3,1,0
3491,107.02,TRANSFER,1622,2,0,0,8,0,0
3492,119.89,CASH_OUT,107,4,1,1,3,0,1
3493,243.76,PAYMENT,1592,3,0,0,1,1,0
3494,86.89,DEBIT,1484,2,0,0,2,1,0
3495,247.52,CASH_IN,128,2,1,0,16,0,0
3496,1027.78,DEBIT,2723,5,0,0,15,1,0
3497,335.46,CASH_IN,2886,7,0,0,12,0,0
3498,141.45,CASH_OUT,1368,2,0,0,0,1,0
3499,123.58,TRANSFER,1899,6,0,0,19,0,1
3500,103.89,PAYMENT,1242,8,0,0,19,1,1
3501,483.3,CASH_OUT,2382,5,0,1,8,0,0
3502,79.26,CASH_OUT,905,5,0,0,5,1,0
3503,155.28,TRANSFER,2433,3,0,1,19,0,0
3504,156.21,CASH_OUT,2850,3,0,0,3,0,0
3505,89.86,TRANSFER,808,2,0,0,10,1,0
3506,37.62,TRANSFER,2117,1,0,0,7,0,0
3507,204.99,PAYMENT,505,3,0,0,17,0,0
3508,139.63,CASH_OUT,1167,3,1,0,17,0,0
3509,244.75,CASH_IN,708,4,0,0,19,1,0
3510,87.04,CASH_IN,867,5,0,0,11,0,0
3511,503.12,CASH_OUT,561,5,1,0,11,0,0
3512,61.76,PAYMENT,259,2,1,0,20,1,1
3513,822.25,DEBIT,2858,1,0,0,18,0,0
3514,25.85,PAYMENT,2153,8,0,0,3,0,0
3515,229.24,CASH_IN,2342,5,0,0,15,0,0
3516,238.75,PAYMENT,2392,0,0,0,7,1,0
3517,66.98,TRANSFER,2705,5,0,0,15,0,0
3518,226.87,CASH_OUT,1021,2,0,1,23,0,0
3519,533.53,CASH_OUT,1576,5,0,0,10,0,0
3520,16.17,TRANSFER,1422,2,1,0,4,0,0
3521,245.36,CASH_OUT,2054,4,0,0,15,0,0
3522,12.26,TRANSFER,111,4,0,0,0,0,0
3523,56.51,PAYMENT,1690,1,0,0,1,0,0
3524,756.85,CASH_OUT,259,5,0,0,14,0,0
3525,82.95,PAYMENT,2723,2,0,1,0,0,0
3526,45.88,CASH_OUT,1651,2,0,0,3,0,0
3527,121.76,PAYMENT,2375,2,0,0,11,1,0
3528,1173.69,TRANSFER,1608,1,0,0,6,0,0
3529,23.77,TRANSFER,1963,1,0,0,19,0,0
3530,51.87,PAYMENT,310,9,0,0,4,0,1
3531,663.44,TRANSFER,2545,2,0,0,2,0,0
3532,951.18,CASH_OUT,559,3,0,0,0,2,0
3533,133.83,DEBIT,2485,2,0,0,0,1,1
3534,42.99,CASH_IN,1756,6,0,0,8,0,0
3535,1206.94,CASH_OUT,252,5,0,0,11,0,1
3536,731.02,TRANSFER,1927,2,0,0,21,1,1
3537,292.64,PAYMENT,798,3,1,0,20,0,0
3538,65.86,PAYMENT,2771,8,1,0,21,0,0
3539,141.31,PAYMENT,575,6,0,0,5,0,0
3540,126.42,CASH_IN,1055,3,0,0,8,0,0
3541,206.61,PAYMENT,1985,0,0,0,9,0,0
3542,633.34,TRANSFER,180,3,0,0,9,1,0
3543,357.6,PAYMENT,1973,2,0,0,23,1,0
3544,50.53,PAYMENT,1981,1,0,0,22,0,0
3545,587.86,PAYMENT,1360,3,0,0,23,1,1
3546,202.99,CASH_OUT,1867,2,0,0,5,0,0
3547,295.03,TRANSFER,2695,6,0,0,20,0,0
3548,643.25,CASH_OUT,796,2,0,0,20,0,0
3549,48.83,TRANSFER,43,2,0,0,12,0,1
3550,143.19,CASH_OUT,1431,7,0,0,1,1,0
3551,87.23,CASH_OUT,2733,4,0,0,20,1,0
3552,30.94,CASH_OUT,2284,4,0,0,22,0,0
3553,209.92,TRANSFER,2696,3,0,0,17,0,0
3554,1829.06,PAYMENT,2812,3,0,0,18,0,0
3555,23.57,DEBIT,809,4,0,0,15,0,0
3556,143.7,PAYMENT,1440,4,0,0,2,1,0
3557,281.62,PAYMENT,1128,3,0,0,17,0,0
3558,167.85,TRANSFER,1096,4,0,0,14,0,1
3559,132.54,CASH_OUT,460,1,0,0,14,0,0
3560,40.48,PAYMENT,824,3,0,0,19,0,0
3561,187.31,CASH_OUT,2133,3,1,0,14,0,0
3562,69.63,TRANSFER,237,5,0,0,16,0,0
3563,16.61,TRANSFER,2816,4,1,0,9,0,1
3564,490.09,TRANSFER,2181,3,0,0,2,1,1
3565,386.98,TRANSFER,2541,1,0,1,14,0,0
3566,156.28,PAYMENT,499,3,0,0,20,1,0
3567,186.62,PAYMENT,609,7,0,0,19,0,0
3568,434.55,PAYMENT,279,2,0,0,6,0,1
3569,185.74,CASH_OUT,632,1,1,0,2,0,0
3570,366.51,TRANSFER,2860,3,0,0,0,2,0
3571,110.22,TRANSFER,432,3,0,0,5,0,0
3572,551.14,TRANSFER,2103,3,0,1,1,0,0
3573,204.54,TRANSFER,2796,5,0,0,15,1,0
3574,180.2,PAYMENT,39,3,0,0,21,0,0
3575,41.68,PAYMENT,1663,3,0,0,7,0,0
3576,197.74,CASH_IN,2691,1,1,0,7,0,0
3577,64.59,TRANSFER,1550,7,0,0,7,0,0
3578,78.39,CASH_OUT,2925,2,0,1,8,2,0
3579,65.67,TRANSFER,2298,0,0,0,7,0,0
3580,51.1,CASH_OUT,2621,2,0,0,13,0,0
3581,1242.36,TRANSFER,125,2,0,0,7,0,0
3582,561.91,PAYMENT,1561,0,0,0,23,0,0
3583,1012.69,CASH_IN,809,2,1,0,16,1,1
3584,43.69,PAYMENT,1741,3,0,0,18,1,0
3585,159.37,PAYMENT,644,4,0,0,3,0,0
3586,40.71,PAYMENT,871,4,0,0,12,1,0
3587,74.02,CASH_OUT,1891,8,0,0,18,0,0
3588,59.26,CASH_OUT,2957,2,0,0,22,0,0
3589,512.65,CASH_OUT,2048,2,0,0,0,0,0
3590,99.86,DEBIT,160,5,0,0,5,0,0
3591,431.98,PAYMENT,2175,4,0,0,1,0,1
3592,271.54,TRANSFER,1496,2,0,0,14,1,0
3593,1485.7,CASH_OUT,1089,2,0,0,4,1,1
3594,33.8,DEBIT,1802,5,0,0,14,0,0
3595,522.82,PAYMENT,1568,3,0,0,9,0,0
3596,467.05,DEBIT,2024,0,0,0,8,1,0
3597,56.07,PAYMENT,1696,3,0,0,10,0,0
3598,406.32,CASH_OUT,1273,4,0,0,5,0,0
3599,207.71,CASH_OUT,2771,7,0,0,1,2,1
3600,118.22,CASH_IN,57,0,0,0,9,1,1
3601,65.11,PAYMENT,2982,3,1,0,14,0,0
3602,72.3,PAYMENT,1591,5,0,0,4,2,0
3603,1152.64,PAYMENT,2746,2,0,0,14,0,0
3604,148.51,TRANSFER,551,1,0,0,1,1,0
3605,324.45,CASH_OUT,952,4,1,0,17,1,1
3606,67.3,DEBIT,138,3,0,1,11,0,0
3607,68.04,TRANSFER,859,3,0,0,17,0,0
3608,437.9,PAYMENT,2685,4,0,0,14,0,0
3609,38.49,PAYMENT,687,0,0,0,9,0,0
3610,97.98,PAYMENT,1234,1,0,0,13,1,0
3611,153.55,CASH_OUT,239,5,0,0,11,0,1
3612,165.9,CASH_IN,2419,2,0,0,23,1,0
3613,124.08,DEBIT,1526,3,0,0,6,0,0
3614,220.48,TRANSFER,695,6,0,0,0,1,1
3615,296.74,PAYMENT,802,3,0,0,7,0,0
3616,309.4,PAYMENT,358,6,0,0,22,0,0
3617,55.38,TRANSFER,2633,3,1,0,16,0,0
3618,111.7,DEBIT,1289,4,1,0,4,0,1
3619,490.18,PAYMENT,1494,0,0,0,12,0,0
3620,363.09,PAYMENT,2325,0,0,0,11,0,0
3621,37.61,CASH_OUT,2064,3,1,0,14,0,0
3622,210.92,CASH_OUT,2773,2,0,0,2,0,0
3623,20.53,PAYMENT,532,4,0,0,3,0,0
3624,155.54,CASH_IN,2441,4,1,0,0,0,1
3625,990.06,PAYMENT,518,6,0,0,23,0,0
3626,57.52,DEBIT,1456,3,0,1,18,0,0
3627,64.44,PAYMENT,1629,2,0,0,19,0,0
3628,318.63,PAYMENT,1864,2,0,0,7,0,0
3629,31.73,PAYMENT,2889,4,0,1,21,1,1
3630,78.83,PAYMENT,694,2,0,0,13,1,0
3631,269.47,TRANSFER,1070,2,0,0,22,0,0
3632,78.71,CASH_OUT,68,1,0,0,21,0,0
3633,117.22,TRANSFER,2742,2,0,0,7,1,0
3634,312.37,CASH_OUT,2944,2,0,0,6,0,0
3635,226.23,PAYMENT,2372,3,0,0,12,0,0
3636,193.8,PAYMENT,68,4,0,0,15,0,0
3637,105.73,DEBIT,216,1,0,0,9,1,0
3638,214.88,CASH_IN,779,6,0,0,13,0,0
3639,131.14,PAYMENT,991,3,0,0,14,0,0
3640,234.58,TRANSFER,2861,1,0,0,12,0,0
3641,90.29,CASH_OUT,2386,6,0,0,20,0,0
3642,123.65,PAYMENT,2439,1,1,0,2,0,0
3643,55.15,TRANSFER,491,1,1,0,3,0,1
3644,143.31,TRANSFER,698,2,0,1,3,0,0
3645,65.96,PAYMENT,1284,1,0,0,18,0,0
3646,48.71,PAYMENT,2783,1,0,0,4,0,0
3647,192.22,CASH_OUT,1303,4,0,0,5,0,0
3648,183.6,PAYMENT,807,1,0,0,3,1,0
3649,324.69,PAYMENT,2079,1,0,0,10,1,0
3650,96.44,CASH_OUT,682,4,0,1,3,1,0
3651,223.2,CASH_OUT,211,3,0,1,7,0,1
3652,257.44,PAYMENT,2079,1,0,0,4,0,0
3653,231.54,CASH_IN,1323,4,0,0,2,0,0
3654,65.0,CASH_OUT,1006,0,0,0,19,0,0
3655,172.32,PAYMENT,2384,4,0,0,22,1,0
3656,213.61,TRANSFER,2953,6,1,1,4,2,1
3657,149.48,CASH_OUT,2126,3,1,0,18,1,0
3658,18.42,PAYMENT,1475,3,0,0,2,1,1
3659,174.25,TRANSFER,1338,3,0,1,9,0,0
3660,1356.32,CASH_OUT,1932,2,0,0,21,0,1
3661,103.54,TRANSFER,409,3,0,0,7,1,1
3662,71.66,CASH_OUT,1885,5,0,0,12,0,1
3663,215.58,TRANSFER,820,5,0,1,12,1,0
3664,202.83,PAYMENT,2868,3,0,0,14,0,0
3665,489.18,TRANSFER,533,0,0,0,3,0,0
3666,42.19,TRANSFER,813,1,0,0,0,1,0
3667,308.39,CASH_OUT,585,4,0,0,20,0,0
3668,267.85,CASH_OUT,601,2,0,0,22,0,0
3669,128.75,TRANSFER,1252,2,0,0,15,0,1
3670,208.24,DEBIT,138,5,0,0,3,0,0
3671,415.49,PAYMENT,94,4,0,0,3,0,1
3672,355.07,PAYMENT,1968,1,0,0,14,0,0
3673,47.32,PAYMENT,1151,2,0,0,18,0,0
3674,337.03,PAYMENT,2345,2,0,0,2,1,1
3675,139.12,CASH_OUT,1462,2,0,0,3,0,0
3676,159.63,PAYMENT,2164,3,1,0,4,1,1
3677,159.68,PAYMENT,1654,2,0,0,23,2,0
3678,127.71,PAYMENT,2527,6,1,0,8,0,0
3679,488.68,CASH_OUT,770,1,0,0,6,0,0
3680,136.49,CASH_IN,500,2,0,0,14,0,0
3681,48.45,CASH_OUT,1695,0,0,1,0,3,1
3682,100.13,PAYMENT,794,3,0,0,19,0,0
3683,177.45,TRANSFER,139,4,0,0,17,0,0
3684,507.36,PAYMENT,323,2,0,0,0,1,0
3685,271.26,PAYMENT,2292,5,0,0,4,1,0
3686,63.4,CASH_IN,1365,1,0,0,10,0,0
3687,1781.46,TRANSFER,1257,4,0,0,15,0,0
3688,193.4,PAYMENT,1481,5,0,0,6,0,0
3689,531.33,TRANSFER,989,1,0,0,22,0,0
3690,127.52,PAYMENT,1589,1,1,0,0,0,1
3691,252.99,PAYMENT,1146,4,1,0,20,0,0
3692,343.6,TRANSFER,710,2,1,0,11,0,0
3693,501.8,PAYMENT,1081,3,0,0,19,0,0
3694,427.25,DEBIT,1452,3,0,0,0,0,1
3695,355.03,TRANSFER,295,6,0,0,5,1,0
3696,108.3,CASH_IN,925,4,0,0,7,0,1
3697,83.78,CASH_OUT,314,1,0,0,21,1,0
3698,206.98,CASH_OUT,1980,1,0,0,2,0,0
3699,377.33,TRANSFER,628,3,0,0,22,0,0
3700,118.78,PAYMENT,2991,2,0,0,14,1,0
3701,430.6,CASH_OUT,1572,2,0,0,22,0,0
3702,634.36,PAYMENT,696,5,0,0,6,0,0
3703,59.36,PAYMENT,1958,2,0,0,8,0,0
3704,64.27,TRANSFER,2097,3,0,0,10,1,0
3705,128.98,CASH_OUT,1938,1,0,0,1,0,0
3706,201.87,DEBIT,1401,3,1,0,5,0,0
3707,87.83,PAYMENT,79,2,0,0,14,0,0
3708,573.76,TRANSFER,2144,2,0,0,22,0,0
3709,226.8,CASH_IN,2442,4,0,0,8,0,1
3710,154.38,PAYMENT,2990,1,0,1,13,0,0
3711,35.31,PAYMENT,690,4,1,0,8,1,0
3712,39.81,PAYMENT,2022,4,1,0,5,0,0
3713,196.57,CASH_IN,2893,3,0,0,15,1,0
3714,17.59,PAYMENT,57,4,0,0,9,2,0
3715,408.56,PAYMENT,2543,2,0,0,17,0,0
3716,126.7,TRANSFER,1891,0,0,0,14,0,0
3717,3801.28,CASH_IN,1879,2,0,0,10,0,1
3718,1492.06,DEBIT,1251,6,1,0,0,0,0
3719,123.79,TRANSFER,1262,5,0,0,9,0,0
3720,133.44,DEBIT,1490,4,0,0,4,2,0
3721,401.65,PAYMENT,2343,1,0,0,19,0,0
3722,814.99,PAYMENT,799,5,0,0,2,0,1
3723,28.85,DEBIT,1462,4,1,0,20,0,0
3724,24.87,TRANSFER,1987,2,1,0,11,1,1
3725,79.68,PAYMENT,2334,3,0,0,16,0,1
3726,265.8,TRANSFER,1389,1,0,0,7,1,1
3727,243.93,CASH_OUT,887,4,0,0,4,0,0
3728,432.58,CASH_IN,1286,3,0,0,7,1,1
3729,44.71,CASH_IN,102,0,0,1,11,2,0
3730,14.64,TRANSFER,1066,4,0,0,14,1,0
3731,350.03,CASH_IN,2660,2,0,0,2,0,0
3732,64.83,TRANSFER,1558,3,0,0,22,0,0
3733,19.72,CASH_OUT,1054,2,1,0,19,1,1
3734,171.58,CASH_OUT,1212,4,0,0,10,0,0
3735,328.05,TRANSFER,1562,3,0,0,21,0,0
3736,131.36,PAYMENT,512,3,0,0,21,0,0
3737,93.89,PAYMENT,1269,1,0,0,17,0,0
3738,126.55,CASH_OUT,2272,4,0,0,13,0,0
3739,102.45,PAYMENT,432,2,0,0,6,0,0
3740,38.55,PAYMENT,2081,1,0,0,3,0,1
3741,72.63,PAYMENT,794,4,0,0,17,0,0
3742,249.95,PAYMENT,1865,4,0,0,15,0,0
3743,204.73,CASH_OUT,2619,2,0,0,23,0,0
3744,175.57,PAYMENT,833,3,1,0,12,1,0
3745,54.86,PAYMENT,2002,2,1,1,13,0,0
3746,123.78,CASH_OUT,135,0,0,0,4,1,0
3747,16.83,CASH_IN,151,4,0,0,12,0,0
3748,177.41,PAYMENT,2785,5,0,0,11,0,0
3749,619.47,PAYMENT,2792,2,0,0,7,0,1
3750,33.98,DEBIT,2849,3,0,0,17,1,1
3751,82.61,PAYMENT,1294,4,0,0,16,1,0
3752,206.25,DEBIT,1141,9,0,0,14,1,0
3753,519.49,PAYMENT,339,4,0,0,20,1,0
3754,94.8,PAYMENT,2929,6,0,0,1,1,0
3755,74.27,PAYMENT,586,1,0,0,20,0,0
3756,20.72,PAYMENT,2990,4,0,0,19,0,0
3757,164.59,CASH_IN,1629,5,0,0,8,0,0
3758,1143.76,DEBIT,2775,4,0,0,1,0,0
3759,195.85,DEBIT,2090,3,0,0,21,0,0
3760,145.14,CASH_IN,2286,2,0,0,6,0,0
3761,204.81,CASH_IN,464,1,1,0,17,0,1
3762,146.78,CASH_OUT,1953,4,0,1,17,0,0
3763,65.82,CASH_IN,879,8,0,0,22,0,0
3764,338.08,PAYMENT,136,2,1,0,20,0,0
3765,186.0,PAYMENT,2701,3,0,0,12,0,1
3766,151.05,CASH_OUT,149,0,0,1,6,0,1
3767,55.96,CASH_IN,2144,4,0,0,6,0,0
3768,546.49,CASH_OUT,2159,3,0,1,13,0,0
3769,288.5,CASH_IN,743,1,0,0,17,0,1
3770,85.38,TRANSFER,1750,4,0,0,17,0,0
3771,404.17,CASH_OUT,1922,0,1,0,7,0,0
3772,90.24,DEBIT,1941,1,0,0,23,0,0
3773,67.9,PAYMENT,1722,2,0,0,5,0,0
3774,69.43,DEBIT,2191,0,0,0,8,1,0
3775,25.25,TRANSFER,789,2,0,0,11,1,0
3776,237.83,CASH_OUT,1676,1,0,0,10,0,0
3777,23.78,CASH_IN,483,0,0,0,20,0,0
3778,43.45,TRANSFER,989,6,0,0,6,1,0
3779,18.62,TRANSFER,261,6,0,0,14,0,0
3780,136.17,TRANSFER,1624,4,0,0,15,0,0
3781,127.7,PAYMENT,1856,2,0,0,19,1,0
3782,107.05,TRANSFER,2850,1,0,0,21,1,0
3783,52.32,PAYMENT,591,3,0,0,21,0,0
3784,45.96,DEBIT,2393,4,0,0,8,1,0
3785,236.13,PAYMENT,1836,2,0,0,13,1,1
3786,85.58,TRANSFER,2552,1,0,0,18,1,0
3787,203.64,DEBIT,905,2,0,0,17,0,0
3788,61.24,DEBIT,2448,4,0,0,21,1,0
3789,177.87,CASH_OUT,1668,4,0,0,12,0,0
3790,546.36,TRANSFER,1022,2,0,0,9,0,0
3791,266.71,PAYMENT,1586,1,0,0,8,1,0
3792,98.26,PAYMENT,287,3,0,0,3,0,0
3793,191.94,PAYMENT,752,3,0,1,16,0,0
3794,116.67,CASH_OUT,2506,2,1,0,13,0,0
3795,149.59,PAYMENT,1063,1,0,0,22,0,0
3796,107.17,CASH_OUT,706,2,0,0,20,1,0
3797,125.92,PAYMENT,2740,1,1,1,5,1,1
3798,183.48,TRANSFER,454,4,1,0,3,0,0
3799,54.96,TRANSFER,1630,4,0,0,8,1,0
3800,53.74,CASH_IN,1815,1,0,0,10,0,0
3801,37.02,PAYMENT,1565,4,0,0,2,1,1
3802,29.96,PAYMENT,1370,2,0,0,7,1,0
3803,43.94,PAYMENT,659,4,0,0,2,0,0
3804,174.07,PAYMENT,163,0,0,0,20,0,1
3805,60.78,CASH_OUT,2095,3,0,0,10,0,0
3806,248.05,PAYMENT,1400,3,0,0,12,1,0
3807,153.66,PAYMENT,397,3,0,0,7,0,0
3808,20.73,CASH_IN,197,4,0,1,11,0,0
3809,285.71,TRANSFER,46,3,0,0,0,1,1
3810,333.89,PAYMENT,2986,1,0,0,0,1,1
3811,54.93,PAYMENT,1575,6,0,0,6,0,0
3812,225.92,PAYMENT,1560,1,0,0,20,0,0
3813,63.02,TRANSFER,1527,3,0,0,7,1,1
3814,163.64,CASH_OUT,572,3,0,0,12,0,0
3815,41.91,CASH_OUT,756,5,0,0,9,0,0
3816,24.7,PAYMENT,2383,6,0,0,12,0,0
3817,101.21,CASH_OUT,408,5,0,0,14,0,0
3818,131.14,TRANSFER,369,1,0,0,8,1,1
3819,99.72,TRANSFER,2228,3,0,1,23,1,1
3820,45.42,CASH_IN,236,4,0,0,5,0,0
3821,99.49,PAYMENT,2216,1,0,0,10,1,0
3822,194.28,PAYMENT,875,3,0,0,11,2,0
3823,141.9,CASH_IN,2461,4,0,1,20,1,0
3824,178.13,PAYMENT,755,0,0,0,22,0,0
3825,75.94,PAYMENT,703,1,1,0,19,2,1
3826,479.01,CASH_OUT,1922,6,0,0,22,0,0
3827,45.78,CASH_OUT,2280,4,0,0,16,0,0
3828,241.67,CASH_IN,2087,4,0,0,17,0,0
3829,483.91,PAYMENT,379,5,1,0,15,0,0
3830,240.06,PAYMENT,1129,4,0,0,19,0,0
3831,121.2,PAYMENT,1799,4,1,0,11,1,0
3832,87.51,TRANSFER,1798,1,0,0,18,0,0
3833,418.25,PAYMENT,767,1,0,0,6,0,0
3834,35.77,CASH_OUT,246,1,1,1,21,0,0
3835,56.25,PAYMENT,1345,4,0,0,4,0,0
3836,99.73,PAYMENT,2081,2,0,1,16,0,0
3837,511.66,TRANSFER,1714,3,0,0,22,0,0
3838,216.97,DEBIT,1754,3,0,0,10,1,0
3839,56.37,CASH_IN,2683,1,0,0,10,0,1
3840,108.82,DEBIT,1091,2,1,0,17,0,1
3841,80.29,TRANSFER,617,3,0,0,16,0,0
3842,72.98,PAYMENT,1348,0,0,0,11,0,0
3843,395.0,PAYMENT,2899,3,0,1,8,1,1
3844,37.65,CASH_OUT,859,0,0,0,1,2,0
3845,741.58,PAYMENT,2352,6,0,0,16,0,0
3846,339.76,PAYMENT,2683,2,0,0,15,0,0
3847,441.8,PAYMENT,1040,6,0,1,7,0,0
3848,93.42,TRANSFER,2177,3,1,0,23,0,1
3849,127.75,PAYMENT,1332,4,1,0,8,0,0
3850,35.4,PAYMENT,2489,1,0,0,13,0,0
3851,87.82,TRANSFER,2667,2,0,1,9,0,0
3852,243.14,PAYMENT,739,5,0,0,18,0,0
3853,542.43,TRANSFER,2403,3,0,1,23,0,0
3854,49.05,CASH_OUT,1990,2,0,0,19,1,0
3855,102.98,PAYMENT,1730,3,0,1,12,0,0
3856,127.57,CASH_OUT,1054,1,0,0,7,0,0
3857,36.75,PAYMENT,629,2,0,1,23,0,1
3858,268.1,TRANSFER,1471,2,0,1,3,0,0
3859,71.95,TRANSFER,39,3,0,0,19,0,0
3860,122.07,DEBIT,2452,3,0,0,10,0,0
3861,94.45,TRANSFER,675,5,0,0,12,0,1
3862,67.4,PAYMENT,2021,2,0,0,20,0,0
3863,147.37,TRANSFER,1163,1,0,0,2,0,0
3864,119.63,PAYMENT,1772,0,0,0,16,0,0
3865,102.32,TRANSFER,681,5,1,0,11,0,0
3866,71.63,PAYMENT,2180,2,0,0,1,0,1
3867,204.29,TRANSFER,1676,4,0,0,16,0,0
3868,775.58,PAYMENT,2962,3,0,1,11,0,0
3869,170.7,CASH_OUT,2994,6,0,0,12,0,0
3870,401.87,TRANSFER,2187,1,0,0,22,0,1
3871,36.96,PAYMENT,253,2,0,0,15,0,0
3872,173.78,CASH_IN,2301,3,0,0,4,0,0
3873,49.53,CASH_OUT,1784,4,0,0,1,0,0
3874,33.89,PAYMENT,780,5,0,1,11,0,0
3875,70.85,PAYMENT,2708,2,0,0,0,1,0
3876,488.77,CASH_OUT,872,3,0,0,19,0,1
3877,383.76,PAYMENT,2291,4,0,0,15,0,0
3878,189.24,DEBIT,1601,2,1,0,16,0,0
3879,32.05,PAYMENT,2333,2,0,0,3,0,0
3880,121.96,PAYMENT,2744,1,0,0,6,0,0
3881,200.68,DEBIT,1535,2,0,0,3,0,0
3882,176.89,DEBIT,1049,3,0,0,11,1,0
3883,23.48,PAYMENT,1457,2,0,0,4,0,0
3884,60.93,CASH_OUT,1095,2,0,0,0,0,0
3885,139.2,PAYMENT,1441,2,0,0,14,1,0
3886,253.74,CASH_OUT,1082,5,0,0,9,1,0
3887,16.51,CASH_IN,2772,5,0,0,1,2,0
3888,126.2,PAYMENT,2638,6,0,0,14,1,1
3889,171.24,PAYMENT,2404,3,0,0,13,1,1
3890,347.1,PAYMENT,2920,3,0,1,6,2,1
3891,296.74,PAYMENT,1107,0,0,0,13,0,0
3892,265.75,PAYMENT,1543,4,0,0,0,0,0
3893,66.69,CASH_IN,2494,3,0,0,10,0,0
3894,22.02,PAYMENT,1051,5,0,0,4,0,0
3895,100.18,TRANSFER,1413,3,0,0,18,0,1
3896,404.09,CASH_OUT,2980,2,0,0,12,0,0
3897,597.92,TRANSFER,309,3,0,0,15,0,0
3898,302.04,TRANSFER,1108,1,1,0,23,2,1
3899,228.0,PAYMENT,2300,4,0,0,13,1,0
3900,216.94,TRANSFER,2185,3,0,0,12,0,0
3901,85.1,PAYMENT,2795,4,0,1,4,0,1
3902,130.31,CASH_OUT,713,4,0,0,1,0,0
3903,787.66,PAYMENT,631,3,1,0,15,0,0
3904,57.83,CASH_OUT,2073,4,0,0,3,0,1
3905,746.04,CASH_OUT,1562,4,0,0,12,0,0
3906,107.55,CASH_OUT,990,6,1,0,22,2,0
3907,558.6,PAYMENT,536,1,0,0,1,0,0
3908,36.35,PAYMENT,1852,2,0,0,23,0,0
3909,266.64,CASH_IN,1224,5,0,0,21,0,0
3910,71.04,PAYMENT,904,4,0,0,22,0,0
3911,36.04,PAYMENT,2345,4,0,0,20,0,0
3912,184.66,CASH_OUT,222,1,0,0,19,2,1
3913,407.27,CASH_IN,2833,1,0,0,10,0,0
3914,63.76,PAYMENT,1233,4,0,1,7,0,0
3915,33.15,CASH_OUT,2837,4,0,0,4,1,1
3916,135.39,TRANSFER,2147,4,0,0,20,0,0
3917,135.99,PAYMENT,1083,0,1,0,13,0,0
3918,256.81,CASH_OUT,539,0,0,0,15,1,1
3919,383.6,CASH_IN,763,3,0,0,22,0,0
3920,139.85,DEBIT,489,2,1,0,13,0,0
3921,949.09,PAYMENT,1691,2,0,0,13,0,0
3922,185.72,CASH_OUT,487,0,0,1,0,1,1
3923,104.96,TRANSFER,596,4,0,0,16,0,0
3924,29.62,PAYMENT,68,4,0,0,15,1,1
3925,114.13,CASH_OUT,999,3,0,0,6,1,0
3926,106.02,PAYMENT,1903,3,0,0,18,0,0
3927,387.73,PAYMENT,291,3,0,0,19,0,0
3928,235.68,PAYMENT,213,4,0,0,20,0,0
3929,45.63,PAYMENT,549,4,0,1,11,0,1
3930,176.31,TRANSFER,2900,4,1,0,5,3,1
3931,290.48,PAYMENT,2950,3,0,0,1,0,0
3932,684.05,TRANSFER,415,3,0,0,18,2,0
3933,360.5,PAYMENT,2653,4,0,0,23,0,0
3934,317.62,CASH_OUT,282,2,0,0,19,0,1
3935,157.6,CASH_IN,1064,3,1,1,10,0,1
3936,218.83,PAYMENT,2677,3,0,0,16,0,0
3937,517.76,TRANSFER,2288,1,0,0,13,0,0
3938,39.14,CASH_OUT,1569,2,0,0,1,2,0
3939,104.64,TRANSFER,1696,4,0,0,5,0,0
3940,68.54,PAYMENT,1836,4,0,0,6,0,0
3941,216.84,CASH_OUT,2437,4,0,0,13,0,0
3942,507.87,PAYMENT,97,3,0,1,7,0,0
3943,81.7,PAYMENT,2504,2,0,0,18,1,0
3944,13.59,TRANSFER,1902,3,1,1,2,0,1
3945,98.28,PAYMENT,2086,3,0,0,21,0,0
3946,369.99,TRANSFER,566,1,0,0,8,0,1
3947,254.08,CASH_OUT,1630,3,0,1,9,0,0
3948,227.74,CASH_OUT,724,0,0,0,20,0,0
3949,112.17,PAYMENT,1226,6,0,0,16,0,0
3950,41.3,DEBIT,830,3,0,0,3,1,1
3951,248.46,CASH_OUT,2099,2,0,1,0,0,1
3952,64.44,PAYMENT,184,5,0,0,0,1,0
3953,1318.3,PAYMENT,2887,6,0,1,0,0,0
3954,262.57,TRANSFER,1515,4,0,0,7,1,0
3955,83.04,CASH_IN,107,4,0,0,13,1,0
3956,80.53,TRANSFER,2181,1,0,0,2,0,0
3957,135.24,CASH_OUT,2056,5,0,0,19,0,0
3958,116.8,PAYMENT,2355,3,0,0,15,1,0
3959,453.43,PAYMENT,748,2,0,0,14,0,0
3960,178.83,PAYMENT,792,4,0,0,4,0,0
3961,71.41,CASH_OUT,1790,4,0,0,21,0,1
3962,982.83,PAYMENT,86,2,1,0,22,1,0
3963,155.91,PAYMENT,368,5,0,0,21,0,0
3964,320.17,PAYMENT,303,6,0,0,2,0,0
3965,80.78,CASH_IN,2985,3,0,0,15,0,0
3966,213.39,CASH_OUT,1922,3,0,0,9,0,0
3967,202.57,PAYMENT,462,2,0,0,17,1,0
3968,22.43,DEBIT,2687,3,1,0,20,0,0
3969,1113.51,PAYMENT,2468,2,0,0,19,0,0
3970,539.5,PAYMENT,1951,7,0,0,0,1,0
3971,99.76,PAYMENT,1942,0,0,0,16,0,0
3972,49.29,PAYMENT,1313,6,1,0,10,1,0
3973,210.1,PAYMENT,2251,4,0,0,6,0,0
3974,161.85,CASH_OUT,1777,1,0,0,21,0,0
3975,211.81,CASH_OUT,1830,5,0,0,8,0,0
3976,179.75,CASH_OUT,2349,3,0,0,3,1,0
3977,246.22,CASH_OUT,337,5,0,0,4,0,0
3978,631.0,CASH_OUT,1702,4,0,0,17,0,0
3979,261.94,PAYMENT,2672,3,1,0,0,0,0
3980,51.95,CASH_OUT,585,5,0,0,19,0,0
3981,579.73,TRANSFER,2284,1,0,0,23,0,0
3982,765.57,DEBIT,1170,1,0,0,9,1,0
3983,3470.51,PAYMENT,1955,6,0,1,3,1,1
3984,48.26,PAYMENT,2082,2,1,0,21,0,0
3985,189.21,CASH_OUT,1995,3,0,0,20,2,0
3986,18.5,CASH_OUT,2576,4,0,0,9,1,0
3987,258.05,PAYMENT,1679,2,1,0,10,0,0
3988,85.78,TRANSFER,1815,3,0,1,9,0,0
3989,1015.81,PAYMENT,2065,3,0,0,0,0,0
3990,68.4,DEBIT,1143,2,0,0,16,0,0
3991,27.41,PAYMENT,979,2,0,0,5,0,0
3992,92.64,PAYMENT,1270,3,0,0,22,2,0
3993,20.58,PAYMENT,100,3,1,0,12,0,1
3994,314.54,TRANSFER,59,6,0,0,2,0,0
3995,18.82,PAYMENT,2898,2,0,0,18,0,0
3996,152.7,CASH_OUT,700,4,1,0,12,0,0
3997,18.58,CASH_IN,1449,0,0,0,12,0,0
3998,107.74,PAYMENT,1574,1,0,0,6,0,0
3999,767.68,CASH_OUT,1023,8,0,0,10,1,0
4000,212.86,PAYMENT,2400,5,0,0,19,0,0
4001,62.58,PAYMENT,2447,4,0,0,23,0,0
4002,143.85,PAYMENT,1209,1,0,0,19,0,0
4003,151.11,PAYMENT,1035,3,1,0,20,0,1
4004,238.09,CASH_OUT,2291,2,0,0,4,2,1
4005,37.83,PAYMENT,2743,0,1,0,9,1,0
4006,268.42,CASH_IN,1136,6,0,0,1,0,0
4007,9.93,CASH_OUT,2482,2,0,0,8,0,0
4008,79.05,CASH_OUT,642,0,0,0,21,0,1
4009,91.08,DEBIT,1901,2,0,0,14,0,0
4010,279.59,DEBIT,310,6,0,0,20,0,0
4011,151.81,TRANSFER,1745,2,0,0,18,0,0
4012,36.4,TRANSFER,1143,1,0,1,8,0,0
4013,55.42,PAYMENT,2206,2,1,0,12,1,0
4014,181.03,CASH_OUT,338,2,0,0,9,1,0
4015,137.13,TRANSFER,2017,7,0,0,11,0,0
4016,83.17,DEBIT,514,5,1,1,17,0,0
4017,91.76,PAYMENT,1558,1,0,0,13,0,0
4018,297.72,PAYMENT,2869,4,0,0,2,2,1
4019,88.44,PAYMENT,312,6,0,1,14,0,0
4020,135.9,CASH_IN,1160,2,1,0,13,0,1
4021,1299.76,PAYMENT,2232,3,0,0,5,0,0
4022,35.74,TRANSFER,1433,4,0,0,1,0,1
4023,23.29,TRANSFER,2884,2,0,0,14,0,1
4024,324.92,PAYMENT,2673,3,0,0,0,1,0
4025,75.29,TRANSFER,899,3,1,0,23,0,1
4026,107.96,TRANSFER,2018,2,0,0,19,0,0
4027,67.95,PAYMENT,290,4,1,0,7,0,0
4028,114.46,TRANSFER,1959,2,1,0,19,1,1
4029,734.02,DEBIT,2861,2,0,1,13,0,0
4030,331.0,DEBIT,250,6,0,0,18,1,0
4031,351.5,TRANSFER,722,2,0,0,3,0,1
4032,36.01,TRANSFER,2475,1,0,1,17,0,0
4033,46.94,PAYMENT,743,4,0,0,19,0,0
4034,8.68,DEBIT,2874,1,1,0,6,0,0
4035,66.06,PAYMENT,2489,1,0,0,5,0,1
4036,386.33,TRANSFER,659,2,1,0,19,0,0
4037,248.87,PAYMENT,658,6,0,0,11,0,0
4038,118.92,PAYMENT,2478,3,0,1,12,0,0
4039,145.14,PAYMENT,2786,1,0,0,7,0,0
4040,74.52,CASH_OUT,1759,4,0,0,9,1,0
4041,182.14,TRANSFER,1857,5,0,1,21,0,1
4042,319.22,TRANSFER,1551,3,0,0,21,0,0
4043,29.49,PAYMENT,2251,7,0,0,23,1,0
4044,200.27,CASH_IN,330,2,1,0,17,0,0
4045,377.07,PAYMENT,2180,3,0,1,0,2,0
4046,97.99,PAYMENT,2598,1,0,0,2,0,0
4047,299.08,CASH_OUT,1058,4,0,0,11,0,0
4048,2476.63,DEBIT,1894,2,0,0,3,0,1
4049,133.71,PAYMENT,1654,1,0,0,12,1,1
4050,219.93,TRANSFER,2255,4,0,0,1,1,0
4051,70.95,TRANSFER,1849,7,0,0,7,0,0
4052,177.91,CASH_IN,56,4,0,0,6,1,0
4053,235.16,PAYMENT,1931,2,0,0,22,0,0
4054,180.34,TRANSFER,1740,2,0,0,7,0,1
4055,53.53,PAYMENT,407,4,0,0,2,0,0
4056,182.43,PAYMENT,126,2,0,0,6,0,0
4057,640.47,PAYMENT,2755,4,0,0,22,0,0
4058,232.44,DEBIT,1189,2,0,0,5,0,0
4059,388.38,PAYMENT,417,3,1,0,5,0,1
4060,117.1,DEBIT,1933,4,0,1,7,0,0
4061,314.16,PAYMENT,193,5,0,0,9,0,0
4062,196.23,DEBIT,1928,0,0,0,21,0,0
4063,57.35,CASH_OUT,1468,2,0,0,1,2,1
4064,204.08,PAYMENT,974,1,1,0,21,0,0
4065,55.05,TRANSFER,710,2,1,0,17,0,0
4066,78.82,PAYMENT,1031,3,0,0,15,0,0
4067,179.35,PAYMENT,1189,1,0,0,11,0,0
4068,199.79,TRANSFER,187,1,0,0,19,0,0
4069,45.19,TRANSFER,2475,4,0,0,14,0,1
4070,425.81,CASH_OUT,842,1,0,0,11,0,0
4071,262.96,CASH_OUT,1792,1,0,0,10,1,0
4072,73.35,PAYMENT,1419,4,0,0,13,1,0
4073,31.89,DEBIT,1355,6,0,0,7,0,0
4074,128.39,DEBIT,2426,4,0,0,0,0,0
4075,95.02,PAYMENT,2861,5,0,0,22,0,0
4076,166.19,PAYMENT,423,1,0,0,16,1,1
4077,103.22,TRANSFER,1377,4,0,0,8,1,0
4078,19.94,TRANSFER,2127,3,0,1,19,0,0
4079,100.65,PAYMENT,1377,3,0,0,8,0,0
4080,109.33,PAYMENT,1567,3,1,0,11,0,0
4081,279.68,CASH_OUT,872,4,0,0,20,0,0
4082,73.83,CASH_OUT,1516,3,0,0,18,0,0
4083,795.26,PAYMENT,1812,2,0,1,11,0,0
4084,21.94,CASH_IN,2578,3,0,0,21,0,0
4085,550.69,CASH_OUT,1780,5,0,0,10,0,0
4086,118.59,PAYMENT,2819,0,0,0,18,0,0
4087,350.58,CASH_OUT,1807,0,1,0,9,1,0
4088,160.74,PAYMENT,2043,2,0,0,10,0,1
4089,463.85,TRANSFER,2265,4,0,0,12,0,0
4090,100.75,PAYMENT,975,6,0,0,22,2,1
4091,49.47,PAYMENT,2206,4,0,0,2,0,0
4092,614.31,PAYMENT,2174,0,0,0,6,0,0
4093,132.49,PAYMENT,394,2,1,0,22,0,0
4094,185.22,CASH_OUT,2578,1,0,0,1,1,0
4095,510.17,CASH_OUT,1218,5,1,0,0,0,1
4096,52.88,PAYMENT,948,4,0,1,20,0,0
4097,269.21,PAYMENT,2254,3,0,0,9,1,0
4098,82.28,CASH_OUT,658,2,1,0,13,0,0
4099,130.04,PAYMENT,1775,3,0,0,20,0,0
4100,159.54,PAYMENT,999,1,0,0,23,0,0
4101,33.11,TRANSFER,302,4,0,0,1,0,0
4102,68.11,CASH_IN,2476,1,0,0,2,0,0
4103,573.11,CASH_IN,1616,4,1,0,15,0,0
4104,360.03,CASH_OUT,2488,3,0,1,14,1,0
4105,139.4,PAYMENT,2854,7,1,0,3,2,1
4106,189.26,CASH_OUT,1117,2,0,0,23,0,0
4107,110.58,PAYMENT,2418,3,0,0,16,1,1
4108,576.27,PAYMENT,1282,5,0,0,4,0,0
4109,121.47,TRANSFER,534,3,0,0,19,0,0
4110,187.14,CASH_OUT,890,2,0,0,21,1,1
4111,466.86,PAYMENT,2814,1,0,0,13,0,0
4112,68.21,PAYMENT,658,1,0,0,6,0,1
4113,705.42,CASH_OUT,279,2,0,0,2,0,0
4114,32.12,CASH_IN,541,3,0,0,23,2,0
4115,757.21,CASH_OUT,374,0,0,0,14,2,0
4116,102.24,TRANSFER,576,6,0,0,3,1,0
4117,116.43,CASH_IN,585,0,1,0,8,1,1
4118,22.42,CASH_OUT,1016,1,0,0,17,0,0
4119,94.18,TRANSFER,2949,5,1,0,17,0,1
4120,52.47,PAYMENT,489,2,0,0,11,0,0
4121,80.83,PAYMENT,1160,2,0,0,9,0,1
4122,129.37,TRANSFER,2963,2,0,0,3,0,1
4123,386.76,PAYMENT,2818,3,0,0,23,1,1
4124,182.66,PAYMENT,2841,7,0,0,5,0,0
4125,201.88,TRANSFER,2565,4,0,0,13,1,1
4126,49.62,PAYMENT,2579,3,0,0,16,0,0
4127,61.51,CASH_IN,1478,2,0,0,4,0,0
4128,896.7,PAYMENT,950,1,0,0,10,1,0
4129,71.15,TRANSFER,2126,1,0,0,10,0,0
4130,777.6,CASH_OUT,89,3,1,0,12,0,0
4131,116.39,TRANSFER,606,10,0,0,3,0,1
4132,148.75,PAYMENT,1824,2,0,0,18,1,0
4133,432.84,TRANSFER,378,2,0,0,14,0,0
4134,529.48,CASH_IN,2475,3,0,0,19,0,0
4135,132.85,DEBIT,1994,2,0,0,0,0,0
4136,100.66,CASH_OUT,703,0,0,0,2,0,0
4137,140.34,CASH_OUT,1523,8,0,0,2,0,0
4138,208.09,PAYMENT,705,3,0,0,5,0,0
4139,361.88,CASH_IN,2092,3,0,0,5,0,0
4140,149.04,DEBIT,2626,4,0,0,16,0,0
4141,275.58,TRANSFER,167,3,1,0,4,0,0
4142,763.84,CASH_OUT,847,2,0,0,20,0,0
4143,217.31,TRANSFER,1611,2,0,0,14,0,0
4144,202.68,PAYMENT,2695,3,0,0,20,1,0
4145,32.5,CASH_IN,110,4,0,0,9,0,0
4146,10.69,TRANSFER,332,1,0,0,16,0,0
4147,218.85,TRANSFER,1327,3,0,0,14,0,0
4148,134.99,CASH_OUT,2486,2,0,0,9,0,0
4149,88.7,CASH_IN,1984,4,1,0,7,2,0
4150,189.34,CASH_OUT,2797,3,0,0,10,0,0
4151,139.71,PAYMENT,1872,3,0,0,21,0,0
4152,458.42,TRANSFER,2442,5,0,0,21,0,0
4153,161.76,DEBIT,2318,2,0,0,17,1,0
4154,70.32,TRANSFER,2166,4,0,0,10,0,0
4155,399.48,DEBIT,1325,1,0,0,15,0,0
4156,119.45,CASH_IN,1542,4,1,0,6,0,0
4157,251.27,CASH_OUT,274,2,0,0,11,0,0
4158,92.07,PAYMENT,1833,2,0,0,10,0,0
4159,77.49,PAYMENT,2648,2,0,1,6,1,0
4160,161.45,CASH_OUT,1126,1,0,0,3,0,0
4161,150.33,TRANSFER,2701,3,0,0,10,0,0
4162,239.81,CASH_OUT,240,3,0,0,3,0,0
4163,113.45,CASH_OUT,563,2,1,0,5,0,0
4164,23.66,PAYMENT,970,4,1,0,6,0,0
4165,96.28,CASH_OUT,1295,5,0,0,14,0,0
4166,328.26,TRANSFER,41,3,0,0,8,0,0
4167,110.24,PAYMENT,2031,3,1,0,21,1,1
4168,116.0,TRANSFER,546,3,0,0,22,0,0
4169,397.97,CASH_IN,823,2,0,0,23,1,0
4170,72.82,PAYMENT,376,1,0,0,18,0,0
4171,31.73,PAYMENT,2097,7,0,1,11,1,0
4172,126.39,PAYMENT,1754,4,0,0,3,0,0
4173,91.45,PAYMENT,2213,1,0,0,4,0,0
4174,56.47,TRANSFER,475,4,0,1,16,0,0
4175,124.54,PAYMENT,1901,5,0,0,0,1,0
4176,242.62,CASH_IN,2015,5,0,0,16,0,0
4177,147.04,PAYMENT,202,1,0,0,19,1,0
4178,201.74,TRANSFER,2782,3,0,0,6,1,0
4179,909.97,PAYMENT,2594,2,1,0,7,0,0
4180,105.33,DEBIT,188,1,0,0,19,0,1
4181,196.05,TRANSFER,1844,3,0,0,22,1,0
4182,89.19,CASH_IN,1458,4,0,0,5,0,0
4183,63.67,CASH_OUT,2589,5,0,0,10,0,0
4184,82.69,CASH_OUT,1705,3,1,0,16,0,0
4185,91.95,CASH_IN,33,4,0,0,5,0,0
4186,212.61,PAYMENT,2882,4,0,0,13,0,1
4187,1554.76,CASH_OUT,1640,4,0,0,7,0,0
4188,72.53,PAYMENT,2823,2,0,0,17,0,0
4189,97.84,CASH_OUT,2181,6,0,0,11,0,0
4190,139.33,DEBIT,2450,1,0,0,5,0,0
4191,220.48,DEBIT,1702,3,0,0,5,1,0
4192,193.17,PAYMENT,311,2,0,0,23,0,0
4193,535.98,PAYMENT,2820,3,0,0,6,0,0
4194,13.11,PAYMENT,2360,2,0,0,2,0,0
4195,13.64,PAYMENT,1530,3,0,0,23,0,0
4196,90.39,PAYMENT,264,2,1,0,0,1,1
4197,444.66,PAYMENT,1755,5,0,0,8,0,0
4198,31.01,DEBIT,367,2,0,0,15,0,0
4199,7.33,TRANSFER,1275,4,0,0,3,0,0
4200,262.74,CASH_OUT,485,3,0,0,11,0,0
4201,189.36,TRANSFER,2802,1,0,0,13,0,0
4202,49.89,CASH_OUT,1948,5,1,1,14,0,1
4203,55.39,DEBIT,1412,2,0,0,21,0,1
4204,56.28,TRANSFER,439,1,0,0,6,1,0
4205,165.76,PAYMENT,1658,5,0,0,0,0,0
4206,79.34,TRANSFER,2018,2,0,0,13,0,0
4207,243.24,DEBIT,587,3,0,0,23,0,0
4208,8.55,PAYMENT,491,2,0,0,21,0,0
4209,63.0,TRANSFER,220,2,0,0,5,0,0
4210,48.13,PAYMENT,2048,1,1,0,7,0,0
4211,114.85,PAYMENT,1891,4,0,0,3,0,1
4212,86.66,CASH_IN,1198,3,0,0,17,0,1
4213,329.59,PAYMENT,1397,1,0,0,19,0,0
4214,23.12,PAYMENT,1629,2,0,0,21,0,0
4215,155.32,PAYMENT,186,4,0,0,15,0,0
4216,259.39,DEBIT,923,4,0,0,13,1,0
4217,950.18,PAYMENT,891,1,0,0,5,1,1
4218,91.67,CASH_IN,1077,7,0,1,19,0,0
4219,205.3,PAYMENT,960,4,0,0,18,0,0
4220,24.44,CASH_IN,1154,0,0,1,18,1,1
4221,13.57,DEBIT,2128,7,0,0,17,0,0
4222,345.42,PAYMENT,1311,4,0,0,9,0,0
4223,147.59,PAYMENT,690,4,0,0,8,2,0
4224,482.27,PAYMENT,1221,3,0,0,0,0,0
4225,37.58,CASH_OUT,1158,7,0,0,3,0,0
4226,249.61,PAYMENT,2112,3,0,0,21,0,1
4227,961.81,PAYMENT,2505,5,0,0,1,1,0
4228,225.81,PAYMENT,368,6,0,0,4,0,0
4229,195.7,PAYMENT,749,2,0,0,2,0,1
4230,149.69,PAYMENT,1206,6,0,1,6,0,0
4231,30.85,CASH_IN,535,4,1,0,9,0,0
4232,575.69,CASH_IN,2157,5,0,0,6,0,0
4233,80.57,TRANSFER,254,1,0,0,15,0,0
4234,245.79,CASH_OUT,1262,2,0,1,0,1,1
4235,31.09,CASH_OUT,209,1,0,0,8,1,0
4236,45.63,CASH_OUT,448,3,0,0,8,2,1
4237,623.34,TRANSFER,1358,0,0,0,21,0,0
4238,104.87,TRANSFER,685,3,1,1,3,1,1
4239,634.78,CASH_OUT,771,3,0,0,13,0,0
4240,137.25,CASH_OUT,343,4,0,0,8,0,1
4241,23.53,PAYMENT,1387,2,0,0,2,1,1
4242,362.15,PAYMENT,337,4,1,0,8,0,0
4243,82.28,PAYMENT,2117,3,0,0,20,0,0
4244,298.48,TRANSFER,1296,3,0,0,14,0,0
4245,152.2,PAYMENT,2438,5,0,0,6,0,0
4246,31.72,TRANSFER,1298,1,1,0,1,1,0
4247,174.91,TRANSFER,2977,6,1,0,5,0,0
4248,1334.38,CASH_IN,1083,6,0,0,8,0,0
4249,242.98,PAYMENT,1673,7,0,1,0,1,0
4250,140.12,TRANSFER,2058,3,0,0,23,0,0
4251,435.0,TRANSFER,959,0,0,0,14,0,0
4252,183.22,PAYMENT,2803,4,0,0,5,0,0
4253,183.01,TRANSFER,2055,4,0,0,12,0,0
4254,49.82,CASH_IN,2810,1,0,0,8,0,0
4255,187.51,PAYMENT,1435,3,0,0,17,0,0
4256,417.98,CASH_IN,2060,5,1,0,6,0,0
4257,64.32,CASH_IN,2693,5,0,1,3,0,0
4258,616.77,CASH_OUT,1234,4,0,0,14,0,0
4259,135.41,CASH_OUT,2038,2,0,0,12,0,0
4260,61.08,CASH_OUT,527,2,0,1,9,0,0
4261,402.47,TRANSFER,1692,3,0,0,7,1,1
4262,111.41,DEBIT,2275,2,0,0,1,0,0
4263,317.19,PAYMENT,62,4,0,0,5,1,0
4264,110.86,PAYMENT,2411,3,0,0,23,0,0
4265,139.79,PAYMENT,2311,3,0,0,23,0,0
4266,243.12,CASH_OUT,559,3,0,0,4,0,0
4267,198.52,PAYMENT,916,5,0,0,14,2,0
4268,20.18,DEBIT,848,1,0,0,20,1,0
4269,48.36,TRANSFER,2821,0,0,0,14,0,0
4270,375.93,CASH_IN,457,4,0,0,5,0,0
4271,130.04,PAYMENT,1319,3,0,0,7,0,0
4272,87.91,PAYMENT,1034,4,0,0,4,0,0
4273,38.15,PAYMENT,1348,2,0,0,7,1,0
4274,50.41,PAYMENT,1493,6,0,0,1,0,1
4275,19.65,TRANSFER,1614,0,0,0,21,0,1
4276,134.12,DEBIT,599,2,1,1,12,0,0
4277,81.58,PAYMENT,180,2,1,0,21,0,0
4278,56.45,CASH_OUT,1700,7,0,1,7,0,0
4279,138.64,TRANSFER,907,4,0,1,21,0,0
4280,213.57,PAYMENT,374,2,1,1,4,0,0
4281,1203.75,TRANSFER,1689,3,1,0,19,0,1
4282,32.72,PAYMENT,963,1,1,0,1,0,1
4283,473.14,CASH_IN,650,3,0,0,6,0,0
4284,392.72,CASH_OUT,179,3,0,0,19,0,0
4285,68.1,PAYMENT,774,0,0,0,21,0,0
4286,181.86,CASH_OUT,296,3,0,0,15,0,0
4287,93.91,PAYMENT,1543,1,1,0,6,0,0
4288,178.7,CASH_OUT,2208,3,1,1,9,0,0
4289,671.24,CASH_IN,176,2,0,0,17,0,0
4290,271.95,CASH_IN,2680,2,0,0,22,0,1
4291,246.81,PAYMENT,932,2,0,0,13,0,0
4292,96.51,PAYMENT,2452,3,0,1,6,1,1
4293,33.65,TRANSFER,1538,2,0,0,7,0,0
4294,120.49,DEBIT,2581,4,0,0,8,0,0
4295,496.02,DEBIT,1272,4,0,0,22,0,0
4296,32.23,PAYMENT,1548,5,1,0,11,0,0
4297,51.67,CASH_OUT,1599,5,0,0,19,0,0
4298,168.39,DEBIT,1314,2,1,0,22,0,0
4299,55.44,PAYMENT,1041,4,0,0,0,0,0
4300,67.19,CASH_IN,100,3,0,1,8,0,0
4301,97.16,PAYMENT,2338,3,0,0,3,1,0
4302,37.88,PAYMENT,725,4,1,0,22,1,0
4303,56.03,PAYMENT,1698,3,0,0,19,0,0
4304,299.89,TRANSFER,1848,3,0,0,20,0,0
4305,40.15,CASH_IN,890,2,0,0,16,0,0
4306,30.03,TRANSFER,1464,0,0,1,3,0,0
4307,79.04,PAYMENT,1469,3,0,0,7,0,0
4308,308.57,PAYMENT,2311,3,0,0,0,0,0
4309,121.89,TRANSFER,1068,1,0,0,18,1,0
4310,93.26,TRANSFER,2694,2,0,0,18,1,0
4311,155.14,TRANSFER,1407,5,0,0,20,0,0
4312,25.9,PAYMENT,512,1,0,0,9,1,0
4313,243.4,CASH_OUT,1491,5,0,0,11,0,0
4314,217.77,DEBIT,1073,1,1,1,3,2,1
4315,98.56,TRANSFER,2837,1,0,0,9,0,0
4316,405.83,CASH_OUT,2549,5,0,0,12,0,0
4317,48.06,DEBIT,191,3,0,0,6,0,0
4318,458.48,CASH_OUT,668,1,0,0,15,1,0
4319,173.21,CASH_OUT,1087,6,0,1,23,0,0
4320,106.0,CASH_OUT,1483,0,0,1,14,2,0
4321,145.49,PAYMENT,760,3,0,0,11,0,0
4322,133.32,TRANSFER,2831,3,0,0,6,1,1
4323,502.85,CASH_IN,1074,5,0,1,0,1,1
4324,50.57,PAYMENT,2814,3,1,0,9,0,0
4325,69.23,CASH_IN,2244,2,0,0,9,1,0
4326,418.34,CASH_OUT,201,6,0,0,0,0,0
4327,81.82,TRANSFER,2900,3,0,0,2,0,0
4328,365.23,CASH_OUT,228,1,0,0,5,1,0
4329,811.95,TRANSFER,2127,2,0,0,21,1,0
4330,99.31,CASH_IN,1495,3,0,0,20,0,0
4331,293.35,TRANSFER,359,4,0,0,6,0,0
4332,46.82,DEBIT,323,2,0,0,5,1,0
4333,315.68,TRANSFER,2357,3,0,0,22,0,0
4334,181.17,CASH_OUT,393,1,0,1,0,0,1
4335,238.18,DEBIT,2648,3,0,1,16,0,0
4336,77.82,PAYMENT,183,1,1,0,11,0,1
4337,28.19,CASH_OUT,1784,0,0,0,4,0,0
4338,245.49,PAYMENT,1693,2,0,0,4,1,0
4339,18.85,CASH_IN,727,2,1,0,1,1,0
4340,108.06,TRANSFER,1471,2,0,0,20,1,0
4341,380.38,DEBIT,301,7,0,0,0,0,0
4342,179.81,CASH_IN,2520,2,1,0,13,0,0
4343,1041.42,PAYMENT,542,0,0,0,12,0,0
4344,413.69,PAYMENT,838,4,0,0,17,1,1
4345,77.18,CASH_OUT,2489,4,1,0,9,0,1
4346,152.52,TRANSFER,1068,2,0,1,22,0,0
4347,141.55,PAYMENT,2157,4,0,0,17,0,0
4348,30.5,PAYMENT,2763,3,0,0,1,1,0
4349,57.95,TRANSFER,573,4,0,0,18,0,0
4350,84.71,PAYMENT,1638,3,0,0,21,0,0
4351,19.37,CASH_IN,2166,2,0,0,22,0,0
4352,155.63,CASH_IN,1000,5,0,1,19,1,0
4353,115.69,CASH_OUT,2331,3,0,0,20,0,0
4354,27.86,PAYMENT,775,6,0,0,14,0,1
4355,222.34,PAYMENT,2216,1,0,0,2,0,0
4356,303.65,TRANSFER,739,4,1,0,6,1,1
4357,186.24,DEBIT,1343,1,0,0,22,0,0
4358,107.33,PAYMENT,335,3,0,0,21,2,0
4359,268.12,PAYMENT,201,3,0,1,18,0,0
4360,293.01,PAYMENT,2603,2,0,0,8,0,0
4361,201.83,CASH_OUT,357,4,0,0,3,0,1
4362,65.07,CASH_OUT,182,4,0,0,8,2,0
4363,195.7,PAYMENT,2785,3,0,0,14,1,0
4364,490.53,TRANSFER,636,2,0,0,6,0,0
4365,81.73,CASH_OUT,2930,5,0,0,22,1,1
4366,1209.47,TRANSFER,1802,3,1,0,6,0,1
4367,87.74,CASH_OUT,1469,4,0,0,21,0,0
4368,153.3,CASH_IN,340,3,1,0,3,0,0
4369,75.76,CASH_OUT,2667,3,0,0,12,0,0
4370,185.54,CASH_OUT,2809,4,0,0,14,0,0
4371,25.99,CASH_IN,438,2,0,0,6,1,0
4372,85.97,DEBIT,748,2,0,0,9,1,1
4373,49.79,PAYMENT,2261,0,1,0,19,0,0
4374,169.92,PAYMENT,656,2,0,0,0,1,1
4375,401.19,CASH_IN,1177,2,0,1,12,0,0
4376,283.16,PAYMENT,267,5,0,0,22,0,0
4377,13.85,DEBIT,1673,4,0,0,3,0,0
4378,1143.75,PAYMENT,2483,6,0,1,9,0,0
4379,199.39,DEBIT,1612,3,0,0,1,0,0
4380,68.27,TRANSFER,1251,5,0,0,16,0,0
4381,173.66,CASH_OUT,592,2,0,0,13,0,1
4382,177.01,PAYMENT,2659,5,0,0,4,1,0
4383,76.18,DEBIT,116,1,0,0,6,0,1
4384,180.89,PAYMENT,1128,5,0,0,20,0,0
4385,80.84,PAYMENT,1785,3,0,0,14,0,0
4386,99.05,PAYMENT,2867,3,0,0,15,0,0
4387,74.72,DEBIT,774,5,0,0,14,0,0
4388,35.42,TRANSFER,2009,2,0,0,6,0,0
4389,171.72,CASH_OUT,399,2,0,0,5,0,0
4390,266.48,CASH_OUT,1793,2,0,0,21,1,1
4391,248.36,CASH_IN,1971,7,1,0,4,1,0
4392,336.95,CASH_OUT,2977,3,0,0,9,1,0
4393,205.27,TRANSFER,2121,2,0,0,12,1,0
4394,87.12,CASH_OUT,1350,7,1,0,8,0,0
4395,343.66,CASH_OUT,1820,1,0,0,14,0,1
4396,38.19,PAYMENT,495,5,1,0,12,0,0
4397,60.3,PAYMENT,942,4,0,1,4,0,1
4398,56.59,PAYMENT,502,2,0,0,21,0,0
4399,437.05,PAYMENT,1326,2,0,0,1,0,0
4400,381.0,TRANSFER,202,3,0,1,18,0,0
4401,241.61,CASH_OUT,265,0,1,0,8,0,1
4402,433.52,DEBIT,1099,2,0,0,14,0,0
4403,61.6,PAYMENT,1708,1,0,0,12,0,0
4404,210.31,CASH_OUT,262,4,0,0,16,0,0
4405,130.95,TRANSFER,2494,2,1,0,5,0,0
4406,346.15,PAYMENT,1998,5,0,0,6,2,0
4407,132.26,CASH_OUT,295,2,0,0,5,1,0
4408,100.99,DEBIT,2267,5,0,0,12,0,0
4409,254.91,PAYMENT,2434,2,0,0,13,0,0
4410,356.44,TRANSFER,168,3,0,0,4,0,0
4411,76.07,PAYMENT,576,2,0,0,3,1,0
4412,139.62,PAYMENT,1558,1,0,0,9,1,1
4413,51.5,CASH_OUT,1535,3,0,1,3,0,0
4414,12.21,CASH_IN,1395,2,0,0,5,0,0
4415,181.36,CASH_OUT,2962,2,0,0,10,1,1
4416,272.85,TRANSFER,1982,1,0,1,22,1,1
4417,192.88,DEBIT,102,2,0,1,20,0,0
4418,21.12,PAYMENT,192,4,0,0,22,1,0
4419,104.5,CASH_OUT,252,4,0,0,8,0,1
4420,16.15,TRANSFER,2027,1,1,0,8,0,0
4421,583.88,CASH_IN,214,2,1,0,17,0,0
4422,50.1,CASH_OUT,124,3,0,1,2,1,1
4423,520.82,DEBIT,713,1,1,0,23,2,0
4424,382.17,PAYMENT,1005,1,0,0,2,1,1
4425,60.3,CASH_OUT,2731,4,0,0,20,1,1
4426,47.81,CASH_OUT,1344,2,1,0,20,0,1
4427,210.69,CASH_OUT,2574,6,1,0,12,0,1
4428,63.8,TRANSFER,90,1,0,0,21,2,1
4429,164.43,PAYMENT,2938,3,0,0,14,0,0
4430,91.58,PAYMENT,2149,1,0,0,14,0,0
4431,25.0,PAYMENT,1490,1,0,0,11,0,0
4432,15.95,CASH_IN,511,3,0,0,6,2,0
4433,186.17,CASH_IN,144,4,0,0,11,0,0
4434,84.64,PAYMENT,1259,3,0,0,3,0,0
4435,85.36,DEBIT,940,1,1,0,15,0,1
4436,297.63,PAYMENT,583,6,0,0,10,0,0
4437,479.83,TRANSFER,1935,4,0,0,22,0,0
4438,113.01,PAYMENT,1585,2,0,0,0,0,0
4439,105.57,CASH_IN,1204,4,1,0,5,0,0
4440,244.73,CASH_OUT,2625,0,0,0,5,0,0
4441,38.21,PAYMENT,169,2,0,0,2,0,0
4442,185.52,CASH_OUT,2484,2,0,0,5,0,0
4443,257.72,PAYMENT,519,3,0,0,0,0,0
4444,293.02,PAYMENT,1960,3,0,0,0,0,0
4445,21.4,PAYMENT,926,6,0,0,5,0,0
4446,69.31,PAYMENT,234,3,0,0,0,1,0
4447,61.67,CASH_IN,2372,6,0,0,13,0,0
4448,164.0,CASH_OUT,2938,6,0,0,21,0,0
4449,240.03,PAYMENT,2659,3,0,1,7,2,0
4450,662.96,PAYMENT,2748,2,0,0,7,0,1
4451,90.47,PAYMENT,934,3,0,0,1,1,0
4452,90.24,PAYMENT,47,1,0,1,19,0,0
4453,468.56,TRANSFER,2813,1,0,0,13,1,1
4454,199.65,PAYMENT,650,4,0,0,12,0,1
4455,527.24,CASH_OUT,672,7,0,0,4,0,0
4456,198.09,TRANSFER,571,1,0,0,13,0,0
4457,46.66,PAYMENT,227,2,0,0,23,0,0
4458,39.13,DEBIT,1295,3,0,0,13,0,0
4459,31.45,PAYMENT,2168,4,1,0,7,0,0
4460,287.74,PAYMENT,1055,7,1,0,7,0,0
4461,487.16,PAYMENT,817,5,1,0,6,0,0
4462,943.28,PAYMENT,1006,3,0,0,7,0,0
4463,344.85,PAYMENT,638,2,0,0,7,1,0
4464,474.77,PAYMENT,494,4,0,0,4,0,0
4465,83.09,CASH_IN,2050,4,0,0,11,0,1
4466,46.69,CASH_OUT,2854,3,0,0,10,1,1
4467,347.26,CASH_OUT,1057,1,0,0,11,0,0
4468,225.36,TRANSFER,1291,4,0,0,0,0,0
4469,165.25,TRANSFER,2629,3,1,0,18,0,0
4470,218.63,PAYMENT,2986,2,0,0,17,0,1
4471,205.04,PAYMENT,2059,2,1,0,1,0,0
4472,535.83,PAYMENT,1847,4,0,0,16,0,0
4473,541.85,TRANSFER,270,4,0,0,1,1,1
4474,255.76,PAYMENT,1668,4,0,0,17,0,0
4475,345.78,PAYMENT,2886,1,0,0,6,2,1
4476,248.16,PAYMENT,1548,0,0,0,15,0,0
4477,93.58,PAYMENT,2973,0,1,0,14,0,0
4478,316.26,PAYMENT,1037,4,0,0,10,0,0
4479,36.8,PAYMENT,1791,3,1,0,12,2,1
4480,425.77,PAYMENT,2844,2,0,0,12,0,0
4481,44.95,PAYMENT,1818,2,0,0,15,0,0
4482,197.51,PAYMENT,1505,1,0,0,16,0,0
4483,63.74,PAYMENT,1212,2,0,0,2,1,0
4484,258.11,PAYMENT,2120,2,1,0,17,0,1
4485,143.46,CASH_OUT,1970,0,0,0,9,0,0
4486,30.12,PAYMENT,2952,3,0,1,23,0,0
4487,226.04,PAYMENT,442,5,0,0,20,1,0
4488,83.27,PAYMENT,1367,1,0,0,16,0,0
4489,358.22,PAYMENT,1133,3,0,0,12,0,0
4490,148.61,PAYMENT,1778,2,0,0,14,0,0
4491,220.39,DEBIT,1503,6,1,0,2,0,0
4492,56.96,CASH_IN,1439,2,1,0,5,1,0
4493,82.32,PAYMENT,1730,5,0,0,12,0,0
4494,93.82,CASH_OUT,2460,2,0,0,17,0,0
4495,349.57,PAYMENT,194,3,0,0,18,0,0
4496,794.23,PAYMENT,738,2,1,0,14,1,0
4497,66.34,CASH_OUT,2379,1,0,0,21,1,0
4498,435.65,PAYMENT,803,5,0,0,23,0,0
4499,16.95,TRANSFER,1101,5,0,0,10,0,0
4500,44.96,CASH_OUT,1180,4,0,0,21,0,0
4501,56.9,TRANSFER,397,2,1,0,0,0,0
4502,38.38,DEBIT,2725,2,0,0,17,1,0
4503,30.46,CASH_OUT,2584,4,0,0,14,1,1
4504,224.3,CASH_OUT,642,2,0,0,2,0,0
4505,119.81,PAYMENT,106,2,0,0,17,0,0
4506,216.89,PAYMENT,2784,2,0,0,21,0,0
4507,296.03,CASH_OUT,97,3,0,0,9,0,0
4508,193.57,DEBIT,1081,2,1,0,15,0,0
4509,286.51,TRANSFER,2477,2,1,1,18,0,0
4510,138.44,DEBIT,2134,4,0,0,8,0,0
4511,45.29,PAYMENT,1256,1,0,0,21,0,0
4512,427.44,PAYMENT,596,2,0,0,13,0,0
4513,82.34,PAYMENT,2695,3,1,0,19,0,0
4514,58.23,TRANSFER,1304,3,0,0,23,0,0
4515,124.22,CASH_OUT,2419,3,1,0,3,0,1
4516,59.57,PAYMENT,2500,4,0,0,1,0,0
4517,97.77,DEBIT,468,2,0,0,21,1,0
4518,209.36,TRANSFER,2491,6,0,0,20,0,0
4519,210.26,TRANSFER,901,2,0,0,6,3,0
4520,60.47,CASH_OUT,1991,5,1,0,23,0,0
4521,91.13,PAYMENT,2210,3,0,0,9,1,1
4522,434.56,CASH_OUT,2506,2,0,0,0,0,0
4523,243.81,PAYMENT,2781,3,0,0,2,1,0
4524,1182.12,PAYMENT,1597,3,0,0,17,0,0
4525,483.05,TRANSFER,1663,5,0,1,5,0,0
4526,466.05,DEBIT,2345,2,0,0,14,0,0
4527,37.04,TRANSFER,2184,2,1,1,1,0,0
4528,318.58,CASH_OUT,95,3,1,0,0,0,0
4529,140.74,CASH_OUT,1105,4,0,1,6,0,0
4530,85.54,PAYMENT,2788,3,0,1,16,1,1
4531,175.57,CASH_IN,2365,1,0,0,17,0,0
4532,381.92,TRANSFER,2309,3,0,0,15,1,0
4533,244.9,PAYMENT,1294,4,0,0,16,0,0
4534,61.65,PAYMENT,2065,1,0,0,14,0,0
4535,311.83,PAYMENT,419,5,0,0,8,1,0
4536,78.45,PAYMENT,1075,3,0,0,8,0,0
4537,184.32,PAYMENT,758,2,0,0,0,0,0
4538,109.58,PAYMENT,2764,1,0,0,0,0,1
4539,119.24,CASH_OUT,2986,4,0,0,7,0,0
4540,319.34,TRANSFER,1737,3,0,0,17,1,1
4541,52.45,CASH_OUT,2598,3,0,0,7,0,0
4542,1038.15,PAYMENT,391,2,0,0,13,0,0
4543,24.02,CASH_OUT,88,4,0,1,12,0,1
4544,81.64,PAYMENT,514,5,0,0,15,0,0
4545,214.91,TRANSFER,1154,0,0,0,11,0,0
4546,266.22,PAYMENT,1810,4,0,0,21,0,0
4547,134.23,TRANSFER,2875,3,0,0,11,0,0
4548,140.14,PAYMENT,369,7,1,0,22,0,0
4549,223.75,CASH_OUT,515,7,0,0,1,0,0
4550,117.79,CASH_IN,1865,4,0,1,14,1,1
4551,597.76,CASH_OUT,2766,4,0,0,13,0,0
4552,343.56,PAYMENT,1069,1,0,0,3,0,0
4553,355.25,PAYMENT,150,4,0,0,9,0,0
4554,56.48,DEBIT,2407,7,0,0,10,0,0
4555,137.09,TRANSFER,2161,6,0,0,16,0,0
4556,109.9,DEBIT,774,5,1,0,13,0,1
4557,54.29,PAYMENT,415,4,0,0,18,0,0
4558,212.76,DEBIT,2400,5,0,0,6,0,0
4559,86.69,DEBIT,477,5,1,0,12,0,0
4560,285.83,CASH_OUT,2981,2,0,0,23,0,0
4561,50.9,PAYMENT,2150,5,0,1,3,0,1
4562,828.02,TRANSFER,2332,4,1,0,20,0,0
4563,60.56,DEBIT,2937,4,0,0,20,0,0
4564,184.81,CASH_IN,2994,2,0,0,7,0,0
4565,327.62,PAYMENT,1052,7,0,0,3,0,0
4566,83.88,PAYMENT,894,3,0,0,22,0,0
4567,348.09,CASH_IN,2977,3,0,0,13,0,0
4568,43.42,TRANSFER,1805,3,0,0,8,0,0
4569,634.04,CASH_IN,1938,4,0,0,20,0,0
4570,150.53,CASH_IN,2907,3,0,0,4,0,0
4571,81.74,DEBIT,2685,6,0,0,21,0,0
4572,110.04,PAYMENT,617,2,1,0,6,0,0
4573,333.26,PAYMENT,2079,1,1,0,22,0,1
4574,82.73,PAYMENT,2060,1,1,0,14,0,1
4575,70.15,DEBIT,412,3,0,0,4,0,0
4576,118.92,TRANSFER,719,3,0,0,1,0,0
4577,45.74,PAYMENT,1165,3,1,0,3,0,0
4578,916.48,PAYMENT,1938,2,0,0,23,0,0
4579,84.23,PAYMENT,233,3,0,0,1,0,0
4580,340.91,CASH_IN,1803,3,1,0,3,0,0
4581,183.0,CASH_OUT,55,2,0,0,22,0,0
4582,55.45,CASH_OUT,1906,4,0,0,14,2,0
4583,147.53,PAYMENT,2185,4,0,0,13,0,0
4584,325.06,DEBIT,1730,3,0,0,2,1,1
4585,122.95,PAYMENT,1620,2,0,0,21,1,0
4586,489.37,CASH_OUT,897,4,0,0,11,0,0
4587,412.2,PAYMENT,303,4,1,0,11,0,0
4588,372.01,PAYMENT,1845,3,0,0,13,0,0
4589,93.72,PAYMENT,1595,2,0,0,3,1,1
4590,50.41,TRANSFER,2094,3,0,0,8,0,0
4591,80.35,CASH_OUT,1517,4,1,0,1,0,0
4592,180.59,PAYMENT,2375,5,0,0,4,0,0
4593,256.16,PAYMENT,2670,3,0,1,23,1,0
4594,16.92,CASH_IN,2953,2,0,0,15,0,0
4595,147.21,PAYMENT,1080,4,0,0,18,0,0
4596,173.83,PAYMENT,2073,4,0,0,14,0,0
4597,112.44,TRANSFER,212,4,0,0,22,1,0
4598,539.84,CASH_IN,2752,1,0,1,18,0,0
4599,226.28,PAYMENT,2526,0,0,1,4,0,0
4600,550.15,DEBIT,1978,3,0,0,21,0,0
4601,119.59,PAYMENT,1637,2,1,0,7,0,0
4602,378.98,PAYMENT,1509,4,0,0,11,0,0
4603,761.33,PAYMENT,2665,5,0,0,11,0,0
4604,550.98,CASH_OUT,449,2,0,1,8,1,0
4605,49.79,PAYMENT,2317,3,1,0,19,0,0
4606,115.16,CASH_OUT,2589,2,0,0,19,1,0
4607,105.09,PAYMENT,833,3,0,0,12,0,0
4608,242.08,PAYMENT,468,5,0,0,18,0,0
4609,294.82,CASH_IN,2849,4,0,0,11,0,0
4610,64.14,CASH_OUT,1050,0,0,0,6,0,0
4611,158.83,PAYMENT,552,4,0,0,20,0,0
4612,19.69,CASH_OUT,600,6,1,0,23,0,1
4613,627.63,CASH_OUT,1312,6,1,0,14,0,0
4614,88.91,PAYMENT,743,5,0,0,4,0,0
4615,156.94,TRANSFER,142,4,0,0,9,0,0
4616,108.89,PAYMENT,1638,0,0,0,7,0,0
4617,466.86,TRANSFER,2482,5,1,0,8,0,1
4618,8.69,CASH_OUT,2047,2,0,0,4,0,0
4619,145.97,PAYMENT,1971,2,0,0,18,1,0
4620,133.51,PAYMENT,2313,3,0,0,7,1,0
4621,94.29,PAYMENT,1059,3,0,0,23,0,0
4622,833.99,DEBIT,2442,3,1,1,0,0,1
4623,61.11,CASH_OUT,876,0,1,1,13,0,0
4624,321.11,PAYMENT,1364,5,0,0,21,0,0
4625,211.93,TRANSFER,2927,2,0,0,20,0,1
4626,524.01,PAYMENT,2129,2,0,0,5,0,0
4627,76.16,CASH_OUT,1941,4,0,0,1,0,0
4628,71.31,TRANSFER,329,0,1,0,3,0,0
4629,444.11,DEBIT,892,3,0,0,17,0,0
4630,227.08,PAYMENT,1115,4,0,0,14,0,0
4631,31.66,TRANSFER,113,3,0,0,3,2,0
4632,86.55,CASH_OUT,1406,5,0,0,20,0,0
4633,218.41,CASH_IN,1722,4,0,0,16,0,1
4634,343.01,TRANSFER,1048,6,1,0,8,0,0
4635,75.25,CASH_OUT,953,2,0,0,8,0,0
4636,8.05,PAYMENT,919,4,0,0,5,0,0
4637,250.44,TRANSFER,1528,3,1,0,22,0,0
4638,43.8,CASH_IN,1688,3,0,0,2,0,0
4639,19.74,DEBIT,944,3,0,0,20,0,0
4640,8.74,CASH_OUT,2056,5,0,0,15,0,0
4641,334.95,PAYMENT,532,3,0,0,2,0,0
4642,168.78,CASH_IN,723,8,0,0,1,0,0
4643,118.43,PAYMENT,2176,6,0,0,9,1,0
4644,595.28,PAYMENT,1755,2,0,0,14,0,0
4645,280.71,CASH_OUT,939,2,0,0,0,0,0
4646,747.18,PAYMENT,1359,6,0,0,11,1,1
4647,36.87,DEBIT,2840,3,1,0,9,1,0
4648,143.37,TRANSFER,2392,2,0,0,19,1,1
4649,29.47,TRANSFER,1763,2,0,0,20,2,0
4650,117.99,CASH_OUT,1495,3,0,0,10,2,0
4651,115.74,CASH_OUT,2324,2,0,0,1,0,1
4652,277.72,TRANSFER,2342,3,1,0,20,0,0
4653,155.33,PAYMENT,1622,3,0,0,6,0,0
4654,276.83,CASH_OUT,454,2,0,0,21,0,0
4655,299.9,PAYMENT,824,5,0,1,8,0,0
4656,1280.4,PAYMENT,1111,5,0,0,13,1,0
4657,108.28,CASH_OUT,1537,2,0,0,21,0,0
4658,57.92,PAYMENT,2401,5,0,0,5,0,0
4659,189.82,DEBIT,2869,3,0,1,7,0,0
4660,66.53,CASH_OUT,1552,0,0,0,14,0,0
4661,653.25,DEBIT,877,4,0,0,19,0,0
4662,111.81,PAYMENT,91,5,0,0,5,0,0
4663,84.3,DEBIT,2670,1,0,0,5,0,0
4664,92.64,PAYMENT,992,3,0,0,23,0,0
4665,304.42,PAYMENT,1814,2,0,0,12,1,0
4666,126.75,PAYMENT,2946,4,0,0,9,1,0
4667,78.13,TRANSFER,544,1,0,0,19,0,0
4668,784.74,PAYMENT,777,5,1,0,14,0,1
4669,63.04,TRANSFER,2128,1,0,0,6,0,1
4670,153.79,PAYMENT,646,6,0,0,1,0,0
4671,284.95,PAYMENT,128,3,0,0,8,0,0
4672,29.04,CASH_OUT,352,5,0,0,6,0,0
4673,239.91,PAYMENT,2669,1,1,1,0,0,1
4674,51.67,CASH_OUT,1494,2,0,0,15,0,0
4675,337.91,TRANSFER,2481,1,0,0,21,0,0
4676,56.68,DEBIT,1955,2,0,0,6,1,0
4677,296.71,PAYMENT,1470,2,0,0,21,0,1
4678,448.47,DEBIT,184,2,0,0,14,0,0
4679,351.23,TRANSFER,571,5,0,0,23,0,0
4680,190.82,DEBIT,175,1,0,0,21,0,0
4681,117.77,PAYMENT,1288,6,0,0,16,0,0
4682,83.39,CASH_OUT,1527,4,0,0,4,1,0
4683,646.15,CASH_IN,1452,2,0,0,4,0,0
4684,73.74,PAYMENT,893,3,0,1,18,0,0
4685,52.61,TRANSFER,1664,2,0,0,14,0,0
4686,288.69,CASH_IN,1513,2,0,0,16,1,0
4687,66.94,TRANSFER,2779,3,0,0,22,1,1
4688,57.39,PAYMENT,818,4,0,0,21,0,0
4689,35.04,CASH_OUT,1961,1,0,0,0,1,0
4690,91.57,PAYMENT,286,2,0,0,1,0,0
4691,136.63,CASH_IN,2792,1,0,0,11,0,0
4692,189.25,PAYMENT,468,2,0,0,17,0,0
4693,384.25,PAYMENT,566,1,0,0,21,0,0
4694,251.36,PAYMENT,2252,7,0,0,19,1,1
4695,122.62,CASH_OUT,742,3,0,0,17,0,0
4696,121.73,DEBIT,1860,4,0,0,16,0,0
4697,247.19,PAYMENT,2568,3,0,0,4,1,0
4698,529.84,PAYMENT,1336,2,0,0,14,0,0
4699,168.4,PAYMENT,2682,1,0,0,11,0,1
4700,92.84,CASH_IN,2639,5,0,0,7,0,0
4701,54.99,TRANSFER,248,3,0,0,22,1,1
4702,34.98,PAYMENT,1209,2,0,0,2,0,0
4703,288.95,TRANSFER,86,5,1,0,18,0,0
4704,264.54,PAYMENT,1564,4,0,0,10,0,0
4705,264.37,TRANSFER,772,3,0,0,19,0,0
4706,130.5,PAYMENT,2415,2,0,1,0,0,0
4707,606.03,CASH_IN,2796,2,1,0,16,0,0
4708,91.46,DEBIT,1325,2,0,0,7,1,0
4709,385.78,CASH_OUT,1780,2,0,0,2,1,0
4710,142.77,TRANSFER,1019,5,0,0,21,0,0
4711,80.77,TRANSFER,331,3,0,0,3,0,0
4712,268.41,PAYMENT,1042,3,0,0,5,0,0
4713,223.55,CASH_OUT,276,2,0,0,22,0,1
4714,212.08,TRANSFER,2093,2,0,0,23,0,0
4715,160.98,DEBIT,1388,3,0,0,1,0,1
4716,142.89,PAYMENT,240,2,1,0,1,0,1
4717,1617.07,CASH_OUT,1639,1,0,0,7,0,0
4718,485.05,CASH_OUT,1426,1,1,0,16,0,1
4719,305.77,PAYMENT,2894,5,0,0,15,0,0
4720,165.97,CASH_OUT,1459,6,0,0,6,1,1
4721,406.33,DEBIT,1075,1,0,0,21,0,1
4722,249.13,DEBIT,2695,6,0,0,23,0,0
4723,152.35,CASH_OUT,148,4,0,0,2,0,0
4724,109.56,PAYMENT,1581,0,0,0,3,1,1
4725,136.88,CASH_IN,1568,3,0,0,23,0,0
4726,6.23,CASH_OUT,1545,5,0,0,17,0,0
4727,183.2,PAYMENT,535,4,1,0,3,0,0
4728,91.06,PAYMENT,1808,2,0,0,2,0,0
4729,729.73,PAYMENT,466,4,1,0,15,0,1
4730,151.31,PAYMENT,832,4,0,0,19,1,1
4731,45.2,CASH_OUT,132,2,0,0,9,0,1
4732,141.19,PAYMENT,1714,3,0,0,2,0,0
4733,52.14,PAYMENT,734,4,1,0,14,0,0
4734,238.27,PAYMENT,854,1,1,0,10,1,0
4735,198.53,TRANSFER,1100,4,1,0,12,0,1
4736,386.77,PAYMENT,1983,4,0,1,19,1,0
4737,67.3,PAYMENT,333,2,0,0,14,0,0
4738,153.55,PAYMENT,2244,5,0,0,10,0,0
4739,37.9,CASH_OUT,523,2,0,0,10,0,0
4740,299.31,PAYMENT,116,2,0,0,16,1,0
4741,249.35,TRANSFER,2197,5,0,0,15,0,0
4742,243.67,PAYMENT,1979,2,1,0,12,0,0
4743,148.65,PAYMENT,2430,0,1,0,23,0,0
4744,224.7,PAYMENT,1798,2,0,0,10,0,0
4745,738.29,PAYMENT,2427,2,1,0,4,0,0
4746,111.6,PAYMENT,1568,6,0,0,12,0,0
4747,170.48,PAYMENT,1047,2,0,0,11,0,0
4748,50.09,PAYMENT,2847,3,1,0,20,0,0
4749,62.29,CASH_OUT,1079,8,1,0,4,0,0
4750,163.66,PAYMENT,2399,5,0,0,19,1,0
4751,447.62,CASH_IN,2373,3,1,0,13,0,1
4752,114.86,CASH_IN,160,2,0,1,6,0,1
4753,117.22,CASH_OUT,2094,0,0,0,13,0,0
4754,98.8,PAYMENT,799,3,0,0,13,0,0
4755,86.94,CASH_IN,2999,5,0,0,6,0,0
4756,199.33,PAYMENT,2262,3,1,0,18,0,1
4757,33.21,PAYMENT,853,2,0,0,16,1,0
4758,534.29,PAYMENT,2153,1,0,0,7,1,0
4759,76.29,DEBIT,1842,6,0,0,1,1,0
4760,305.49,PAYMENT,557,6,1,0,13,2,0
4761,41.68,DEBIT,63,6,0,0,1,1,0
4762,289.7,PAYMENT,2136,3,0,0,5,0,0
4763,290.6,DEBIT,1120,2,0,1,15,0,0
4764,217.94,DEBIT,2332,1,1,0,10,0,1
4765,54.9,DEBIT,2480,1,0,0,2,0,0
4766,190.48,TRANSFER,2109,3,0,0,6,0,0
4767,45.47,CASH_IN,39,4,0,0,1,0,1
4768,115.27,DEBIT,1757,2,0,0,1,1,0
4769,415.47,PAYMENT,2808,5,0,0,16,0,0
4770,329.21,TRANSFER,2666,5,1,1,3,3,1
4771,150.68,CASH_OUT,2609,3,1,1,11,0,1
4772,55.99,PAYMENT,1206,2,0,0,13,0,0
4773,283.04,CASH_OUT,2969,4,1,0,5,0,0
4774,151.32,PAYMENT,1338,3,1,0,4,1,0
4775,14.58,TRANSFER,657,1,0,0,6,0,0
4776,324.61,PAYMENT,1303,4,0,0,0,1,0
4777,144.86,PAYMENT,2988,1,0,0,5,0,0
4778,493.96,PAYMENT,2506,0,0,0,12,0,0
4779,49.64,CASH_IN,1610,1,0,0,4,0,1
4780,6.19,PAYMENT,1339,2,0,0,16,0,0
4781,196.19,CASH_IN,2371,4,0,0,13,0,0
4782,198.65,CASH_OUT,473,3,0,0,22,1,0
4783,27.37,TRANSFER,317,1,0,0,4,1,0
4784,55.78,PAYMENT,2383,5,0,0,0,0,0
4785,2333.72,PAYMENT,2240,3,0,0,13,0,1
4786,109.33,TRANSFER,1534,2,0,0,8,0,0
4787,308.26,PAYMENT,2665,2,0,0,1,1,0
4788,77.43,TRANSFER,2057,4,0,0,0,1,0
4789,18.35,DEBIT,660,5,1,0,6,0,0
4790,125.18,PAYMENT,828,7,0,0,16,0,0
4791,113.79,TRANSFER,2029,6,0,0,15,0,0
4792,99.5,DEBIT,638,5,0,0,10,0,0
4793,132.34,CASH_IN,2770,0,0,0,4,0,0
4794,193.3,CASH_IN,1551,3,0,0,6,0,0
4795,127.73,CASH_IN,1054,3,0,1,12,0,0
4796,41.93,PAYMENT,1651,6,0,0,2,0,0
4797,241.33,CASH_IN,505,2,0,0,7,0,0
4798,21.13,DEBIT,2142,2,0,0,0,0,0
4799,19.1,TRANSFER,940,2,0,0,2,1,1
4800,310.81,PAYMENT,644,5,0,1,15,0,0
4801,246.42,TRANSFER,2001,5,0,0,7,0,0
4802,140.13,PAYMENT,451,4,0,0,3,0,1
4803,36.77,PAYMENT,1034,5,0,0,19,1,1
4804,73.12,CASH_OUT,2076,6,0,0,14,0,0
4805,114.12,TRANSFER,1045,4,0,0,16,0,0
4806,30.09,TRANSFER,36,3,1,1,14,0,1
4807,70.88,PAYMENT,1002,0,0,1,4,0,0
4808,284.95,CASH_OUT,1049,4,0,0,8,0,1
4809,618.51,PAYMENT,133,4,0,0,2,0,0
4810,97.57,PAYMENT,2541,1,1,0,9,0,0
4811,316.24,CASH_OUT,1647,5,0,0,18,0,0
4812,21.89,PAYMENT,2925,2,0,0,21,0,0
4813,286.99,PAYMENT,1613,2,0,0,7,0,0
4814,66.42,PAYMENT,2428,1,0,0,4,0,0
4815,201.81,CASH_OUT,2443,4,0,0,21,0,0
4816,115.84,CASH_OUT,1946,0,0,0,13,1,0
4817,555.8,PAYMENT,211,4,0,0,23,0,0
4818,61.9,PAYMENT,2320,3,0,0,5,1,0
4819,278.0,CASH_OUT,249,5,0,0,19,0,0
4820,112.22,CASH_IN,1261,3,0,0,20,0,0
4821,126.68,CASH_OUT,1921,3,0,0,17,0,1
4822,123.49,CASH_IN,2506,2,0,0,22,0,0
4823,63.71,TRANSFER,2885,2,0,0,23,0,0
4824,146.34,CASH_OUT,64,2,0,0,3,0,0
4825,139.4,CASH_IN,704,0,1,0,0,1,0
4826,188.9,CASH_OUT,2939,3,0,1,10,0,1
4827,161.5,DEBIT,1474,3,0,0,14,0,0
4828,329.64,TRANSFER,1256,3,0,0,23,0,0
4829,373.72,DEBIT,1930,5,0,1,22,0,0
4830,51.9,CASH_OUT,437,2,0,1,10,0,1
4831,353.81,CASH_IN,1402,1,0,0,21,0,0
4832,45.32,PAYMENT,33,1,0,1,0,0,1
4833,267.16,CASH_OUT,390,1,0,0,5,0,0
4834,275.82,CASH_IN,1999,2,0,0,16,1,0
4835,21.95,PAYMENT,619,5,0,0,0,0,0
4836,162.87,CASH_OUT,1411,3,0,0,15,1,1
4837,92.9,CASH_IN,1681,8,0,0,23,0,0
4838,69.49,PAYMENT,1919,2,0,0,6,0,0
4839,572.98,TRANSFER,2412,5,0,0,19,0,0
4840,77.19,TRANSFER,2362,5,0,0,11,0,0
4841,66.26,TRANSFER,1089,1,0,0,15,1,1
4842,160.08,PAYMENT,424,0,0,0,7,1,0
4843,294.59,PAYMENT,596,6,0,0,3,0,0
4844,128.81,PAYMENT,1102,3,0,0,20,0,0
4845,476.45,PAYMENT,2540,1,0,0,13,0,0
4846,252.39,PAYMENT,2034,3,0,0,21,0,0
4847,16.81,CASH_OUT,2432,5,0,0,22,0,0
4848,87.4,TRANSFER,2420,5,0,0,8,0,0
4849,84.62,CASH_OUT,2132,3,0,1,18,0,0
4850,239.69,PAYMENT,871,1,0,0,14,0,0
4851,10.75,TRANSFER,289,1,0,0,6,0,0
4852,1898.86,PAYMENT,906,2,1,0,12,0,0
4853,252.4,CASH_IN,2998,6,0,0,0,0,0
4854,172.24,CASH_OUT,1695,4,0,0,8,0,0
4855,483.75,CASH_IN,944,4,1,0,7,0,0
4856,1546.35,PAYMENT,1141,3,0,0,4,0,1
4857,354.51,CASH_OUT,933,3,0,0,20,1,0
4858,383.3,TRANSFER,1373,3,1,0,15,0,1
4859,169.13,CASH_IN,2347,1,1,1,8,1,1
4860,128.83,TRANSFER,1925,3,0,0,19,0,1
4861,92.22,TRANSFER,995,4,1,0,0,0,1
4862,64.97,PAYMENT,1179,3,0,0,20,0,0
4863,74.66,CASH_OUT,2916,2,0,0,14,0,0
4864,38.45,PAYMENT,2262,1,0,1,7,0,0
4865,137.57,PAYMENT,394,2,1,0,1,0,0
4866,27.53,PAYMENT,749,4,1,0,4,0,0
4867,179.63,DEBIT,1061,3,0,1,18,0,0
4868,143.12,PAYMENT,683,1,1,0,8,0,0
4869,171.9,CASH_IN,1869,5,1,0,3,0,0
4870,88.05,DEBIT,2979,3,0,0,11,1,0
4871,3219.11,DEBIT,1409,2,0,0,20,1,1
4872,578.31,CASH_IN,352,4,0,0,3,0,0
4873,42.75,CASH_IN,935,5,0,0,21,1,0
4874,187.33,PAYMENT,2179,0,0,0,12,0,0
4875,80.8,PAYMENT,824,4,0,0,14,0,0
4876,53.81,CASH_OUT,1519,1,0,0,22,1,1
4877,38.86,TRANSFER,1482,7,0,1,15,1,1
4878,228.66,PAYMENT,2152,2,0,0,15,2,1
4879,75.08,CASH_OUT,1153,3,1,0,16,0,1
4880,390.66,TRANSFER,773,3,1,0,17,0,1
4881,400.93,CASH_IN,2313,2,0,1,2,0,0
4882,586.35,CASH_OUT,1322,3,0,0,5,0,0
4883,63.28,TRANSFER,917,5,0,0,7,0,0
4884,238.74,TRANSFER,1307,4,0,0,23,0,0
4885,279.35,TRANSFER,756,3,0,0,1,0,0
4886,92.37,DEBIT,840,2,1,0,12,0,0
4887,68.6,PAYMENT,358,4,0,0,10,1,0
4888,742.13,TRANSFER,2913,6,0,0,21,0,0
4889,186.33,CASH_OUT,1861,2,1,0,12,1,1
4890,280.33,TRANSFER,2447,4,0,0,18,1,0
4891,65.23,PAYMENT,288,6,0,0,18,0,0
4892,43.85,PAYMENT,2305,6,0,0,22,0,0
4893,83.98,PAYMENT,406,1,0,0,22,0,0
4894,131.1,PAYMENT,174,4,0,0,22,0,1
4895,51.2,CASH_IN,2157,4,0,0,3,0,0
4896,146.96,TRANSFER,2783,2,0,0,4,0,0
4897,27.43,PAYMENT,738,3,0,0,3,0,0
4898,48.42,PAYMENT,2174,2,0,0,11,0,1
4899,290.3,PAYMENT,275,1,1,0,9,0,0
4900,271.45,DEBIT,362,1,0,0,23,0,0
4901,100.3,TRANSFER,1641,2,0,0,2,0,0
4902,53.64,DEBIT,2842,1,0,0,5,1,0
4903,53.12,PAYMENT,307,1,0,0,10,0,0
4904,102.18,CASH_IN,2053,1,1,0,17,1,0
4905,282.74,PAYMENT,1417,1,0,0,4,0,0
4906,375.5,PAYMENT,1764,3,0,0,13,0,1
4907,90.33,PAYMENT,281,0,0,0,1,0,0
4908,46.83,CASH_OUT,2061,4,0,0,14,1,0
4909,194.0,PAYMENT,2973,2,0,0,10,0,0
4910,65.14,TRANSFER,2035,5,0,0,15,0,0
4911,88.39,CASH_IN,2095,2,0,1,0,0,0
4912,558.51,PAYMENT,2467,4,0,0,2,0,0
4913,339.38,PAYMENT,1306,3,0,0,13,0,0
4914,173.81,CASH_IN,1057,3,0,0,19,0,0
4915,41.6,TRANSFER,1426,4,0,0,22,0,0
4916,183.35,CASH_IN,1478,0,1,1,13,0,1
4917,429.52,PAYMENT,2826,1,0,0,17,0,0
4918,101.94,PAYMENT,1232,1,0,0,2,0,0
4919,573.13,PAYMENT,41,3,0,0,21,1,0
4920,540.64,DEBIT,1933,4,0,0,17,0,0
4921,783.47,CASH_IN,1346,3,0,0,14,1,0
4922,201.39,DEBIT,799,1,0,0,2,1,0
4923,267.04,TRANSFER,2336,1,0,0,14,0,0
4924,610.44,CASH_IN,458,3,1,0,14,0,0
4925,232.15,TRANSFER,2674,3,0,0,20,0,0
4926,89.91,TRANSFER,2372,2,0,0,3,0,0
4927,94.77,CASH_IN,1386,4,0,0,10,0,0
4928,188.4,PAYMENT,2003,1,0,0,20,0,0
4929,40.83,PAYMENT,2283,1,0,0,7,1,0
4930,128.6,PAYMENT,2299,4,0,1,4,0,1
4931,444.32,CASH_OUT,1583,4,0,0,19,1,0
4932,16.59,PAYMENT,1066,3,0,0,14,0,1
4933,688.48,PAYMENT,1323,3,0,1,10,0,0
4934,455.95,DEBIT,2117,2,0,0,21,1,0
4935,93.71,PAYMENT,2582,3,0,0,15,0,0
4936,255.54,PAYMENT,2678,4,0,0,21,0,0
4937,148.88,CASH_OUT,2690,6,0,0,4,0,0
4938,507.75,CASH_IN,1784,2,0,1,12,0,0
4939,396.5,PAYMENT,1357,5,0,1,18,0,0
4940,36.6,CASH_OUT,551,6,0,0,13,0,0
4941,267.0,PAYMENT,1174,1,0,0,12,0,0
4942,120.83,TRANSFER,1728,1,0,0,3,0,0
4943,161.23,PAYMENT,1717,2,0,0,10,1,0
4944,71.65,PAYMENT,2382,4,1,0,5,0,0
4945,852.47,TRANSFER,1512,1,0,0,0,0,0
4946,419.92,DEBIT,2673,7,1,0,21,1,0
4947,70.83,CASH_OUT,2279,2,0,0,21,0,0
4948,39.07,DEBIT,2639,6,0,0,15,0,0
4949,100.92,CASH_OUT,2489,4,0,0,23,1,1
4950,229.18,PAYMENT,249,5,0,0,7,0,1
4951,188.71,PAYMENT,1662,3,0,0,5,0,0
4952,519.64,DEBIT,2401,0,0,0,10,1,0
4953,326.99,CASH_OUT,640,2,0,0,19,0,0
4954,391.34,DEBIT,2417,6,1,0,5,0,0
4955,205.79,PAYMENT,163,5,0,0,23,0,0
4956,36.99,PAYMENT,857,3,0,0,4,0,0
4957,122.03,PAYMENT,878,3,0,0,15,0,0
4958,428.41,PAYMENT,176,0,0,0,21,0,0
4959,140.96,PAYMENT,2010,3,0,0,8,0,0
4960,245.45,TRANSFER,462,5,0,0,4,0,1
4961,107.91,CASH_OUT,2464,1,0,0,15,0,0
4962,52.99,PAYMENT,91,3,0,0,20,0,0
4963,131.19,PAYMENT,2521,2,0,0,7,1,0
4964,202.16,CASH_OUT,2273,3,0,0,17,0,0
4965,77.04,TRANSFER,116,2,0,0,17,0,0
4966,117.25,TRANSFER,920,4,0,0,3,1,0
4967,58.01,TRANSFER,1307,0,0,0,5,1,0
4968,454.52,CASH_IN,1180,1,0,0,13,0,0
4969,110.56,TRANSFER,1215,4,0,0,22,1,0
4970,634.45,DEBIT,1369,1,0,0,16,1,1
4971,684.54,TRANSFER,2249,8,1,0,16,0,0
4972,136.86,PAYMENT,428,0,0,0,11,1,1
4973,54.14,PAYMENT,2890,3,0,0,7,0,0
4974,18.43,TRANSFER,2408,2,1,0,15,0,0
4975,34.05,TRANSFER,2329,4,1,1,3,1,0
4976,37.57,CASH_OUT,1062,5,0,1,0,0,0
4977,589.03,PAYMENT,792,3,0,0,11,0,0
4978,166.64,CASH_OUT,1292,6,0,0,8,0,0
4979,219.12,CASH_OUT,2112,2,0,0,8,0,0
4980,16.11,CASH_OUT,807,2,1,0,15,1,0
4981,44.79,TRANSFER,963,5,0,0,1,0,0
4982,360.35,DEBIT,1436,1,0,0,12,0,0
4983,197.7,TRANSFER,2746,2,0,0,3,0,0
4984,128.1,PAYMENT,2787,6,1,0,11,0,0
4985,261.08,CASH_IN,1776,1,0,0,3,0,0
4986,761.89,PAYMENT,2807,6,1,0,21,0,0
4987,118.98,CASH_OUT,2705,3,0,0,16,0,0
4988,159.07,PAYMENT,1866,3,1,0,18,1,0
4989,179.94,PAYMENT,2154,0,0,0,19,0,0
4990,1623.13,PAYMENT,1271,1,0,0,9,0,0
4991,18.19,PAYMENT,2057,1,0,0,17,0,0
4992,293.9,PAYMENT,2451,3,0,0,22,1,0
4993,132.32,PAYMENT,82,1,0,1,16,1,0
4994,261.59,CASH_OUT,1649,2,0,0,5,1,0
4995,76.91,CASH_OUT,287,1,0,0,22,1,0
4996,141.32,CASH_IN,2209,5,0,0,7,0,0
4997,302.3,CASH_IN,1764,5,1,1,2,0,0
4998,3337.28,TRANSFER,1840,9,0,0,10,0,1
4999,332.96,CASH_IN,624,1,0,0,20,1,0
5000,63.56,TRANSFER,957,1,1,0,16,0,1
5001,97.15,TRANSFER,278,1,0,0,20,0,0
5002,94.31,CASH_OUT,2475,0,0,0,4,0,1
5003,24.64,PAYMENT,2146,3,0,0,5,0,0
5004,106.69,CASH_OUT,2998,1,1,0,11,1,1
5005,308.84,TRANSFER,683,0,0,0,21,0,1
5006,41.5,PAYMENT,1476,3,0,0,23,0,0
5007,423.47,PAYMENT,2729,2,0,0,18,0,0
5008,241.72,PAYMENT,974,3,1,0,23,0,1
5009,71.22,CASH_IN,369,3,0,0,18,0,0
5010,128.83,DEBIT,2451,5,0,0,15,0,0
5011,733.86,PAYMENT,914,3,0,0,5,0,0
5012,309.06,PAYMENT,2334,4,1,0,12,1,1
5013,149.72,PAYMENT,2593,1,0,0,13,0,0
5014,117.02,CASH_IN,1975,3,1,0,19,1,1
5015,160.23,PAYMENT,1410,4,0,0,1,0,0
5016,88.96,DEBIT,876,2,1,0,12,1,0
5017,18.09,CASH_OUT,2385,3,0,1,7,0,0
5018,1143.88,CASH_IN,631,3,0,0,12,0,0
5019,173.35,TRANSFER,1580,2,0,0,11,0,0
5020,221.0,CASH_OUT,1701,4,0,0,2,0,0
5021,140.06,CASH_OUT,2809,6,1,0,7,0,0
5022,71.16,CASH_IN,1851,2,0,0,3,0,0
5023,123.23,CASH_IN,2568,2,1,0,1,1,1
5024,29.98,TRANSFER,668,3,0,0,6,0,0
5025,1446.77,CASH_OUT,2715,2,0,0,20,0,0
5026,43.18,DEBIT,736,5,1,0,2,0,0
5027,52.88,DEBIT,2275,3,0,0,10,0,0
5028,95.56,CASH_OUT,1404,3,0,0,21,0,0
5029,538.12,PAYMENT,1271,4,0,0,2,0,0
5030,150.58,PAYMENT,1284,6,0,0,8,0,0
5031,43.11,CASH_IN,1756,2,1,0,4,0,1
5032,520.27,PAYMENT,686,4,0,0,1,0,0
5033,308.28,PAYMENT,2093,3,0,1,4,0,1
5034,254.28,PAYMENT,2067,5,0,0,17,0,0
5035,303.61,CASH_OUT,1249,2,0,0,8,0,0
5036,1626.79,TRANSFER,2983,1,0,0,2,0,0
5037,1319.61,PAYMENT,2541,4,0,0,1,0,0
5038,74.69,PAYMENT,2992,6,0,0,18,0,0
5039,752.86,CASH_OUT,847,1,1,0,21,0,1
5040,217.71,DEBIT,1258,2,1,0,0,0,0
5041,244.47,PAYMENT,2905,3,0,0,5,1,0
5042,27.32,PAYMENT,609,1,1,0,16,0,0
5043,125.16,CASH_OUT,189,0,0,1,7,1,1
5044,65.84,CASH_IN,1519,1,0,0,13,0,0
5045,339.7,CASH_OUT,2925,3,0,0,17,0,0
5046,433.15,CASH_OUT,2575,3,0,1,20,0,1
5047,18.64,CASH_IN,493,2,1,0,6,0,0
5048,145.18,PAYMENT,2419,2,1,0,17,0,0
5049,455.71,PAYMENT,537,2,0,0,13,0,0
5050,123.14,CASH_OUT,1717,1,0,1,13,0,1
5051,307.68,CASH_IN,1337,2,0,0,9,0,0
5052,210.85,TRANSFER,2228,3,0,1,22,0,0
5053,208.86,DEBIT,1051,2,0,0,22,0,0
5054,113.15,CASH_OUT,2652,4,0,0,22,0,0
5055,43.97,CASH_OUT,2963,2,0,0,17,0,0
5056,48.35,PAYMENT,2972,1,0,0,3,0,1
5057,301.68,PAYMENT,725,4,0,0,0,0,0
5058,151.33,CASH_OUT,2290,0,0,1,17,1,1
5059,129.22,PAYMENT,2662,3,0,0,2,0,0
5060,97.14,PAYMENT,1987,2,1,0,4,1,1
5061,109.38,DEBIT,2873,5,0,0,6,1,0
5062,422.81,CASH_IN,695,3,0,0,11,1,0
5063,106.14,PAYMENT,2265,6,0,0,18,0,1
5064,38.82,CASH_OUT,797,3,0,0,14,0,0
5065,312.2,PAYMENT,1016,4,0,0,19,1,0
5066,120.92,PAYMENT,2260,5,0,0,2,0,0
5067,153.15,CASH_OUT,413,4,0,0,18,0,0
5068,740.69,CASH_OUT,54,4,0,0,2,0,0
5069,145.39,PAYMENT,946,6,0,0,5,0,0
5070,198.18,PAYMENT,1367,4,0,0,20,0,0
5071,45.65,PAYMENT,2115,2,0,0,4,0,0
5072,119.14,DEBIT,331,2,0,0,16,0,0
5073,273.01,CASH_OUT,1422,4,0,0,0,1,0
5074,31.33,TRANSFER,2177,4,0,0,3,0,0
5075,181.43,PAYMENT,1441,1,0,0,13,0,0
5076,164.15,TRANSFER,2736,3,0,0,7,0,0
5077,154.67,CASH_OUT,2523,3,1,0,23,0,1
5078,418.7,CASH_IN,1845,3,1,0,17,0,0
5079,207.36,PAYMENT,2547,2,1,0,19,0,0
5080,650.72,DEBIT,84,3,1,0,5,1,1
5081,54.95,TRANSFER,1974,2,1,0,20,0,0
5082,170.02,PAYMENT,2661,5,0,0,3,0,0
5083,161.49,PAYMENT,2832,3,0,0,14,1,0
5084,50.94,TRANSFER,2204,4,0,0,15,0,1
5085,386.18,DEBIT,182,0,0,0,20,0,0
5086,1517.28,CASH_OUT,1202,4,0,0,0,0,0
5087,145.91,TRANSFER,255,3,0,0,8,0,0
5088,245.92,PAYMENT,867,1,0,0,19,0,0
5089,161.5,PAYMENT,2769,4,0,0,11,1,0
5090,72.71,TRANSFER,1363,2,0,0,18,1,0
5091,24.03,CASH_OUT,448,5,0,0,17,0,0
5092,73.28,CASH_OUT,544,4,0,0,4,1,0
5093,36.89,PAYMENT,318,0,0,0,16,0,0
5094,815.75,PAYMENT,2278,2,0,0,7,0,0
5095,132.28,PAYMENT,1572,3,1,0,14,1,0
5096,105.01,DEBIT,902,2,0,0,10,0,0
5097,361.1,TRANSFER,2744,5,0,0,15,1,0
5098,48.34,PAYMENT,2846,2,1,0,20,0,0
5099,68.93,PAYMENT,197,3,0,0,12,0,0
5100,158.87,PAYMENT,943,1,0,0,12,0,0
5101,415.2,TRANSFER,1728,3,0,0,2,0,0
5102,245.1,CASH_OUT,1348,2,0,0,19,0,0
5103,190.25,DEBIT,2457,4,0,0,23,1,0
5104,160.47,TRANSFER,2434,3,0,0,12,1,0
5105,221.46,PAYMENT,2890,3,1,0,13,0,0
5106,181.57,CASH_OUT,2024,3,0,0,9,0,0
5107,52.99,CASH_OUT,2208,5,0,0,0,1,1
5108,155.41,PAYMENT,2282,3,0,0,5,0,0
5109,50.72,CASH_IN,2393,0,0,0,21,0,1
5110,160.95,CASH_IN,633,6,0,0,14,0,0
5111,91.78,TRANSFER,2563,2,1,0,13,0,0
5112,1880.67,TRANSFER,2003,1,0,0,15,1,0
5113,142.61,CASH_OUT,140,3,0,0,15,0,0
5114,36.44,CASH_OUT,1343,3,0,0,13,0,0
5115,129.78,PAYMENT,276,4,1,0,16,0,0
5116,249.48,PAYMENT,441,1,0,1,11,0,0
5117,791.05,PAYMENT,2650,2,0,0,8,1,0
5118,82.31,CASH_OUT,479,0,0,0,10,0,0
5119,30.5,TRANSFER,2966,1,0,1,12,0,0
5120,335.91,TRANSFER,1675,1,1,0,19,0,0
5121,37.32,CASH_OUT,2015,3,0,0,10,0,1
5122,95.95,PAYMENT,1474,0,0,0,22,0,1
5123,114.71,CASH_OUT,1509,1,0,0,8,1,0
5124,138.43,TRANSFER,2821,1,0,0,13,0,0
5125,295.65,PAYMENT,154,3,0,0,8,0,0
5126,74.92,PAYMENT,1768,3,0,0,19,0,0
5127,112.87,DEBIT,2337,3,0,0,22,0,0
5128,146.31,CASH_OUT,564,3,1,0,10,0,0
5129,172.36,PAYMENT,1765,3,1,1,11,2,1
5130,163.67,DEBIT,109,2,0,0,21,0,0
5131,229.52,CASH_OUT,301,5,0,0,11,0,0
5132,345.1,PAYMENT,1909,3,1,0,23,0,0
5133,219.78,PAYMENT,1471,3,0,0,9,0,1
5134,233.59,PAYMENT,431,1,0,1,21,0,0
5135,30.5,CASH_OUT,301,4,0,0,9,1,0
5136,156.06,CASH_OUT,925,6,1,0,6,1,0
5137,239.73,PAYMENT,2305,2,0,0,1,1,0
5138,307.64,TRANSFER,2011,7,0,0,5,0,0
5139,74.27,PAYMENT,400,1,0,0,21,0,0
5140,76.78,PAYMENT,2789,0,0,0,15,0,0
5141,83.59,TRANSFER,2269,2,1,0,19,1,1
5142,253.77,PAYMENT,1009,2,0,0,8,1,1
5143,417.33,TRANSFER,1605,3,0,1,8,0,0
5144,98.74,DEBIT,1389,4,0,0,1,0,0
5145,367.96,PAYMENT,1583,7,0,0,14,0,0
5146,167.92,PAYMENT,2565,1,0,0,10,2,1
5147,131.07,PAYMENT,2811,5,1,0,2,0,0
5148,120.13,TRANSFER,1217,3,0,1,17,0,0
5149,313.13,CASH_OUT,1476,3,0,0,14,0,0
5150,205.53,TRANSFER,1413,2,0,0,11,0,0
5151,1444.94,TRANSFER,2926,2,0,0,15,1,1
5152,63.29,PAYMENT,2425,4,0,0,13,1,1
5153,249.16,PAYMENT,795,4,0,0,0,0,0
5154,87.43,PAYMENT,1252,2,0,1,11,1,0
5155,62.22,CASH_OUT,2759,4,0,0,15,0,0
5156,146.81,PAYMENT,1205,1,0,0,13,0,0
5157,170.26,CASH_OUT,1938,1,1,0,17,0,1
5158,2746.75,TRANSFER,2654,4,0,0,6,1,1
5159,123.45,PAYMENT,2607,2,0,0,8,1,1
5160,47.93,TRANSFER,1067,2,0,0,15,0,0
5161,195.0,DEBIT,48,1,0,1,11,2,1
5162,18.64,PAYMENT,1135,1,0,0,17,0,0
5163,135.37,PAYMENT,1814,3,0,0,13,0,1
5164,150.81,TRANSFER,650,1,1,0,23,0,0
5165,328.52,CASH_OUT,1885,6,0,1,12,0,0
5166,392.93,PAYMENT,2079,6,0,0,23,1,0
5167,89.7,DEBIT,1316,2,0,0,8,0,0
5168,127.66,CASH_OUT,1543,1,0,0,17,0,0
5169,68.98,CASH_IN,2414,3,0,0,1,0,0
5170,48.04,PAYMENT,2363,6,1,0,20,0,0
5171,202.33,CASH_IN,283,3,0,0,5,1,0
5172,41.53,PAYMENT,2674,1,0,0,13,2,0
5173,98.04,PAYMENT,1345,3,0,0,13,1,0
5174,54.86,DEBIT,1331,2,0,0,18,1,0
5175,257.16,PAYMENT,667,3,1,0,18,0,1
5176,899.13,DEBIT,1293,2,0,0,4,0,0
5177,40.38,TRANSFER,1843,4,0,0,12,0,0
5178,23.27,DEBIT,948,2,0,0,15,0,0
5179,130.99,TRANSFER,849,3,0,0,21,0,0
5180,150.76,CASH_OUT,1223,1,1,0,18,0,0
5181,184.69,PAYMENT,710,3,0,0,11,0,0
5182,94.98,TRANSFER,2893,5,0,0,16,2,0
5183,121.43,CASH_OUT,866,3,0,1,20,0,0
5184,214.33,CASH_OUT,976,3,0,0,3,0,0
5185,420.07,PAYMENT,502,8,0,0,12,0,0
5186,21.01,TRANSFER,1822,4,0,0,19,0,0
5187,102.62,TRANSFER,2549,4,0,0,14,0,0
5188,183.79,PAYMENT,2773,3,0,0,3,0,0
5189,59.27,TRANSFER,258,4,0,0,9,0,0
5190,838.13,CASH_IN,1892,5,0,1,23,0,0
5191,78.62,PAYMENT,1737,3,0,0,17,0,0
5192,142.41,TRANSFER,78,3,0,0,12,0,0
5193,258.79,DEBIT,756,4,0,0,12,0,0
5194,82.16,PAYMENT,1742,2,0,0,18,0,0
5195,23.42,TRANSFER,2195,3,0,0,7,1,0
5196,96.67,CASH_OUT,639,4,0,0,19,0,1
5197,415.48,CASH_OUT,1127,2,0,0,22,0,0
5198,105.96,CASH_OUT,66,5,0,0,2,0,0
5199,63.66,CASH_OUT,1479,4,0,0,4,1,1
5200,374.53,PAYMENT,216,2,0,0,16,0,0
5201,106.62,TRANSFER,2536,2,0,0,19,1,1
5202,89.11,CASH_OUT,807,2,0,1,20,0,1
5203,172.34,PAYMENT,2947,5,0,0,7,0,0
5204,320.78,PAYMENT,1362,2,0,0,17,1,0
5205,1606.34,CASH_IN,1479,2,0,0,10,0,0
5206,339.42,CASH_OUT,1384,4,0,0,2,0,0
5207,473.35,TRANSFER,2929,4,0,1,14,1,1
5208,89.48,DEBIT,437,3,0,0,20,0,0
5209,53.2,CASH_OUT,1048,4,0,0,18,0,0
5210,157.96,DEBIT,1360,3,0,0,19,2,1
5211,165.2,DEBIT,100,2,0,0,14,0,0
5212,50.48,TRANSFER,1497,1,0,0,19,1,1
5213,124.55,CASH_OUT,2226,3,0,0,9,0,0
5214,221.26,CASH_OUT,1490,2,0,0,17,0,0
5215,212.81,CASH_IN,1315,4,0,0,5,0,0
5216,245.74,CASH_OUT,1705,5,0,0,1,0,0
5217,198.53,PAYMENT,1410,3,0,0,8,0,0
5218,89.39,PAYMENT,2986,5,0,0,3,0,0
5219,88.77,PAYMENT,1358,4,0,0,12,0,0
5220,44.75,CASH_IN,2854,3,0,0,2,0,0
5221,884.28,CASH_IN,2232,6,0,0,19,1,1
5222,150.42,TRANSFER,1169,1,1,0,8,1,0
5223,118.53,TRANSFER,750,6,0,0,0,0,0
5224,58.63,CASH_IN,1125,2,1,0,13,0,0
5225,2795.2,PAYMENT,1693,1,0,0,23,0,0
5226,50.74,PAYMENT,965,5,0,0,2,1,1
5227,96.66,TRANSFER,2838,3,0,0,9,0,0
5228,224.94,DEBIT,2903,2,0,0,23,1,0
5229,270.48,CASH_OUT,172,1,0,0,11,0,0
5230,386.81,PAYMENT,1220,3,0,0,13,0,0
5231,904.7,PAYMENT,1021,3,0,0,10,0,0
5232,246.2,CASH_OUT,1051,0,0,0,19,0,0
5233,51.62,CASH_IN,1216,4,1,0,16,0,0
5234,114.78,CASH_OUT,1628,2,0,0,21,0,0
5235,201.91,TRANSFER,1991,1,0,0,19,0,0
5236,1174.06,PAYMENT,1397,8,0,0,8,0,0
5237,36.68,DEBIT,735,2,0,0,18,0,0
5238,494.02,PAYMENT,286,4,0,0,19,1,0
5239,177.67,PAYMENT,2919,2,0,0,21,0,0
5240,343.03,CASH_IN,1559,2,0,0,11,0,0
5241,134.02,DEBIT,649,0,0,0,3,1,0
5242,63.92,CASH_OUT,2626,2,0,0,18,0,0
5243,314.46,CASH_OUT,1878,2,0,0,10,1,1
5244,285.55,PAYMENT,1576,2,1,1,14,0,0
5245,392.31,PAYMENT,1137,2,0,0,8,0,0
5246,146.45,PAYMENT,1803,3,0,0,13,1,0
5247,81.47,TRANSFER,2636,1,0,0,18,0,0
5248,31.22,PAYMENT,374,0,0,0,18,1,0
5249,336.76,CASH_IN,2456,5,0,0,15,0,0
5250,226.76,PAYMENT,161,1,1,0,8,1,1
5251,56.5,TRANSFER,1264,0,0,0,20,0,0
5252,86.61,TRANSFER,746,1,0,0,4,0,1
5253,93.06,CASH_OUT,1648,1,0,0,23,1,1
5254,33.68,PAYMENT,106,0,0,0,23,0,1
5255,65.52,CASH_IN,2004,7,1,0,8,0,0
5256,47.76,TRANSFER,1193,5,0,0,19,0,0
5257,98.25,CASH_OUT,962,2,1,1,8,1,1
5258,70.9,CASH_OUT,783,4,0,0,6,0,0
5259,29.17,PAYMENT,1620,5,1,0,3,2,1
5260,1121.69,CASH_OUT,2224,2,0,0,6,0,1
5261,519.33,TRANSFER,96,2,0,0,19,1,0
5262,68.1,CASH_IN,501,4,0,0,10,0,1
5263,194.89,CASH_IN,180,3,1,0,1,0,0
5264,225.31,PAYMENT,33,2,0,0,9,1,0
5265,488.38,PAYMENT,2601,4,0,0,4,0,0
5266,65.46,PAYMENT,285,5,0,0,2,1,0
5267,442.35,DEBIT,2632,7,0,0,3,1,0
5268,85.81,PAYMENT,619,2,1,0,23,1,1
5269,39.02,CASH_OUT,1916,3,0,0,8,0,0
5270,306.17,CASH_OUT,352,2,0,0,19,1,0
5271,539.56,CASH_OUT,482,4,0,0,8,0,0
5272,1974.18,PAYMENT,2938,3,0,1,1,0,0
5273,44.71,PAYMENT,388,4,0,0,18,0,0
5274,298.54,TRANSFER,2129,2,0,1,21,0,0
5275,98.51,PAYMENT,2606,3,0,0,10,0,0
5276,324.85,PAYMENT,2800,1,0,0,6,0,0
5277,34.11,PAYMENT,1792,1,0,0,21,0,0
5278,41.98,TRANSFER,62,2,0,0,11,2,1
5279,68.31,PAYMENT,1381,3,0,0,19,0,0
5280,160.61,PAYMENT,465,3,0,0,0,2,0
5281,78.17,PAYMENT,878,4,0,0,14,0,0
5282,286.88,PAYMENT,2890,3,0,0,17,0,0
5283,414.43,TRANSFER,106,2,0,0,17,0,0
5284,270.31,PAYMENT,2657,2,0,0,4,0,0
5285,749.04,CASH_OUT,1103,4,0,0,13,0,0
5286,224.94,PAYMENT,2519,4,0,0,0,0,1
5287,43.95,DEBIT,699,3,0,0,20,0,0
5288,580.2,PAYMENT,1251,4,0,0,8,0,0
5289,81.03,DEBIT,1823,3,0,0,23,0,1
5290,368.86,CASH_IN,492,1,1,0,21,0,0
5291,716.04,CASH_OUT,406,2,1,0,9,0,0
5292,234.32,DEBIT,2623,3,0,0,22,0,0
5293,33.24,PAYMENT,465,3,0,0,4,0,0
5294,59.25,PAYMENT,1050,4,0,0,12,0,0
5295,557.1,PAYMENT,753,2,0,0,1,0,0
5296,125.32,PAYMENT,1325,4,1,0,20,1,0
5297,160.71,PAYMENT,2969,1,0,0,18,2,0
5298,316.98,TRANSFER,2232,1,0,0,8,1,0
5299,297.77,PAYMENT,1374,4,0,0,14,0,0
5300,196.13,PAYMENT,298,2,0,0,17,1,0
5301,120.46,PAYMENT,2237,4,0,0,5,1,0
5302,108.56,CASH_OUT,2400,1,0,1,19,0,1
5303,349.99,DEBIT,1067,2,0,0,22,0,0
5304,258.16,TRANSFER,1429,4,0,0,13,0,0
5305,114.74,TRANSFER,149,5,0,0,11,0,0
5306,437.95,PAYMENT,2425,2,0,0,5,0,0
5307,130.45,CASH_OUT,2123,1,0,0,3,1,1
5308,63.33,PAYMENT,2546,3,0,0,0,1,0
5309,69.48,DEBIT,2699,1,0,0,4,0,1
5310,55.77,TRANSFER,1424,4,0,0,0,0,0
5311,113.02,PAYMENT,1512,1,0,0,22,0,0
5312,509.65,DEBIT,2296,3,0,0,3,0,0
5313,66.35,DEBIT,1033,3,0,0,23,0,1
5314,179.2,CASH_OUT,1174,2,0,0,9,0,0
5315,76.96,PAYMENT,1342,5,0,0,16,2,0
5316,114.4,CASH_OUT,2589,2,0,0,12,0,0
5317,32.78,PAYMENT,2458,6,1,0,18,1,1
5318,119.04,PAYMENT,1559,1,0,0,12,1,0
5319,122.28,PAYMENT,595,3,1,0,1,0,0
5320,254.75,TRANSFER,2643,6,0,0,12,0,0
5321,185.54,CASH_OUT,1057,3,0,0,11,0,0
5322,44.77,PAYMENT,1966,4,0,0,16,0,0
5323,438.87,DEBIT,781,1,0,0,1,0,0
5324,183.15,PAYMENT,1645,3,0,0,2,0,0
5325,180.98,PAYMENT,230,4,0,0,21,0,0
5326,147.06,CASH_OUT,2039,2,0,0,3,0,0
5327,88.43,CASH_IN,285,4,1,0,11,1,0
5328,184.53,DEBIT,228,3,1,0,8,0,0
5329,238.79,CASH_OUT,2150,4,0,0,3,1,0
5330,25.87,PAYMENT,980,3,0,0,14,0,0
5331,86.59,DEBIT,2765,2,0,0,4,0,0
5332,115.01,DEBIT,2296,6,0,0,2,1,1
5333,191.75,PAYMENT,1789,2,0,0,15,0,0
5334,489.46,TRANSFER,1486,4,0,0,16,1,0
5335,68.6,TRANSFER,436,3,0,0,14,0,0
5336,90.2,TRANSFER,824,3,0,0,19,0,0
5337,88.9,DEBIT,2870,2,0,0,16,1,0
5338,66.58,PAYMENT,1146,5,0,0,10,1,1
5339,104.88,CASH_OUT,1717,1,0,1,12,1,1
5340,320.79,PAYMENT,1133,5,0,0,17,0,0
5341,51.74,TRANSFER,2285,2,0,0,6,0,0
5342,227.65,CASH_OUT,121,6,0,0,12,0,0
5343,27.06,PAYMENT,2609,2,0,0,7,0,0
5344,84.66,PAYMENT,1106,1,0,1,1,1,0
5345,106.75,DEBIT,2160,6,0,0,15,1,0
5346,792.24,CASH_OUT,439,1,0,0,1,0,0
5347,112.75,TRANSFER,2521,4,0,0,8,0,0
5348,16.42,PAYMENT,2207,4,0,0,22,0,0
5349,20.11,TRANSFER,800,2,0,0,20,1,0
5350,153.55,CASH_OUT,213,5,0,0,5,0,0
5351,274.18,CASH_IN,2655,5,0,0,10,0,0
5352,216.04,PAYMENT,2742,1,1,0,18,0,0
5353,175.49,CASH_OUT,394,4,0,0,9,0,0
5354,474.5,PAYMENT,225,5,0,0,11,1,0
5355,86.52,PAYMENT,239,8,0,0,3,0,0
5356,363.18,TRANSFER,164,3,1,0,15,0,0
5357,29.02,PAYMENT,1437,0,1,0,4,0,0
5358,60.04,PAYMENT,623,1,1,0,4,0,0
5359,24.36,CASH_OUT,533,4,0,0,13,0,0
5360,112.75,TRANSFER,506,1,0,0,2,1,1
5361,141.7,CASH_OUT,1350,3,0,0,12,0,0
5362,166.35,CASH_OUT,1435,1,0,0,20,0,0
5363,157.89,CASH_OUT,473,4,0,0,23,0,0
5364,58.7,PAYMENT,2761,1,1,0,9,0,0
5365,122.7,PAYMENT,2200,1,0,0,13,0,0
5366,33.2,CASH_OUT,2015,3,0,1,7,1,0
5367,580.12,PAYMENT,2571,2,0,0,16,2,0
5368,109.55,CASH_IN,419,2,0,0,23,2,1
5369,91.02,TRANSFER,2140,2,0,0,0,0,0
5370,727.01,PAYMENT,1992,1,0,0,2,0,0
5371,42.85,CASH_OUT,2032,3,1,1,0,2,1
5372,48.15,DEBIT,2597,3,0,0,3,0,1
5373,49.59,PAYMENT,274,3,1,0,11,1,0
5374,138.67,PAYMENT,2242,7,1,0,3,0,0
5375,228.52,CASH_IN,984,1,0,0,7,1,0
5376,310.96,PAYMENT,313,3,0,0,18,0,0
5377,1943.01,PAYMENT,1941,1,0,0,14,1,0
5378,15.65,PAYMENT,740,7,0,1,10,0,0
5379,272.8,TRANSFER,1177,4,0,0,19,0,0
5380,85.02,TRANSFER,1620,3,1,0,18,0,0
5381,82.56,TRANSFER,961,4,0,0,1,0,1
5382,79.86,DEBIT,684,5,0,0,16,0,0
5383,59.81,CASH_OUT,1875,6,0,0,16,2,0
5384,799.93,DEBIT,1370,3,1,0,23,1,0
5385,344.57,TRANSFER,851,0,0,0,11,1,0
5386,151.9,PAYMENT,2274,7,0,0,15,0,0
5387,573.07,DEBIT,314,3,0,0,14,0,0
5388,32.7,PAYMENT,1646,4,0,0,10,0,0
5389,39.22,CASH_OUT,144,3,0,1,10,0,0
5390,16.81,PAYMENT,993,1,0,0,13,0,0
5391,73.74,CASH_OUT,782,1,0,0,22,1,0
5392,174.46,DEBIT,1961,7,0,0,2,1,0
5393,164.49,PAYMENT,2971,3,0,1,4,0,0
5394,172.32,PAYMENT,2583,3,0,0,16,2,0
5395,36.2,PAYMENT,2868,4,0,0,21,1,0
5396,331.34,TRANSFER,360,1,0,1,20,0,0
5397,188.6,PAYMENT,696,3,1,0,20,0,0
5398,308.91,CASH_OUT,2342,1,0,0,7,0,0
5399,22.36,PAYMENT,611,4,0,0,1,1,1
5400,202.65,PAYMENT,720,4,1,0,1,0,0
5401,45.25,TRANSFER,2558,3,0,0,10,0,0
5402,99.75,TRANSFER,1733,4,0,0,8,0,0
5403,253.25,PAYMENT,2721,4,0,0,0,0,0
5404,162.57,CASH_OUT,800,3,0,0,1,0,0
5405,63.34,CASH_IN,1194,4,0,0,23,0,0
5406,149.35,PAYMENT,311,1,1,0,6,1,0
5407,32.09,PAYMENT,2367,1,0,0,0,0,0
5408,468.84,CASH_OUT,2282,0,0,0,3,1,1
5409,120.87,PAYMENT,1746,2,0,0,12,1,0
5410,454.21,PAYMENT,1612,6,0,0,20,0,0
5411,87.66,CASH_OUT,2981,4,0,0,10,0,0
5412,87.92,PAYMENT,2409,3,1,0,0,1,1
5413,69.12,PAYMENT,2480,1,0,0,9,0,0
5414,356.44,DEBIT,1286,2,0,0,9,1,0
5415,73.01,PAYMENT,1767,1,0,0,2,0,0
5416,282.76,DEBIT,61,4,0,0,12,0,0
5417,101.25,PAYMENT,221,3,0,0,3,0,1
5418,20.57,CASH_IN,436,4,0,0,12,0,0
5419,83.91,TRANSFER,2680,2,1,0,6,0,0
5420,45.64,PAYMENT,1636,7,0,0,14,2,0
5421,153.53,CASH_OUT,2112,4,0,0,10,0,0
5422,45.13,CASH_IN,1273,1,0,0,11,0,0
5423,374.64,PAYMENT,1671,3,0,0,22,1,0
5424,135.49,CASH_OUT,2053,2,0,1,12,0,1
5425,124.26,TRANSFER,2409,3,0,1,2,1,1
5426,285.97,CASH_OUT,1105,8,0,0,8,0,0
5427,389.13,CASH_OUT,46,2,0,0,13,0,0
5428,145.46,PAYMENT,883,3,0,0,15,0,1
5429,68.63,PAYMENT,2086,4,1,1,4,0,0
5430,25.18,TRANSFER,2257,2,0,0,4,0,0
5431,74.74,DEBIT,2080,7,1,0,9,0,0
5432,80.06,PAYMENT,1331,3,1,0,4,0,0
5433,165.18,CASH_OUT,2771,2,0,0,15,0,0
5434,105.09,PAYMENT,1857,0,0,0,12,0,1
5435,295.28,CASH_OUT,196,4,0,1,3,0,0
5436,80.4,CASH_OUT,1327,5,1,0,1,0,0
5437,140.18,CASH_OUT,1646,1,0,0,22,0,1
5438,484.92,DEBIT,56,1,0,0,7,0,0
5439,208.89,PAYMENT,147,5,0,0,10,0,0
5440,139.77,PAYMENT,2816,7,0,0,19,0,0
5441,81.29,DEBIT,2429,1,0,0,11,2,0
5442,78.79,PAYMENT,2272,2,0,0,13,1,0
5443,63.4,CASH_OUT,2730,2,0,0,2,0,0
5444,86.4,CASH_OUT,1326,4,0,0,5,0,1
5445,315.98,CASH_OUT,346,3,0,0,5,1,0
5446,118.88,PAYMENT,1455,2,0,0,3,0,0
5447,38.48,PAYMENT,2832,5,0,0,11,0,0
5448,869.72,CASH_OUT,1749,2,0,0,4,0,0
5449,204.38,PAYMENT,1101,3,0,0,3,2,0
5450,36.34,CASH_OUT,1069,0,0,0,15,0,0
5451,95.41,TRANSFER,1523,2,0,0,11,0,1
5452,165.82,PAYMENT,1974,1,0,0,14,0,1
5453,816.15,PAYMENT,1336,1,1,0,3,0,0
5454,49.0,DEBIT,2091,6,0,0,19,1,0
5455,393.88,TRANSFER,1401,2,0,0,13,0,0
5456,601.54,TRANSFER,396,3,0,1,12,0,0
5457,79.15,DEBIT,257,2,0,0,0,0,1
5458,112.45,CASH_OUT,1681,6,0,0,20,0,0
5459,52.65,DEBIT,1032,4,0,0,17,0,0
5460,121.09,PAYMENT,765,3,0,1,2,0,0
5461,143.08,CASH_IN,2635,3,0,0,4,0,0
5462,287.05,PAYMENT,896,3,1,0,7,1,0
5463,441.5,CASH_IN,689,1,0,0,11,0,0
5464,70.24,CASH_IN,1889,5,0,0,14,0,0
5465,20.75,PAYMENT,2733,4,0,1,11,0,0
5466,145.29,TRANSFER,1714,3,0,0,7,0,0
5467,199.05,CASH_OUT,2249,3,1,0,13,0,0
5468,190.46,PAYMENT,2395,3,0,0,22,0,0
5469,107.05,CASH_OUT,645,3,0,0,14,0,0
5470,168.13,PAYMENT,518,4,0,0,3,0,0
5471,675.49,DEBIT,680,4,0,0,1,1,0
5472,217.4,PAYMENT,1685,4,1,0,7,0,0
5473,102.17,TRANSFER,2009,5,0,0,18,0,0
5474,90.0,PAYMENT,1602,1,0,0,18,0,0
5475,125.23,PAYMENT,2761,7,0,0,5,1,0
5476,762.6,TRANSFER,2201,1,0,0,13,0,0
5477,123.56,TRANSFER,1265,1,1,0,18,2,0
5478,145.5,PAYMENT,735,3,0,0,5,0,0
5479,91.62,CASH_IN,488,3,0,1,9,0,0
5480,445.4,PAYMENT,1710,0,0,0,10,0,0
5481,1053.46,CASH_OUT,1195,7,0,0,21,0,1
5482,232.9,TRANSFER,706,3,1,0,9,0,0
5483,161.22,TRANSFER,1441,3,0,0,16,0,0
5484,153.97,PAYMENT,2723,2,0,0,17,0,0
5485,13.68,CASH_OUT,207,1,1,0,12,0,0
5486,312.67,TRANSFER,1138,5,0,0,18,0,0
5487,169.72,PAYMENT,1388,2,0,0,13,0,0
5488,227.77,PAYMENT,1219,1,1,0,19,0,0
5489,72.86,PAYMENT,565,2,0,0,18,0,1
5490,101.04,PAYMENT,1725,1,1,1,15,0,1
5491,98.39,PAYMENT,1667,1,0,0,18,0,0
5492,412.25,PAYMENT,2935,5,0,0,16,0,0
5493,101.62,CASH_OUT,2405,4,1,0,21,0,0
5494,1191.13,PAYMENT,630,2,1,0,18,0,0
5495,228.35,PAYMENT,699,3,0,0,4,0,0
5496,41.44,PAYMENT,1186,3,0,1,21,0,1
5497,130.51,TRANSFER,2849,5,0,0,14,2,1
5498,77.35,PAYMENT,2055,1,1,0,3,0,0
5499,16.54,CASH_OUT,852,6,0,0,17,1,0
5500,734.71,CASH_OUT,2366,3,0,0,17,0,0
5501,299.81,TRANSFER,2314,4,0,0,6,0,0
5502,252.95,PAYMENT,2515,5,0,1,5,0,0
5503,175.11,TRANSFER,2522,3,0,0,23,0,0
5504,37.26,PAYMENT,1119,2,0,1,3,0,0
5505,91.5,DEBIT,2793,3,0,0,20,0,0
5506,344.39,CASH_OUT,2191,5,0,1,4,0,0
5507,51.87,TRANSFER,2266,3,1,0,22,0,0
5508,11.8,DEBIT,2044,2,0,0,19,0,1
5509,118.26,TRANSFER,1857,1,0,0,7,1,0
5510,128.8,PAYMENT,1649,2,0,1,10,0,0
5511,169.96,PAYMENT,2953,8,1,0,17,1,1
5512,307.51,TRANSFER,2353,6,0,0,8,0,0
5513,280.79,CASH_IN,970,2,0,0,8,0,0
5514,192.24,CASH_IN,1665,5,0,0,16,1,0
5515,490.55,CASH_OUT,1355,0,0,0,12,0,0
5516,32.49,PAYMENT,2962,2,0,0,3,0,0
5517,245.82,CASH_OUT,815,2,0,0,18,0,1
5518,277.7,CASH_OUT,2787,4,0,0,16,1,0
5519,42.97,TRANSFER,2023,2,0,0,23,1,0
5520,33.02,TRANSFER,2991,5,0,0,13,1,0
5521,70.39,CASH_OUT,1599,2,0,0,23,0,0
5522,76.59,CASH_IN,2661,4,0,0,11,1,0
5523,315.27,CASH_OUT,784,2,0,0,5,0,0
5524,80.28,PAYMENT,1704,2,0,1,3,1,0
5525,63.03,PAYMENT,509,1,1,0,14,0,0
5526,80.51,CASH_IN,2061,4,0,0,21,0,0
5527,454.24,CASH_IN,46,4,0,0,16,0,0
5528,150.36,PAYMENT,76,3,0,0,0,0,0
5529,124.06,TRANSFER,2107,2,1,0,11,0,0
5530,132.95,DEBIT,421,2,0,0,4,0,0
5531,540.27,DEBIT,1093,5,0,0,4,1,1
5532,70.16,CASH_OUT,945,1,0,0,14,1,0
5533,553.08,PAYMENT,1906,3,0,0,15,0,0
5534,183.18,CASH_OUT,1721,5,0,0,18,0,0
5535,126.42,PAYMENT,313,5,0,0,5,1,0
5536,1809.67,CASH_IN,2136,5,0,0,1,1,1
5537,51.64,PAYMENT,1037,4,0,0,9,0,0
5538,104.2,CASH_OUT,2003,1,0,0,21,0,0
5539,43.27,CASH_OUT,1779,3,0,0,12,0,0
5540,384.7,CASH_OUT,1407,4,0,0,7,0,0
5541,803.67,TRANSFER,1862,5,0,0,1,1,1
5542,788.33,PAYMENT,780,3,0,0,14,0,0
5543,504.69,CASH_OUT,2396,4,0,1,1,0,1
5544,121.8,PAYMENT,750,7,0,0,13,1,0
5545,103.0,PAYMENT,1098,4,1,0,3,1,0
5546,27.91,DEBIT,2439,5,1,0,20,0,0
5547,1136.69,TRANSFER,2839,3,0,0,18,0,0
5548,237.22,CASH_OUT,1514,3,0,0,19,0,0
5549,90.74,TRANSFER,36,2,0,1,8,0,0
5550,560.07,CASH_OUT,1312,3,0,0,18,0,0
5551,56.11,CASH_OUT,2165,1,0,0,15,0,0
5552,222.88,CASH_OUT,972,4,0,0,16,1,1
5553,124.88,DEBIT,2532,7,0,0,6,1,0
5554,281.09,TRANSFER,571,0,1,0,21,0,0
5555,139.27,CASH_OUT,1413,3,0,0,7,1,0
5556,34.78,CASH_OUT,1010,3,0,0,2,2,1
5557,160.06,PAYMENT,398,4,0,0,17,1,0
5558,423.63,TRANSFER,1253,4,0,0,18,0,0
5559,144.14,DEBIT,1060,3,1,0,0,0,0
5560,322.18,PAYMENT,708,3,0,0,21,0,0
5561,52.17,PAYMENT,2463,4,0,0,16,0,0
5562,144.57,TRANSFER,712,3,0,1,7,0,0
5563,79.48,PAYMENT,425,2,1,0,22,0,0
5564,313.24,CASH_IN,569,1,0,1,15,0,0
5565,153.16,PAYMENT,2697,3,0,0,10,0,0
5566,295.92,PAYMENT,1200,6,1,0,1,0,0
5567,440.41,CASH_IN,1337,5,0,0,12,0,0
5568,296.37,PAYMENT,2665,0,0,0,1,0,0
5569,195.02,CASH_OUT,1560,1,0,0,4,0,0
5570,54.7,CASH_IN,1527,4,0,0,13,0,0
5571,148.0,CASH_OUT,2787,6,0,0,3,0,0
5572,87.09,CASH_OUT,605,1,0,0,14,0,1
5573,105.21,PAYMENT,2936,1,1,1,1,0,1
5574,102.05,PAYMENT,914,3,0,0,12,0,0
5575,55.71,PAYMENT,934,5,1,1,15,0,1
5576,20.96,PAYMENT,532,3,1,0,11,0,0
5577,76.09,TRANSFER,79,4,0,0,1,1,0
5578,180.08,PAYMENT,2023,3,1,0,16,1,0
5579,38.54,TRANSFER,254,6,1,0,3,0,0
5580,150.76,PAYMENT,2159,1,0,0,8,0,0
5581,992.54,TRANSFER,2259,1,0,0,17,1,1
5582,412.84,PAYMENT,551,2,0,0,14,0,0
5583,767.81,PAYMENT,932,2,0,0,15,0,0
5584,219.45,CASH_OUT,264,2,0,0,15,0,0
5585,477.0,CASH_OUT,2899,2,1,0,3,0,1
5586,71.95,CASH_IN,1520,1,0,0,4,0,0
5587,77.92,CASH_IN,1798,4,0,0,1,2,1
5588,9.59,CASH_OUT,776,5,0,1,15,0,0
5589,485.97,CASH_OUT,2623,3,0,0,0,0,1
5590,692.51,PAYMENT,72,1,0,0,21,0,0
5591,85.36,PAYMENT,411,4,0,0,19,0,0
5592,115.13,CASH_IN,1186,1,0,0,2,0,0
5593,69.84,PAYMENT,432,0,0,0,21,0,0
5594,217.6,PAYMENT,83,2,0,1,15,0,1
5595,457.11,PAYMENT,683,2,0,0,10,1,1
5596,25.98,PAYMENT,1959,0,0,0,12,0,0
5597,223.51,CASH_OUT,2638,4,0,1,12,2,1
5598,112.54,PAYMENT,808,4,0,0,18,0,0
5599,166.23,TRANSFER,188,3,0,0,17,0,0
5600,234.86,PAYMENT,167,6,0,0,13,0,0
5601,122.95,CASH_OUT,562,3,1,0,9,0,0
5602,133.81,CASH_OUT,926,1,0,0,3,1,0
5603,119.84,PAYMENT,2331,3,0,0,14,0,0
5604,391.63,CASH_OUT,2812,3,0,0,7,1,0
5605,225.6,PAYMENT,744,0,0,1,19,0,0
5606,185.04,CASH_OUT,2609,5,0,1,12,0,0
5607,41.64,CASH_OUT,2354,4,0,0,15,0,0
5608,101.64,DEBIT,450,6,0,0,20,0,0
5609,364.55,PAYMENT,1963,2,1,0,15,0,0
5610,154.11,PAYMENT,2007,7,0,0,16,0,0
5611,287.01,PAYMENT,2134,2,0,0,20,0,1
5612,868.28,PAYMENT,598,1,1,0,20,0,0
5613,419.31,PAYMENT,98,1,0,0,6,0,0
5614,162.9,PAYMENT,1205,6,0,0,3,1,0
5615,89.03,TRANSFER,749,5,0,0,19,1,0
5616,11.55,DEBIT,217,3,0,0,12,0,0
5617,125.41,PAYMENT,1716,5,0,0,21,0,0
5618,107.12,DEBIT,1773,8,1,1,5,0,0
5619,219.28,CASH_IN,2320,4,0,1,22,2,0
5620,127.24,CASH_IN,209,6,0,1,11,1,0
5621,107.73,DEBIT,1802,2,0,0,5,0,0
5622,25.04,CASH_OUT,37,2,0,0,11,1,1
5623,57.98,CASH_OUT,2179,3,0,0,12,0,0
5624,239.04,TRANSFER,189,4,0,0,18,0,0
5625,825.43,TRANSFER,2547,4,1,0,14,0,0
5626,134.62,DEBIT,1710,5,0,0,4,0,0
5627,205.99,PAYMENT,34,4,0,0,16,0,0
5628,384.71,PAYMENT,2917,5,0,0,22,0,0
5629,65.96,CASH_OUT,410,1,1,0,12,0,0
5630,214.18,TRANSFER,975,2,0,0,14,0,1
5631,70.78,CASH_IN,2683,3,0,0,3,0,1
5632,352.42,PAYMENT,2032,4,0,0,14,0,1
5633,172.67,CASH_OUT,937,2,0,0,10,1,0
5634,200.03,PAYMENT,1002,2,0,0,21,0,0
5635,67.86,DEBIT,1889,0,0,0,13,1,0
5636,300.98,PAYMENT,2727,8,0,0,7,0,0
5637,1193.58,CASH_IN,333,3,0,0,17,0,0
5638,54.17,PAYMENT,1209,5,0,0,7,0,0
5639,105.66,PAYMENT,2850,1,1,0,13,1,0
5640,187.09,PAYMENT,301,4,0,0,2,0,1
5641,325.84,PAYMENT,152,7,1,0,23,0,0
5642,84.81,CASH_OUT,540,4,0,0,13,1,1
5643,8.73,PAYMENT,2356,6,0,0,15,0,0
5644,577.78,TRANSFER,2938,3,0,0,20,0,0
5645,317.51,PAYMENT,1586,5,0,0,13,0,0
5646,25.97,CASH_IN,2975,4,1,0,15,0,1
5647,80.84,PAYMENT,2868,4,0,0,6,1,0
5648,712.07,PAYMENT,749,1,0,1,3,0,0
5649,631.31,CASH_OUT,936,4,0,0,22,0,0
5650,379.42,DEBIT,1683,0,0,0,21,1,0
5651,124.45,CASH_IN,2200,5,0,0,21,0,0
5652,161.26,CASH_IN,1766,2,1,0,4,0,0
5653,130.2,PAYMENT,1903,3,1,0,3,0,1
5654,458.63,CASH_IN,426,4,0,0,12,0,0
5655,61.82,CASH_OUT,2378,0,0,0,4,1,0
5656,66.3,DEBIT,1893,3,1,0,2,0,0
5657,407.6,PAYMENT,632,3,0,0,2,1,0
5658,141.97,DEBIT,2670,3,0,0,20,1,0
5659,589.02,TRANSFER,245,1,0,0,0,0,0
5660,75.83,CASH_OUT,30,5,0,1,0,0,1
5661,140.5,TRANSFER,1303,9,1,0,7,2,1
5662,59.0,TRANSFER,1224,2,0,0,13,0,0
5663,149.51,TRANSFER,2211,0,1,0,1,0,0
5664,33.83,PAYMENT,1129,2,0,0,2,0,0
5665,91.14,CASH_OUT,2701,6,0,1,22,1,1
5666,35.3,CASH_OUT,791,1,0,1,8,0,0
5667,297.06,CASH_OUT,296,3,0,0,13,1,0
5668,303.87,PAYMENT,2543,1,0,0,10,0,0
5669,26.3,DEBIT,125,3,0,0,20,0,0
5670,563.34,CASH_OUT,2830,1,1,1,6,0,0
5671,1803.37,PAYMENT,2353,3,0,0,14,0,0
5672,155.4,CASH_OUT,2866,3,0,0,22,0,0
5673,78.17,PAYMENT,2881,3,0,1,3,0,0
5674,2500.71,PAYMENT,1603,4,0,0,9,1,1
5675,39.69,TRANSFER,341,4,0,0,11,0,0
5676,151.43,TRANSFER,1400,3,0,0,9,1,0
5677,177.62,PAYMENT,2060,3,0,1,23,0,0
5678,569.72,PAYMENT,296,1,1,0,5,1,1
5679,212.67,DEBIT,2351,3,0,0,1,0,0
5680,90.14,PAYMENT,1151,2,0,0,14,1,0
5681,57.33,PAYMENT,2634,5,0,0,16,1,0
5682,105.44,DEBIT,2743,3,0,0,23,0,0
5683,54.22,PAYMENT,2971,8,1,0,14,0,1
5684,155.68,CASH_OUT,1368,3,1,0,16,0,1
5685,84.42,PAYMENT,584,5,0,0,4,0,0
5686,33.31,TRANSFER,1147,3,0,0,15,0,0
5687,520.69,PAYMENT,1924,5,0,0,9,1,0
5688,90.23,DEBIT,2333,3,0,0,15,0,0
5689,41.76,TRANSFER,2831,3,0,0,20,0,0
5690,125.43,TRANSFER,1070,2,1,0,22,0,0
5691,158.92,DEBIT,1682,4,0,0,5,0,0
5692,25.88,DEBIT,587,2,0,0,10,2,0
5693,206.78,PAYMENT,710,2,0,0,8,0,1
5694,52.08,CASH_IN,1194,1,0,1,17,0,0
5695,821.42,PAYMENT,2467,4,1,0,18,0,0
5696,250.63,TRANSFER,2803,8,0,0,2,0,0
5697,99.49,PAYMENT,766,2,0,0,4,1,0
5698,70.44,TRANSFER,2977,3,1,0,8,0,1
5699,133.62,PAYMENT,2125,2,0,0,20,0,0
5700,273.91,TRANSFER,2688,3,1,0,16,0,1
5701,144.68,TRANSFER,2872,1,0,0,10,0,0
5702,119.44,PAYMENT,2647,4,0,0,6,1,0
5703,157.33,TRANSFER,2330,6,0,0,15,1,1
5704,81.14,DEBIT,1756,2,0,0,8,0,0
5705,105.3,CASH_OUT,542,2,0,0,4,0,0
5706,18.43,TRANSFER,2824,3,1,0,17,0,0
5707,392.97,DEBIT,825,3,0,0,23,0,0
5708,200.1,TRANSFER,2874,4,0,0,13,0,0
5709,68.48,PAYMENT,893,9,1,0,21,1,1
5710,991.02,TRANSFER,185,3,0,0,12,0,0
5711,161.91,PAYMENT,1656,1,0,0,5,0,0
5712,52.66,CASH_OUT,2023,4,0,0,18,0,0
5713,349.58,DEBIT,353,2,0,0,19,0,0
5714,220.97,PAYMENT,1818,3,0,0,7,0,0
5715,220.21,TRANSFER,1808,5,0,0,13,0,0
5716,96.95,TRANSFER,1094,1,0,0,5,0,0
5717,232.87,PAYMENT,391,2,0,0,8,1,0
5718,114.23,CASH_OUT,2449,5,0,0,10,0,0
5719,258.77,CASH_OUT,1469,3,0,1,17,0,0
5720,22.09,PAYMENT,2712,2,0,0,23,2,0
5721,96.17,CASH_IN,2786,4,0,0,23,0,0
5722,830.61,PAYMENT,781,1,0,0,20,0,1
5723,68.92,DEBIT,1366,3,1,0,1,0,0
5724,81.14,PAYMENT,1331,4,0,0,5,2,0
5725,94.83,CASH_OUT,351,2,1,0,16,0,0
5726,44.04,PAYMENT,1990,4,0,0,13,0,0
5727,16.31,PAYMENT,584,2,0,0,19,0,0
5728,117.85,CASH_IN,143,1,0,0,15,0,0
5729,170.01,TRANSFER,31,1,0,1,15,0,1
5730,140.82,DEBIT,779,3,0,1,18,0,0
5731,128.4,TRANSFER,2836,1,0,0,12,1,0
5732,154.94,DEBIT,1214,1,0,0,7,0,0
5733,412.75,DEBIT,2878,9,0,0,13,0,0
5734,122.68,TRANSFER,1629,0,0,0,10,0,0
5735,83.59,TRANSFER,602,6,0,0,10,0,0
5736,112.04,CASH_IN,112,3,0,0,1,0,0
5737,264.9,PAYMENT,1063,3,0,0,15,0,0
5738,609.13,CASH_IN,463,4,0,0,17,0,0
5739,79.19,TRANSFER,647,4,1,0,0,2,0
5740,163.85,CASH_OUT,1275,3,0,0,1,0,1
5741,208.17,PAYMENT,819,4,0,0,5,0,0
5742,55.0,CASH_OUT,2947,3,0,0,2,0,0
5743,151.47,PAYMENT,350,7,0,0,15,1,1
5744,34.27,CASH_IN,827,3,0,0,8,0,1
5745,25.3,TRANSFER,1808,2,0,0,0,0,0
5746,214.16,PAYMENT,2956,1,0,0,0,0,0
5747,101.1,DEBIT,1335,1,0,0,7,0,0
5748,181.69,CASH_OUT,1173,3,0,0,16,0,0
5749,145.78,DEBIT,2140,3,0,0,11,1,0
5750,55.9,PAYMENT,1596,5,0,0,8,0,0
5751,141.85,CASH_OUT,1796,5,0,0,4,1,1
5752,43.25,CASH_OUT,681,1,0,0,0,1,0
5753,596.44,CASH_OUT,1326,6,0,0,14,0,0
5754,38.25,PAYMENT,2735,2,0,0,16,0,0
5755,122.02,PAYMENT,2783,4,0,0,14,0,0
5756,52.34,DEBIT,398,7,0,0,15,0,0
5757,262.54,TRANSFER,501,2,0,0,5,0,0
5758,106.55,DEBIT,785,2,0,0,4,0,0
5759,88.35,PAYMENT,1348,3,1,1,17,1,0
5760,348.35,DEBIT,1127,3,0,1,12,0,0
5761,152.85,CASH_OUT,908,3,0,0,19,0,0
5762,248.8,CASH_OUT,958,5,1,0,23,0,0
5763,55.63,PAYMENT,1013,3,0,0,19,0,0
5764,36.42,DEBIT,677,3,0,0,7,0,0
5765,165.21,TRANSFER,2680,1,0,0,15,0,0
5766,107.89,CASH_OUT,1641,2,0,0,15,0,0
5767,277.67,PAYMENT,2624,4,0,0,22,1,0
5768,137.02,CASH_OUT,236,6,0,0,22,1,1
5769,182.19,CASH_IN,818,4,0,0,6,0,0
5770,29.27,PAYMENT,153,1,1,1,22,0,1
5771,980.87,CASH_OUT,1787,4,0,0,11,1,0
5772,125.93,PAYMENT,1954,1,0,0,19,0,0
5773,298.15,DEBIT,302,5,0,0,0,0,0
5774,64.32,DEBIT,503,0,0,0,20,0,0
5775,201.95,PAYMENT,383,3,0,0,2,0,0
5776,40.33,PAYMENT,2174,1,0,0,7,0,0
5777,233.24,CASH_OUT,2159,4,0,0,1,1,1
5778,103.96,PAYMENT,566,4,0,0,6,0,0
5779,152.81,TRANSFER,1114,4,0,0,17,0,0
5780,298.26,PAYMENT,1147,2,1,0,22,0,0
5781,43.27,TRANSFER,2442,4,0,0,3,0,0
5782,74.85,PAYMENT,991,3,0,0,20,1,1
5783,234.47,PAYMENT,787,1,0,1,2,0,0
5784,1209.81,PAYMENT,2966,4,0,0,11,1,0
5785,129.27,CASH_OUT,1818,4,0,0,14,0,0
5786,268.04,TRANSFER,1349,0,0,0,6,2,1
5787,133.36,PAYMENT,711,2,1,0,11,0,1
5788,1035.09,CASH_OUT,881,2,0,0,20,1,1
5789,25.86,CASH_IN,2024,4,0,0,11,1,0
5790,163.14,PAYMENT,779,3,0,1,10,0,1
5791,29.21,CASH_IN,199,5,0,0,23,0,0
5792,12.1,CASH_OUT,2983,7,0,0,11,2,0
5793,199.83,PAYMENT,892,2,0,1,2,1,0
5794,170.63,PAYMENT,2376,4,0,0,3,0,0
5795,111.63,TRANSFER,737,4,0,0,10,0,0
5796,133.46,CASH_OUT,886,3,0,0,2,0,0
5797,3288.87,PAYMENT,2745,1,0,0,20,0,0
5798,114.64,DEBIT,949,1,0,0,8,0,0
5799,247.18,CASH_OUT,1664,3,0,1,5,0,0
5800,77.53,PAYMENT,2886,1,0,0,16,1,0
5801,199.38,PAYMENT,1370,2,0,0,20,0,0
5802,116.95,PAYMENT,2969,5,0,0,17,0,0
5803,98.44,TRANSFER,1704,5,0,0,9,2,0
5804,914.98,TRANSFER,293,1,1,0,12,1,0
5805,481.63,CASH_OUT,509,4,0,0,7,0,0
5806,170.16,CASH_OUT,989,1,0,0,10,0,1
5807,14.82,PAYMENT,1314,1,1,0,20,2,0
5808,103.44,TRANSFER,1599,5,0,1,17,0,1
5809,2215.04,PAYMENT,2598,0,0,0,1,0,0
5810,117.84,PAYMENT,2883,2,0,0,21,1,0
5811,447.29,CASH_OUT,1149,2,0,1,5,0,0
5812,627.62,PAYMENT,1447,4,0,0,5,0,0
5813,184.74,CASH_IN,553,5,1,0,2,1,0
5814,63.95,DEBIT,1028,3,0,0,12,0,0
5815,13.0,CASH_OUT,431,3,0,0,10,0,0
5816,294.17,PAYMENT,1524,1,0,0,22,0,0
5817,65.71,PAYMENT,2729,2,0,0,14,0,0
5818,177.0,PAYMENT,2360,4,0,0,17,0,0
5819,42.53,CASH_OUT,562,4,0,0,9,0,0
5820,113.84,CASH_IN,2973,4,0,0,12,0,0
5821,153.5,CASH_OUT,2346,1,0,0,14,1,0
5822,194.14,CASH_OUT,2839,5,0,0,23,1,1
5823,48.68,CASH_OUT,1885,1,1,0,8,0,1
5824,491.23,CASH_IN,739,2,0,0,22,0,0
5825,81.7,PAYMENT,1308,4,0,0,5,0,0
5826,27.81,CASH_IN,1721,4,0,0,19,0,0
5827,133.08,CASH_OUT,1969,4,0,0,8,0,0
5828,153.6,PAYMENT,1009,3,0,0,4,0,0
5829,174.27,DEBIT,454,2,0,0,4,0,0
5830,579.48,DEBIT,1057,4,1,0,9,0,0
5831,117.16,TRANSFER,113,4,0,0,23,0,0
5832,131.68,CASH_IN,2291,5,0,0,22,1,0
5833,49.25,PAYMENT,821,2,0,0,17,1,1
5834,337.16,TRANSFER,2057,3,0,0,12,0,0
5835,178.45,PAYMENT,686,2,0,0,23,0,0
5836,97.51,TRANSFER,2978,0,0,0,1,0,1
5837,22.09,TRANSFER,86,2,0,0,15,0,0
5838,629.18,PAYMENT,1207,3,0,0,10,0,0
5839,43.48,CASH_OUT,1665,2,1,0,9,1,0
5840,82.16,PAYMENT,998,5,0,0,16,1,0
5841,212.37,PAYMENT,430,5,0,0,5,0,0
5842,44.86,PAYMENT,981,3,0,0,5,1,0
5843,33.33,TRANSFER,2013,1,1,1,9,2,1
5844,17.74,PAYMENT,551,1,0,0,3,0,0
5845,305.21,PAYMENT,1999,4,0,0,14,1,0
5846,86.04,PAYMENT,1689,4,0,0,7,0,0
5847,2771.85,PAYMENT,2004,2,0,1,6,0,1
5848,54.91,TRANSFER,2347,6,1,0,22,2,1
5849,59.06,DEBIT,1912,3,0,0,14,3,0
5850,84.32,PAYMENT,1592,2,0,1,0,0,0
5851,189.26,CASH_OUT,546,2,1,0,5,0,0
5852,92.74,PAYMENT,2924,3,0,0,11,0,0
5853,273.78,PAYMENT,2489,1,0,0,20,0,0
5854,55.78,PAYMENT,1395,6,1,0,14,0,0
5855,37.28,DEBIT,2217,4,1,1,5,0,0
5856,24.58,TRANSFER,1031,2,0,0,21,0,0
5857,16.06,CASH_OUT,2341,7,1,1,19,1,1
5858,88.41,CASH_OUT,478,4,0,0,0,1,0
5859,109.84,PAYMENT,1108,3,0,0,6,1,1
5860,78.93,DEBIT,2683,2,0,0,21,1,0
5861,514.61,PAYMENT,2504,2,0,0,14,0,0
5862,506.76,PAYMENT,551,4,0,0,21,0,0
5863,106.19,PAYMENT,255,4,1,0,8,0,0
5864,24.68,PAYMENT,2193,5,0,0,2,0,0
5865,84.21,PAYMENT,1000,0,0,1,1,0,0
5866,81.47,CASH_OUT,1393,3,0,0,13,0,0
5867,76.93,PAYMENT,1160,3,0,0,10,0,0
5868,73.87,CASH_OUT,1572,3,0,0,21,0,1
5869,77.21,PAYMENT,2610,2,1,0,20,1,0
5870,100.83,DEBIT,2408,0,0,0,10,0,0
5871,78.61,PAYMENT,130,1,0,0,8,0,0
5872,182.79,CASH_OUT,1268,1,0,0,13,0,0
5873,212.8,CASH_OUT,585,3,0,0,13,1,1
5874,59.7,PAYMENT,252,3,0,0,4,1,0
5875,529.04,PAYMENT,1263,2,0,0,17,0,0
5876,55.7,PAYMENT,1779,3,0,0,22,0,0
5877,29.44,PAYMENT,2828,2,0,0,7,0,0
5878,217.19,PAYMENT,2505,2,1,0,11,0,0
5879,65.54,CASH_OUT,911,2,0,0,23,0,0
5880,204.65,TRANSFER,2595,6,1,0,2,0,0
5881,13.41,TRANSFER,2371,1,0,0,4,0,0
5882,597.32,PAYMENT,250,1,0,0,8,0,0
5883,290.7,CASH_IN,2504,0,0,0,12,0,0
5884,33.1,PAYMENT,2390,3,0,0,13,0,0
5885,33.83,PAYMENT,1768,3,1,0,4,0,0
5886,790.18,PAYMENT,1517,1,0,0,21,0,0
5887,71.0,PAYMENT,611,6,0,0,23,0,0
5888,64.45,CASH_OUT,281,4,0,0,1,0,0
5889,15.39,CASH_OUT,2772,3,0,0,8,0,0
5890,104.5,CASH_OUT,1165,3,1,0,19,0,0
5891,118.19,TRANSFER,1817,4,0,0,6,0,0
5892,303.53,DEBIT,309,4,0,0,6,0,0
5893,36.63,TRANSFER,323,5,1,0,9,1,0
5894,32.45,TRANSFER,1568,1,0,0,11,1,0
5895,232.98,PAYMENT,208,2,0,0,22,0,0
5896,406.15,PAYMENT,2266,6,0,0,6,0,0
5897,30.84,TRANSFER,2245,6,0,0,14,0,0
5898,437.69,PAYMENT,2131,0,0,0,16,0,0
5899,154.09,TRANSFER,1680,1,0,0,16,0,1
5900,442.22,PAYMENT,2393,4,0,0,13,0,0
5901,138.35,CASH_IN,2348,4,0,0,20,0,0
5902,11.91,DEBIT,2803,4,0,0,12,0,0
5903,127.49,PAYMENT,1675,3,0,0,4,2,0
5904,428.44,CASH_IN,2260,3,0,0,5,0,0
5905,60.72,CASH_IN,53,0,0,0,15,0,0
5906,100.69,DEBIT,880,5,1,0,23,1,0
5907,124.45,PAYMENT,285,2,0,0,16,0,0
5908,8.17,CASH_OUT,1267,3,0,0,20,0,1
5909,789.46,PAYMENT,1093,3,1,1,8,1,0
5910,60.26,CASH_OUT,824,3,0,0,15,0,0
5911,246.1,CASH_OUT,1516,1,0,0,16,0,0
5912,136.09,CASH_OUT,2513,4,0,0,14,0,0
5913,521.97,PAYMENT,1043,0,0,0,11,0,0
5914,222.75,CASH_IN,1769,3,0,0,5,1,0
5915,117.34,TRANSFER,934,1,0,0,16,1,1
5916,60.73,PAYMENT,1264,3,0,0,2,0,0
5917,329.59,TRANSFER,2200,1,0,0,10,0,0
5918,22.8,CASH_IN,2884,4,0,0,21,0,0
5919,283.13,DEBIT,2024,4,0,0,10,0,0
5920,49.45,CASH_OUT,2363,3,0,0,19,0,0
5921,519.2,PAYMENT,2321,5,0,0,16,0,0
5922,174.39,PAYMENT,791,0,1,0,11,0,0
5923,282.63,PAYMENT,172,2,0,1,0,0,0
5924,161.09,PAYMENT,1814,3,1,0,17,0,0
5925,25.73,PAYMENT,349,7,0,0,8,0,0
5926,62.76,PAYMENT,1428,4,0,0,10,0,0
5927,290.73,PAYMENT,462,2,0,0,7,0,0
5928,175.33,CASH_IN,151,2,1,0,1,0,0
5929,483.47,CASH_OUT,823,5,0,0,22,0,0
5930,222.13,CASH_OUT,2506,2,1,0,22,0,1
5931,56.45,PAYMENT,2809,3,0,0,15,2,0
5932,66.95,TRANSFER,2851,3,0,0,20,0,0
5933,164.5,PAYMENT,779,3,1,0,13,0,1
5934,14.67,TRANSFER,2280,9,0,0,11,0,0
5935,791.11,CASH_OUT,2026,5,0,0,15,0,0
5936,230.85,TRANSFER,1326,4,1,0,13,0,0
5937,506.25,CASH_IN,2898,2,0,0,17,0,0
5938,30.55,DEBIT,2315,1,0,0,17,0,0
5939,515.21,TRANSFER,2043,3,0,0,6,0,0
5940,1382.29,PAYMENT,2539,5,1,0,22,0,1
5941,39.61,DEBIT,139,0,0,0,17,0,0
5942,320.99,CASH_OUT,441,3,0,0,10,0,0
5943,148.58,CASH_OUT,100,4,0,0,15,1,0
5944,31.68,CASH_OUT,747,5,1,0,7,0,0
5945,242.96,PAYMENT,1410,3,0,0,3,1,0
5946,341.59,PAYMENT,2500,2,1,0,18,0,0
5947,81.36,PAYMENT,2318,3,0,0,1,0,0
5948,476.24,PAYMENT,2747,3,0,0,2,0,0
5949,28.03,TRANSFER,748,1,0,0,9,0,0
5950,33.29,PAYMENT,2756,2,0,0,4,0,0
5951,170.14,CASH_IN,156,2,1,0,8,1,0
5952,152.23,TRANSFER,455,4,0,0,22,0,1
5953,72.49,PAYMENT,2355,2,0,0,13,1,0
5954,333.48,PAYMENT,2571,3,0,0,2,0,0
5955,252.37,TRANSFER,2465,3,0,0,15,0,0
5956,350.07,PAYMENT,2848,1,0,0,8,0,0
5957,131.22,CASH_OUT,2010,4,0,0,11,0,0
5958,271.13,CASH_IN,565,4,1,0,14,0,0
5959,95.04,TRANSFER,2385,2,0,0,22,0,0
5960,1157.27,PAYMENT,2364,2,0,0,4,2,1
5961,65.85,CASH_OUT,1106,5,0,0,5,1,0
5962,1218.4,PAYMENT,2522,1,0,0,14,0,1
5963,153.68,PAYMENT,1174,1,1,0,19,1,0
5964,37.51,TRANSFER,1751,4,1,0,8,1,0
5965,582.94,DEBIT,1809,2,0,0,8,0,0
5966,168.33,PAYMENT,935,2,0,0,14,0,0
5967,347.62,DEBIT,2161,2,0,0,19,0,1
5968,504.65,PAYMENT,943,2,0,1,19,0,0
5969,208.09,PAYMENT,2953,0,0,0,10,0,1
5970,82.09,CASH_OUT,1877,3,0,0,2,0,0
5971,393.75,PAYMENT,2881,8,0,0,3,0,1
5972,148.53,PAYMENT,336,3,0,0,2,0,0
5973,294.67,PAYMENT,366,1,0,1,3,1,1
5974,17.22,PAYMENT,1925,3,0,0,15,0,0
5975,232.06,PAYMENT,546,4,0,0,23,0,0
5976,78.37,CASH_OUT,130,2,0,0,17,0,0
5977,775.35,CASH_OUT,1994,3,1,0,16,1,1
5978,276.74,DEBIT,2177,3,1,0,6,0,0
5979,188.64,CASH_OUT,2250,4,0,0,0,2,0
5980,241.36,CASH_OUT,1485,6,0,0,20,0,0
5981,54.68,CASH_OUT,1161,5,0,1,7,0,0
5982,752.39,CASH_IN,2859,6,0,0,8,0,1
5983,1087.21,PAYMENT,1938,3,0,0,16,1,0
5984,219.84,PAYMENT,57,1,0,1,20,0,0
5985,728.07,CASH_OUT,786,2,0,0,19,0,0
5986,84.0,PAYMENT,2392,4,0,1,7,0,0
5987,66.88,DEBIT,67,2,0,0,20,0,0
5988,154.61,TRANSFER,2405,2,0,0,15,0,0
5989,229.28,PAYMENT,77,0,1,0,6,0,0
5990,100.08,CASH_OUT,2992,2,0,0,17,1,0
5991,254.11,PAYMENT,35,3,0,0,1,0,1
5992,201.62,DEBIT,1467,3,0,1,7,0,0
5993,54.69,DEBIT,799,3,0,1,8,0,0
5994,249.33,CASH_OUT,1392,1,0,0,20,0,0
5995,351.96,PAYMENT,846,0,0,0,5,0,0
5996,176.17,PAYMENT,37,3,0,0,7,1,0
5997,469.96,TRANSFER,806,3,0,0,19,0,0
5998,43.93,CASH_IN,692,2,1,0,6,0,0
5999,236.97,PAYMENT,2562,1,0,0,16,2,0
6000,46.05,PAYMENT,2789,1,0,0,1,1,0
6001,48.71,PAYMENT,358,5,0,0,1,0,0
6002,78.97,TRANSFER,1453,4,0,0,23,0,1
6003,57.85,CASH_IN,429,3,0,0,0,0,0
6004,85.8,PAYMENT,809,3,0,0,12,0,0
6005,119.8,PAYMENT,1942,6,0,0,19,1,1
6006,342.8,CASH_OUT,1448,6,0,0,12,0,1
6007,107.65,CASH_IN,2415,4,0,0,22,1,0
6008,30.4,CASH_IN,2496,2,0,0,0,0,1
6009,464.09,CASH_OUT,1263,0,0,0,18,0,1
6010,64.26,PAYMENT,1224,4,0,0,23,0,1
6011,139.95,PAYMENT,130,8,0,0,15,1,1
6012,231.95,DEBIT,2491,1,0,0,14,0,0
6013,181.2,DEBIT,2649,2,1,0,16,1,0
6014,443.27,CASH_OUT,352,1,0,0,5,1,1
6015,239.61,CASH_OUT,58,0,1,0,12,0,1
6016,62.72,DEBIT,780,7,0,0,14,0,0
6017,1311.02,TRANSFER,1689,1,0,0,1,0,0
6018,180.25,PAYMENT,636,3,0,0,7,0,0
6019,128.08,CASH_OUT,546,2,1,0,16,0,0
6020,389.13,DEBIT,1138,4,0,0,14,0,0
6021,190.46,CASH_OUT,269,5,1,1,12,0,0
6022,221.24,CASH_IN,1102,2,0,0,1,0,0
6023,1793.97,TRANSFER,2103,2,0,0,17,1,1
6024,112.72,PAYMENT,868,4,0,0,8,1,0
6025,108.01,PAYMENT,2491,2,0,0,12,0,0
6026,166.76,DEBIT,1151,1,0,0,1,0,0
6027,433.34,TRANSFER,1465,1,1,0,7,1,0
6028,32.9,PAYMENT,2351,2,1,0,10,0,0
6029,20.79,DEBIT,1366,4,0,0,12,1,1
6030,82.51,TRANSFER,1289,4,0,0,16,0,1
6031,28.96,CASH_IN,1891,1,0,0,20,1,0
6032,97.04,TRANSFER,674,2,0,1,5,0,0
6033,245.3,PAYMENT,2258,1,0,0,11,1,0
6034,60.9,CASH_OUT,626,6,0,0,11,0,0
6035,35.63,DEBIT,2323,3,0,0,16,0,0
6036,159.07,PAYMENT,2840,1,0,0,3,0,1
6037,351.62,CASH_IN,470,1,0,0,19,1,0
6038,27.25,PAYMENT,2703,0,1,0,18,0,0
6039,337.05,PAYMENT,497,3,0,0,16,0,0
6040,336.07,PAYMENT,994,3,0,0,22,0,0
6041,385.32,CASH_IN,1667,1,1,0,11,1,0
6042,501.94,TRANSFER,2816,2,1,0,5,0,0
6043,1342.13,TRANSFER,2843,0,0,0,13,1,0
6044,103.95,CASH_IN,256,1,1,0,19,0,0
6045,165.6,PAYMENT,2838,5,0,0,22,1,0
6046,97.86,PAYMENT,1334,2,0,1,18,1,0
6047,148.71,PAYMENT,1723,3,0,0,5,0,0
6048,687.37,CASH_OUT,543,1,1,1,10,0,0
6049,38.67,TRANSFER,241,6,0,0,22,1,1
6050,62.74,CASH_IN,2626,3,0,0,15,1,0
6051,588.27,TRANSFER,799,3,0,0,9,0,0
6052,411.59,PAYMENT,460,4,1,0,19,2,1
6053,103.22,CASH_IN,1661,3,0,1,23,1,0
6054,348.77,PAYMENT,289,6,0,0,21,1,0
6055,208.77,DEBIT,1784,3,0,0,8,0,1
6056,665.32,PAYMENT,2427,1,0,0,15,2,0
6057,159.89,PAYMENT,736,3,0,0,19,0,0
6058,413.9,TRANSFER,75,3,0,0,7,0,1
6059,2083.93,PAYMENT,906,2,0,0,21,0,0
6060,269.91,PAYMENT,2947,2,0,0,9,0,0
6061,155.92,TRANSFER,1985,3,0,0,23,0,1
6062,305.65,PAYMENT,1630,1,0,0,19,1,0
6063,103.0,PAYMENT,2304,2,0,0,21,0,1
6064,1616.42,PAYMENT,1769,2,0,0,8,0,0
6065,177.7,TRANSFER,1600,1,0,0,18,1,0
6066,112.96,PAYMENT,1291,3,0,0,20,0,0
6067,64.35,PAYMENT,1154,0,0,0,6,0,1
6068,444.62,TRANSFER,2868,1,0,0,20,0,0
6069,353.25,CASH_OUT,1790,2,0,0,10,0,0
6070,90.26,CASH_OUT,363,1,1,0,23,1,1
6071,264.13,PAYMENT,1560,7,0,0,0,1,0
6072,32.83,PAYMENT,585,5,1,0,7,0,0
6073,178.57,TRANSFER,2078,1,1,0,2,1,1
6074,233.4,CASH_IN,760,2,0,0,2,1,0
6075,818.38,TRANSFER,757,3,0,0,11,0,0
6076,68.66,PAYMENT,1193,5,0,0,5,0,0
6077,41.33,PAYMENT,1962,4,0,0,19,0,0
6078,60.62,DEBIT,952,6,0,0,19,0,0
6079,38.99,CASH_OUT,1329,3,0,0,10,0,0
6080,564.9,PAYMENT,396,0,0,0,2,2,1
6081,698.29,PAYMENT,653,2,0,0,0,1,1
6082,204.43,CASH_IN,2050,4,0,0,15,0,0
6083,503.35,PAYMENT,1957,4,0,0,13,0,0
6084,169.69,TRANSFER,1970,0,0,0,6,0,0
6085,134.95,CASH_OUT,330,6,0,1,4,0,0
6086,106.37,PAYMENT,1123,3,0,0,15,0,0
6087,108.81,PAYMENT,2950,7,1,0,5,0,0
6088,31.57,PAYMENT,1240,2,1,0,2,1,1
6089,193.3,DEBIT,187,4,1,0,9,1,0
6090,142.55,TRANSFER,1384,5,0,0,12,0,0
6091,312.74,CASH_IN,1959,7,0,0,13,1,1
6092,162.96,TRANSFER,2541,2,0,0,9,0,0
6093,126.13,DEBIT,2160,4,0,0,4,0,0
6094,62.1,DEBIT,2956,2,0,0,13,0,0
6095,159.52,TRANSFER,43,4,0,0,22,0,0
6096,310.52,PAYMENT,1184,2,0,0,7,1,0
6097,47.31,CASH_OUT,2757,2,0,0,7,1,0
6098,161.98,CASH_OUT,1265,4,0,0,18,0,0
6099,187.36,TRANSFER,2284,2,0,0,4,1,1
6100,72.38,CASH_IN,1188,4,0,0,5,0,0
6101,82.45,PAYMENT,137,3,0,0,20,0,0
6102,186.91,PAYMENT,1824,3,0,0,4,0,0
6103,47.78,CASH_OUT,660,2,0,0,7,1,1
6104,210.59,PAYMENT,2808,3,0,0,21,0,0
6105,60.62,TRANSFER,194,6,0,0,11,0,0
6106,429.6,DEBIT,2938,1,0,0,0,0,0
6107,1537.37,CASH_OUT,2231,3,0,0,6,1,1
6108,62.76,DEBIT,376,2,0,0,2,0,0
6109,253.21,CASH_OUT,1078,2,0,0,19,0,0
6110,71.76,CASH_OUT,1989,1,0,1,6,0,0
6111,420.29,TRANSFER,1608,3,1,0,21,0,0
6112,41.88,PAYMENT,379,4,1,0,7,1,0
6113,239.99,TRANSFER,1609,3,0,0,8,0,0
6114,61.99,PAYMENT,1508,6,0,0,18,0,0
6115,120.66,DEBIT,1850,2,0,0,23,0,0
6116,52.93,PAYMENT,2827,2,0,0,13,0,0
6117,337.77,PAYMENT,2815,1,0,0,17,0,0
6118,64.27,CASH_OUT,1271,2,0,0,5,0,0
6119,257.74,TRANSFER,1299,4,0,0,8,0,0
6120,105.2,PAYMENT,2390,1,0,1,12,0,0
6121,132.36,PAYMENT,905,1,0,0,5,0,0
6122,172.04,CASH_IN,1843,2,0,0,15,0,0
6123,69.28,TRANSFER,2537,2,0,0,20,1,0
6124,183.16,PAYMENT,1571,5,0,0,4,0,0
6125,685.63,TRANSFER,1720,0,0,0,21,0,0
6126,68.16,PAYMENT,2333,4,0,0,2,0,0
6127,479.05,PAYMENT,849,4,0,0,16,0,0
6128,663.88,DEBIT,1559,7,0,0,20,0,0
6129,65.62,PAYMENT,238,5,0,0,23,0,1
6130,34.64,PAYMENT,1914,2,0,1,1,0,0
6131,200.73,DEBIT,436,0,0,0,23,0,0
6132,85.85,CASH_OUT,2158,1,1,0,1,0,0
6133,961.6,PAYMENT,136,4,0,1,9,0,0
6134,153.67,TRANSFER,2725,1,0,0,4,0,0
6135,66.54,CASH_IN,2515,4,1,0,5,0,0
6136,47.13,PAYMENT,1596,1,0,1,9,0,1
6137,441.38,TRANSFER,720,1,1,0,19,0,0
6138,83.83,TRANSFER,1455,4,0,0,3,0,1
6139,155.06,TRANSFER,539,0,0,0,7,1,0
6140,385.99,CASH_OUT,1484,6,0,0,8,0,0
6141,91.45,TRANSFER,1147,1,0,0,17,1,0
6142,141.75,PAYMENT,2159,1,0,0,6,0,0
6143,145.97,CASH_IN,2769,3,0,0,0,0,0
6144,293.92,PAYMENT,2326,0,0,0,12,0,0
6145,267.93,TRANSFER,270,3,1,1,7,0,1
6146,119.09,TRANSFER,194,4,0,1,23,1,1
6147,158.17,CASH_OUT,1526,1,0,0,20,0,0
6148,102.33,TRANSFER,1339,4,0,0,3,1,0
6149,33.87,CASH_OUT,2945,5,1,0,17,1,1
6150,192.02,PAYMENT,2536,6,0,0,11,0,0
6151,984.56,CASH_OUT,333,3,0,0,9,0,0
6152,61.33,CASH_IN,708,2,0,0,1,0,0
6153,68.51,CASH_IN,824,6,0,0,7,1,0
6154,62.13,TRANSFER,941,5,0,0,7,0,0
6155,306.31,PAYMENT,1027,3,0,0,7,0,0
6156,232.41,PAYMENT,1981,8,0,0,11,0,0
6157,126.65,PAYMENT,2791,5,0,0,0,1,1
6158,59.26,TRANSFER,635,6,1,0,5,0,0
6159,162.78,PAYMENT,2536,3,1,0,18,1,0
6160,31.04,DEBIT,1068,3,0,0,0,0,0
6161,171.3,CASH_IN,2377,5,0,0,7,1,1
6162,354.79,PAYMENT,436,5,1,0,0,0,0
6163,42.47,TRANSFER,1101,0,0,0,5,1,0
6164,32.06,CASH_OUT,143,3,0,0,6,1,1
6165,720.13,PAYMENT,2532,2,0,1,20,0,0
6166,80.5,TRANSFER,1946,2,0,0,22,1,0
6167,462.18,TRANSFER,555,2,1,0,13,0,0
6168,127.23,PAYMENT,2022,3,0,0,14,0,0
6169,126.22,CASH_OUT,851,4,0,0,8,0,0
6170,230.08,DEBIT,377,3,0,0,18,0,0
6171,61.31,PAYMENT,995,5,0,0,20,1,0
6172,169.44,TRANSFER,2248,4,0,0,17,2,0
6173,101.34,PAYMENT,1482,5,0,0,21,0,0
6174,39.63,CASH_IN,2483,4,0,0,10,0,0
6175,207.99,CASH_IN,1433,3,0,0,4,0,0
6176,114.06,PAYMENT,1114,3,0,0,20,0,0
6177,126.85,CASH_IN,2607,3,0,0,8,0,1
6178,44.25,PAYMENT,2819,7,1,0,11,1,1
6179,728.8,PAYMENT,230,4,0,0,18,0,0
6180,356.64,CASH_OUT,2134,4,0,0,11,0,0
6181,389.22,PAYMENT,2162,2,0,0,1,1,0
6182,109.35,TRANSFER,812,4,0,0,14,0,0
6183,26.33,CASH_OUT,2790,2,0,0,0,0,0
6184,1046.2,PAYMENT,1159,3,0,0,6,0,0
6185,139.62,PAYMENT,855,2,0,0,15,0,0
6186,70.19,TRANSFER,1586,4,0,0,22,0,0
6187,225.16,PAYMENT,968,1,0,1,13,0,0
6188,476.81,PAYMENT,2450,4,0,0,7,1,0
6189,145.03,PAYMENT,1124,6,0,0,20,1,0
6190,533.03,CASH_IN,793,6,0,0,0,1,0
6191,438.34,DEBIT,2924,6,0,0,15,0,0
6192,50.58,PAYMENT,1284,3,1,1,20,0,0
6193,75.66,PAYMENT,553,3,0,0,19,0,0
6194,386.66,CASH_OUT,1828,4,0,0,2,1,0
6195,9.85,DEBIT,1122,2,0,0,6,2,0
6196,127.81,PAYMENT,1164,3,0,0,11,1,0
6197,35.49,CASH_IN,900,1,0,0,12,0,0
6198,92.15,TRANSFER,1299,3,0,0,16,0,0
6199,110.08,DEBIT,1977,3,0,0,4,0,0
6200,103.73,PAYMENT,127,1,0,1,1,0,1
6201,85.43,DEBIT,2870,3,1,0,20,0,0
6202,49.54,TRANSFER,1375,1,1,0,11,0,0
6203,1468.37,DEBIT,2896,4,1,0,19,0,0
6204,960.51,TRANSFER,742,4,0,0,4,0,0
6205,46.43,TRANSFER,703,2,0,0,22,1,0
6206,722.07,CASH_IN,538,5,0,0,10,1,0
6207,99.54,CASH_OUT,971,2,0,0,11,1,0
6208,168.88,CASH_OUT,972,4,0,0,5,0,0
6209,139.31,TRANSFER,405,4,0,0,8,0,0
6210,76.73,CASH_OUT,1946,4,0,0,16,0,0
6211,396.97,DEBIT,2217,3,0,0,10,0,0
6212,168.32,PAYMENT,2458,3,0,0,11,0,0
6213,92.15,TRANSFER,2480,0,0,0,2,0,0
6214,40.26,CASH_IN,1219,3,0,1,13,0,0
6215,60.73,CASH_OUT,790,3,0,0,22,0,0
6216,28.75,CASH_IN,2983,3,0,0,11,0,0
6217,150.24,CASH_IN,2343,2,0,0,4,0,1
6218,44.85,CASH_OUT,1408,1,0,0,11,0,0
6219,113.8,CASH_OUT,1282,1,0,0,1,0,1
6220,584.12,DEBIT,1939,2,0,0,3,0,0
6221,492.4,CASH_IN,2276,3,0,1,9,0,0
6222,143.7,CASH_IN,2704,0,0,1,11,1,0
6223,136.04,PAYMENT,1767,3,0,0,23,0,0
6224,972.5,PAYMENT,2632,5,0,0,0,0,0
6225,249.82,TRANSFER,1731,1,1,0,19,0,0
6226,106.93,CASH_OUT,184,5,0,0,7,0,0
6227,35.66,PAYMENT,2877,2,0,0,6,0,0
6228,220.05,PAYMENT,2704,1,0,0,20,0,0
6229,340.13,PAYMENT,1892,6,1,0,8,0,0
6230,78.91,CASH_OUT,1741,2,0,0,17,1,0
6231,198.58,CASH_IN,2409,2,0,0,15,0,1
6232,103.18,DEBIT,437,1,0,0,3,1,0
6233,123.47,PAYMENT,1557,5,0,0,21,0,0
6234,12.33,PAYMENT,1747,3,1,0,13,0,0
6235,118.89,TRANSFER,655,3,1,0,5,0,0
6236,391.26,PAYMENT,715,5,0,0,23,0,1
6237,78.93,CASH_OUT,1495,1,0,1,20,1,1
6238,156.42,PAYMENT,2493,1,0,0,20,0,0
6239,69.69,PAYMENT,1143,3,0,0,19,0,0
6240,212.82,TRANSFER,2019,5,0,0,12,0,0
6241,119.52,PAYMENT,990,4,1,0,13,0,1
6242,58.02,PAYMENT,170,0,0,0,5,0,0
6243,562.59,TRANSFER,899,6,0,0,16,0,0
6244,375.75,PAYMENT,1961,2,0,0,3,2,1
6245,81.05,TRANSFER,934,3,0,0,19,0,0
6246,244.15,PAYMENT,1393,3,0,0,3,0,0
6247,254.02,CASH_OUT,1880,4,0,1,15,0,0
6248,282.11,DEBIT,2052,2,0,0,12,1,0
6249,27.27,TRANSFER,1272,3,0,1,21,1,1
6250,406.1,CASH_OUT,2656,3,1,0,14,0,1
6251,83.96,DEBIT,2741,2,0,0,10,0,0
6252,103.77,PAYMENT,1324,5,0,0,15,0,0
6253,2075.34,PAYMENT,2815,3,0,0,2,0,1
6254,200.71,PAYMENT,92,7,0,1,19,1,1
6255,100.85,TRANSFER,1871,6,1,0,11,0,0
6256,16.36,CASH_OUT,893,4,0,1,12,0,0
6257,595.72,PAYMENT,1586,2,0,0,4,0,1
6258,38.66,CASH_IN,2590,0,0,0,9,0,0
6259,54.41,PAYMENT,2332,2,1,0,2,0,0
6260,106.55,DEBIT,766,3,0,0,3,0,0
6261,611.8,DEBIT,2203,2,0,0,11,0,0
6262,321.58,DEBIT,808,0,0,0,8,0,0
6263,126.74,CASH_IN,1459,0,0,0,6,0,0
6264,202.0,PAYMENT,1767,1,0,0,3,1,1
6265,81.42,CASH_OUT,649,0,0,0,19,0,0
6266,170.66,PAYMENT,117,3,0,0,10,1,0
6267,159.71,CASH_IN,1444,4,0,0,3,0,0
6268,391.02,PAYMENT,1422,2,0,0,3,0,0
6269,390.4,PAYMENT,718,4,0,0,1,0,0
6270,243.22,DEBIT,670,2,0,0,17,0,0
6271,103.3,PAYMENT,2524,6,0,0,5,0,0
6272,311.63,PAYMENT,2397,7,1,0,3,0,0
6273,135.37,TRANSFER,951,3,0,0,10,0,0
6274,50.3,CASH_OUT,302,7,0,0,7,1,1
6275,99.16,CASH_OUT,2728,3,0,0,11,0,0
6276,161.5,CASH_OUT,666,2,0,0,21,0,0
6277,368.79,CASH_IN,551,1,1,0,7,0,0
6278,123.53,PAYMENT,1631,4,1,0,17,1,0
6279,44.29,TRANSFER,2877,2,0,0,19,1,0
6280,157.08,CASH_OUT,45,5,0,0,3,2,1
6281,166.24,CASH_OUT,2445,3,1,0,2,0,0
6282,178.72,TRANSFER,2328,3,0,0,12,0,0
6283,372.36,PAYMENT,823,6,0,0,3,0,0
6284,411.14,PAYMENT,389,5,1,0,10,2,1
6285,81.92,PAYMENT,260,1,0,0,18,0,0
6286,80.15,PAYMENT,1895,2,1,0,7,1,0
6287,52.45,PAYMENT,641,1,0,0,14,0,0
6288,298.51,TRANSFER,2683,3,0,0,0,0,0
6289,631.96,PAYMENT,2594,3,0,0,9,1,0
6290,108.3,CASH_OUT,548,2,0,0,8,0,0
6291,116.58,CASH_IN,513,2,1,0,8,0,0
6292,643.41,PAYMENT,2142,6,1,0,1,0,0
6293,246.06,TRANSFER,2296,7,0,0,7,0,0
6294,229.58,DEBIT,1261,2,1,0,2,0,0
6295,45.11,TRANSFER,205,3,0,0,21,0,0
6296,292.58,DEBIT,2789,5,0,0,8,0,0
6297,58.61,PAYMENT,938,2,0,0,18,0,0
6298,47.75,CASH_IN,1478,1,0,0,17,1,0
6299,104.92,TRANSFER,1063,4,0,0,5,0,0
6300,82.62,PAYMENT,795,5,0,0,6,0,0
6301,118.91,DEBIT,960,5,0,0,11,0,0
6302,35.13,DEBIT,1986,4,0,0,18,0,0
6303,387.15,PAYMENT,2692,1,0,0,3,0,0
6304,458.37,DEBIT,1017,3,0,0,5,0,0
6305,21.17,PAYMENT,45,3,0,0,9,0,0
6306,394.83,CASH_OUT,2622,4,0,0,13,0,0
6307,65.99,PAYMENT,1600,1,0,1,7,0,0
6308,349.66,PAYMENT,2260,1,1,0,6,1,1
6309,138.59,CASH_OUT,1155,2,0,1,16,0,0
6310,152.75,PAYMENT,361,5,0,0,22,0,0
6311,123.33,PAYMENT,108,1,0,0,9,0,0
6312,498.76,TRANSFER,1848,3,0,0,5,1,0
6313,42.97,PAYMENT,1074,8,0,1,9,0,0
6314,272.55,CASH_OUT,2482,4,0,1,13,2,0
6315,446.45,PAYMENT,1070,3,0,0,14,0,0
6316,303.79,CASH_IN,1641,2,1,0,2,0,0
6317,1517.32,PAYMENT,461,2,0,0,16,0,1
6318,87.45,PAYMENT,2633,2,0,0,23,0,0
6319,386.57,PAYMENT,1473,3,0,0,4,0,1
6320,133.47,CASH_OUT,2105,6,1,0,11,0,0
6321,509.49,PAYMENT,1078,1,0,0,9,0,0
6322,147.28,TRANSFER,2380,2,0,0,8,1,0
6323,100.7,PAYMENT,642,5,0,1,16,0,0
6324,547.89,CASH_IN,1871,1,0,0,7,0,0
6325,90.78,PAYMENT,284,3,0,0,9,0,0
6326,36.14,CASH_IN,301,4,0,0,21,0,0
6327,88.51,PAYMENT,591,3,0,0,7,1,0
6328,275.62,PAYMENT,2076,2,0,0,0,1,0
6329,597.07,PAYMENT,365,3,0,0,17,0,0
6330,165.86,PAYMENT,787,4,0,0,22,0,0
6331,554.57,TRANSFER,237,3,0,0,21,0,0
6332,38.16,DEBIT,64,2,0,0,14,0,0
6333,95.27,PAYMENT,143,0,0,0,7,0,0
6334,111.21,TRANSFER,1085,4,0,1,18,0,0
6335,132.35,PAYMENT,2842,0,0,0,20,0,0
6336,161.43,PAYMENT,2932,2,0,0,1,0,0
6337,296.16,PAYMENT,2837,3,0,0,23,0,0
6338,95.13,CASH_IN,950,4,0,0,6,1,0
6339,170.55,PAYMENT,1992,5,0,0,19,0,0
6340,141.87,CASH_OUT,2233,2,0,0,1,0,1
6341,58.8,PAYMENT,863,1,0,0,21,0,0
6342,132.47,PAYMENT,1916,0,1,1,22,0,0
6343,128.55,TRANSFER,2430,5,0,0,4,0,0
6344,125.83,PAYMENT,958,1,0,0,0,0,0
6345,153.2,PAYMENT,1356,3,0,1,20,0,0
6346,160.08,PAYMENT,1171,4,0,0,14,0,0
6347,96.32,PAYMENT,2112,2,1,0,15,0,1
6348,529.91,CASH_IN,2945,0,0,1,11,0,0
6349,46.09,PAYMENT,1373,3,1,0,22,0,1
6350,72.17,CASH_OUT,247,1,0,0,13,0,0
6351,2392.19,PAYMENT,1321,3,1,0,22,0,0
6352,52.56,CASH_IN,1941,2,0,0,10,0,0
6353,38.33,TRANSFER,1746,4,1,0,4,0,0
6354,309.35,PAYMENT,2121,3,0,1,11,0,0
6355,18.59,DEBIT,1227,7,0,0,17,0,0
6356,117.3,PAYMENT,227,3,0,0,4,0,0
6357,1268.8,TRANSFER,886,3,0,1,22,0,1
6358,31.66,TRANSFER,331,8,0,1,10,0,0
6359,20.45,PAYMENT,2008,2,0,0,6,0,0
6360,33.14,DEBIT,2904,4,0,0,14,2,0
6361,364.44,CASH_IN,434,6,0,1,6,0,1
6362,457.04,CASH_IN,2799,6,0,0,6,1,1
6363,88.89,DEBIT,2789,6,1,0,6,1,1
6364,293.89,TRANSFER,1023,2,1,1,15,1,0
6365,596.01,PAYMENT,875,5,0,0,5,0,0
6366,886.56,CASH_OUT,2224,6,0,0,10,0,0
6367,116.01,PAYMENT,1777,5,0,0,11,2,1
6368,14.86,PAYMENT,1441,3,0,0,9,1,0
6369,65.31,TRANSFER,899,3,0,0,23,1,1
6370,96.85,DEBIT,1597,5,0,0,6,0,0
6371,114.56,PAYMENT,375,3,0,0,5,0,0
6372,122.99,CASH_IN,185,1,0,0,12,0,0
6373,454.36,TRANSFER,1495,3,1,0,20,0,0
6374,530.82,PAYMENT,966,1,0,0,18,0,0
6375,125.0,CASH_IN,1854,2,0,0,0,0,0
6376,445.18,DEBIT,171,2,0,0,12,1,1
6377,212.23,PAYMENT,133,2,0,0,2,1,0
6378,158.3,PAYMENT,1268,3,1,0,8,0,0
6379,367.43,PAYMENT,137,2,0,0,16,0,0
6380,159.53,CASH_IN,2614,2,0,0,13,0,0
6381,1161.9,PAYMENT,1282,3,0,1,11,0,0
6382,35.22,PAYMENT,656,0,0,0,10,0,0
6383,88.66,CASH_OUT,237,1,0,0,5,0,0
6384,130.78,TRANSFER,2779,5,0,0,13,0,0
6385,230.32,PAYMENT,756,6,0,0,16,0,0
6386,527.4,CASH_IN,1574,3,0,0,14,0,0
6387,144.84,DEBIT,1792,1,1,0,7,1,1
6388,35.79,DEBIT,1786,2,0,0,0,1,0
6389,344.64,PAYMENT,747,2,0,0,12,0,0
6390,315.75,DEBIT,1458,8,0,0,0,1,0
6391,21.29,CASH_OUT,210,1,1,0,10,1,1
6392,147.85,PAYMENT,670,4,0,0,6,0,0
6393,30.26,CASH_OUT,1852,2,0,0,21,0,0
6394,76.35,PAYMENT,1738,1,0,0,20,1,0
6395,60.17,CASH_OUT,1949,4,1,0,9,0,0
6396,333.37,CASH_OUT,1440,5,0,0,3,0,1
6397,166.81,CASH_OUT,2193,2,0,0,9,0,0
6398,41.03,PAYMENT,500,3,0,0,21,0,1
6399,357.83,CASH_OUT,1733,6,1,0,15,0,0
6400,35.38,PAYMENT,33,4,0,0,11,0,0
6401,206.46,DEBIT,2071,3,0,0,7,0,0
6402,65.76,CASH_OUT,2275,3,0,0,2,2,0
6403,102.96,PAYMENT,2281,4,0,0,2,0,0
6404,245.74,PAYMENT,1431,2,0,0,6,0,0
6405,250.0,CASH_OUT,2651,5,0,0,23,0,0
6406,565.08,TRANSFER,612,5,0,0,9,0,0
6407,136.69,CASH_OUT,633,5,0,0,12,0,0
6408,201.63,PAYMENT,1527,4,0,0,11,0,0
6409,95.8,CASH_OUT,2765,10,0,0,14,1,1
6410,178.04,PAYMENT,1750,3,0,0,23,0,0
6411,230.32,TRANSFER,2645,4,0,0,21,0,1
6412,134.52,DEBIT,608,3,0,0,22,0,0
6413,24.44,CASH_OUT,938,3,0,0,23,1,0
6414,206.74,PAYMENT,2513,7,0,0,22,0,0
6415,213.7,DEBIT,2140,2,0,0,19,1,0
6416,75.18,PAYMENT,2630,3,0,0,6,0,0
6417,41.08,CASH_OUT,2024,2,0,0,19,1,0
6418,649.29,TRANSFER,772,2,0,1,10,0,0
6419,242.61,PAYMENT,1716,3,0,0,17,0,0
6420,118.03,PAYMENT,204,4,0,0,18,0,0
6421,47.61,PAYMENT,956,2,0,0,21,0,0
6422,65.25,CASH_IN,2686,3,0,0,14,0,0
6423,545.98,CASH_IN,2060,4,0,0,15,0,0
6424,170.32,TRANSFER,1793,2,0,0,20,1,0
6425,85.58,PAYMENT,194,2,1,0,14,0,0
6426,247.07,CASH_IN,957,5,1,1,19,1,1
6427,65.73,TRANSFER,2258,3,0,0,19,2,0
6428,665.7,TRANSFER,1465,4,0,0,11,0,0
6429,574.1,TRANSFER,332,4,0,0,1,0,1
6430,93.08,PAYMENT,1764,3,1,0,20,1,0
6431,79.15,TRANSFER,877,1,1,0,9,0,0
6432,10.83,CASH_OUT,2323,4,0,0,9,0,0
6433,33.73,TRANSFER,957,2,0,0,17,0,1
6434,38.88,CASH_IN,2485,2,0,0,6,0,0
6435,169.9,PAYMENT,43,1,0,0,17,0,0
6436,107.1,TRANSFER,1484,1,0,0,11,0,0
6437,38.65,PAYMENT,2156,0,0,0,1,0,0
6438,112.04,CASH_OUT,30,3,0,0,1,0,1
6439,246.0,PAYMENT,1017,4,1,0,13,0,0
6440,251.6,PAYMENT,2864,3,0,0,20,0,0
6441,22.21,CASH_IN,2903,4,0,0,16,0,0
6442,130.55,PAYMENT,676,2,1,0,10,0,0
6443,37.21,CASH_OUT,2543,2,0,0,17,0,0
6444,365.67,DEBIT,2572,3,0,0,14,0,0
6445,325.1,TRANSFER,1898,2,0,0,11,1,1
6446,60.46,PAYMENT,2653,4,0,0,8,0,0
6447,68.99,PAYMENT,1500,1,0,0,19,0,0
6448,93.57,CASH_IN,737,1,0,0,21,0,1
6449,15.6,PAYMENT,1359,4,0,0,20,0,0
6450,207.67,CASH_OUT,632,1,1,0,10,0,0
6451,112.97,CASH_OUT,2861,6,1,0,0,1,1
6452,391.57,TRANSFER,427,3,0,0,22,0,0
6453,49.48,CASH_OUT,2011,2,1,0,22,0,0
6454,79.91,PAYMENT,2468,1,1,0,2,0,0
6455,32.9,TRANSFER,778,2,1,0,16,1,0
6456,54.36,CASH_OUT,43,2,0,0,4,1,1
6457,45.51,PAYMENT,1223,1,0,0,19,0,0
6458,401.81,PAYMENT,2186,2,0,0,19,0,0
6459,73.83,CASH_OUT,1883,3,0,0,22,0,1
6460,168.04,CASH_OUT,2120,5,0,0,4,0,0
6461,101.42,TRANSFER,2902,0,0,1,23,0,0
6462,41.7,CASH_OUT,2435,2,0,0,3,2,0
6463,125.42,TRANSFER,504,1,0,0,10,0,0
6464,270.18,CASH_IN,1128,5,0,0,15,0,0
6465,44.36,CASH_OUT,1980,4,0,0,2,0,0
6466,333.32,PAYMENT,2582,5,0,0,23,0,0
6467,63.45,PAYMENT,2912,4,0,0,16,0,1
6468,91.56,CASH_OUT,926,3,0,0,9,1,1
6469,252.32,CASH_IN,2157,2,0,0,21,0,0
6470,76.44,PAYMENT,1737,4,1,0,15,0,1
6471,154.1,TRANSFER,2040,7,0,0,13,0,0
6472,108.34,PAYMENT,523,4,0,0,2,1,0
6473,168.91,PAYMENT,1881,4,0,0,5,0,0
6474,13.73,CASH_OUT,1312,3,0,1,3,0,1
6475,23.82,PAYMENT,2581,3,0,0,17,0,0
6476,274.78,CASH_OUT,2703,2,0,0,11,1,1
6477,418.71,DEBIT,877,5,0,0,5,1,0
6478,59.71,DEBIT,2188,2,1,0,6,0,1
6479,116.28,PAYMENT,1875,9,0,0,11,0,1
6480,199.28,CASH_OUT,1567,7,0,0,19,2,0
6481,296.85,DEBIT,570,7,0,0,3,1,0
6482,19.54,PAYMENT,2861,5,0,0,13,0,0
6483,61.19,TRANSFER,2324,5,0,0,14,1,1
6484,106.42,DEBIT,2684,5,1,1,14,0,1
6485,299.81,PAYMENT,775,1,0,0,2,0,0
6486,1805.21,DEBIT,1448,3,0,0,17,1,0
6487,118.15,TRANSFER,1533,3,0,0,6,1,1
6488,36.34,PAYMENT,1077,2,0,0,3,1,0
6489,221.91,TRANSFER,1725,2,0,0,23,0,1
6490,556.13,PAYMENT,2919,3,0,0,17,0,0
6491,165.34,PAYMENT,723,4,0,0,17,0,0
6492,59.94,TRANSFER,270,3,1,0,5,0,0
6493,386.83,TRANSFER,725,1,0,1,17,0,0
6494,288.17,TRANSFER,1405,5,0,0,14,0,0
6495,53.19,PAYMENT,2932,2,1,0,10,0,0
6496,217.33,CASH_IN,2430,2,0,0,22,0,0
6497,402.33,TRANSFER,123,4,0,0,11,0,0
6498,483.91,CASH_IN,1773,2,0,0,13,0,0
6499,138.87,CASH_IN,82,3,0,0,4,0,0
6500,103.74,PAYMENT,399,1,0,1,13,0,0
6501,506.37,PAYMENT,2687,1,0,0,19,0,0
6502,44.25,DEBIT,1498,1,0,0,6,1,0
6503,230.12,CASH_OUT,2707,3,0,0,14,1,0
6504,37.71,PAYMENT,1882,3,0,0,9,0,0
6505,430.68,CASH_OUT,2435,3,0,0,13,0,0
6506,114.66,PAYMENT,2138,2,0,0,15,0,0
6507,527.73,PAYMENT,1305,5,0,0,1,0,0
6508,242.6,TRANSFER,789,2,0,0,11,0,0
6509,43.68,PAYMENT,805,6,0,0,1,0,0
6510,616.85,DEBIT,595,5,1,0,4,1,1
6511,700.12,CASH_IN,1234,5,0,1,3,0,0
6512,358.63,CASH_OUT,1099,2,1,1,5,0,0
6513,69.3,PAYMENT,1171,1,0,0,3,1,0
6514,109.29,PAYMENT,1596,3,0,0,21,0,0
6515,171.64,PAYMENT,2231,4,0,0,20,0,0
6516,73.43,TRANSFER,2556,5,0,0,6,0,0
6517,806.21,PAYMENT,945,2,0,0,22,0,1
6518,171.46,TRANSFER,307,0,0,0,15,0,1
6519,9.94,TRANSFER,1366,0,1,1,22,3,0
6520,208.38,DEBIT,470,2,1,1,13,0,1
6521,104.78,DEBIT,2693,4,0,0,23,0,1
6522,137.7,TRANSFER,1207,3,1,0,8,0,0
6523,102.66,CASH_OUT,2934,3,0,0,13,0,0
6524,332.64,PAYMENT,1922,2,1,0,17,0,0
6525,454.72,PAYMENT,2232,3,1,0,22,1,1
6526,196.97,DEBIT,1888,4,0,1,9,1,1
6527,105.71,CASH_OUT,1845,1,0,0,0,0,1
6528,142.4,PAYMENT,1590,4,0,0,13,0,0
6529,151.35,TRANSFER,2959,1,0,0,20,0,0
6530,66.52,DEBIT,1831,4,1,0,20,0,1
6531,264.79,PAYMENT,2881,2,0,0,6,0,0
6532,235.11,PAYMENT,1690,7,0,0,15,0,0
6533,692.59,DEBIT,1454,5,0,0,16,0,0
6534,520.79,TRANSFER,2027,4,0,1,7,0,0
6535,74.76,TRANSFER,2391,3,0,0,0,1,1
6536,337.07,PAYMENT,1648,7,0,0,15,2,0
6537,57.34,CASH_IN,623,4,0,0,4,2,1
6538,297.65,CASH_IN,2100,1,0,0,13,0,0
6539,88.53,TRANSFER,677,3,0,0,14,0,0
6540,53.34,PAYMENT,1359,2,0,0,18,0,0
6541,196.38,TRANSFER,1453,1,0,0,8,0,0
6542,10.23,PAYMENT,2678,4,0,0,23,0,0
6543,25.77,PAYMENT,1864,3,0,0,1,0,0
6544,124.28,PAYMENT,910,7,0,1,2,1,1
6545,161.17,PAYMENT,2959,4,0,0,23,0,1
6546,102.58,DEBIT,1264,2,0,1,19,0,1
6547,30.59,PAYMENT,1647,2,0,0,12,0,0
6548,65.5,TRANSFER,2173,1,0,0,7,1,1
6549,219.47,PAYMENT,1611,3,0,0,10,2,0
6550,265.54,CASH_OUT,1486,5,1,0,16,0,0
6551,146.02,PAYMENT,1413,1,0,0,17,0,0
6552,471.93,TRANSFER,2860,2,0,0,20,0,0
6553,220.83,CASH_OUT,1102,3,1,0,10,0,0
6554,70.28,DEBIT,2813,2,0,0,5,0,0
6555,112.11,CASH_OUT,1108,2,0,0,23,0,0
6556,36.49,PAYMENT,880,5,0,0,12,1,0
6557,133.2,PAYMENT,2029,0,0,0,15,1,0
6558,451.29,CASH_OUT,2921,1,0,0,9,0,0
6559,294.5,PAYMENT,552,0,1,0,7,0,1
6560,603.06,TRANSFER,1436,0,0,1,22,0,0
6561,109.63,DEBIT,1429,2,0,0,23,0,0
6562,570.26,CASH_IN,1127,2,0,0,0,0,0
6563,122.33,CASH_IN,848,4,0,0,14,0,0
6564,646.51,CASH_IN,1730,5,0,0,23,1,0
6565,145.2,CASH_OUT,1998,1,1,0,14,0,1
6566,301.04,CASH_OUT,117,3,0,1,18,0,0
6567,648.79,PAYMENT,1808,1,1,1,21,1,0
6568,122.31,DEBIT,385,0,1,0,0,0,1
6569,184.64,PAYMENT,1118,4,0,0,6,0,1
6570,538.54,TRANSFER,2059,5,0,0,5,0,0
6571,129.93,PAYMENT,1326,6,0,0,18,0,0
6572,39.61,PAYMENT,2268,4,1,1,18,1,1
6573,1265.23,TRANSFER,683,3,0,0,0,1,1
6574,92.78,PAYMENT,1427,1,0,0,18,0,0
6575,173.95,TRANSFER,694,3,1,0,12,0,0
6576,471.54,TRANSFER,2457,4,0,0,8,1,1
6577,80.76,TRANSFER,2114,4,0,0,18,1,1
6578,54.17,PAYMENT,768,1,1,0,4,0,0
6579,191.28,TRANSFER,1305,3,1,0,8,1,0
6580,24.7,CASH_IN,40,1,0,0,1,0,0
6581,111.28,PAYMENT,363,2,0,0,20,1,0
6582,189.62,TRANSFER,2496,0,0,0,4,0,0
6583,113.3,TRANSFER,2315,5,0,0,8,0,0
6584,31.71,CASH_IN,910,5,0,0,13,0,0
6585,730.83,CASH_OUT,1473,3,0,0,16,0,0
6586,164.6,PAYMENT,2385,5,0,0,1,0,0
6587,620.89,CASH_IN,610,1,1,1,13,2,1
6588,114.43,CASH_IN,199,4,0,0,18,0,0
6589,61.56,CASH_OUT,1636,7,1,1,19,0,0
6590,194.26,TRANSFER,1554,2,0,0,4,0,0
6591,119.61,CASH_OUT,2671,2,0,0,3,1,0
6592,45.71,TRANSFER,1566,4,0,0,5,0,0
6593,645.34,CASH_OUT,2529,2,0,0,16,0,1
6594,79.66,CASH_IN,551,5,0,0,20,0,0
6595,23.56,CASH_IN,970,4,0,0,18,1,0
6596,560.13,TRANSFER,469,2,0,0,19,0,0
6597,89.63,CASH_IN,2076,3,0,0,4,0,0
6598,80.82,PAYMENT,2224,5,1,0,9,0,1
6599,25.4,PAYMENT,915,2,0,0,10,0,0
6600,846.36,TRANSFER,327,5,0,0,19,0,1
6601,40.88,CASH_OUT,2447,3,0,0,0,0,0
6602,157.35,PAYMENT,2886,2,0,0,0,0,0
6603,369.67,TRANSFER,923,3,0,1,6,0,1
6604,226.27,PAYMENT,689,2,0,0,23,0,0
6605,139.82,CASH_OUT,153,1,0,0,7,0,0
6606,27.07,CASH_IN,277,2,0,0,18,0,0
6607,66.04,CASH_OUT,1515,3,0,0,0,0,1
6608,179.07,PAYMENT,1435,4,0,0,14,0,0
6609,67.55,DEBIT,1159,2,0,0,13,0,0
6610,181.88,CASH_OUT,2959,0,0,0,16,0,0
6611,293.46,CASH_IN,707,2,0,0,12,1,0
6612,388.58,CASH_OUT,1503,2,0,0,22,0,0
6613,43.55,DEBIT,2647,2,0,0,4,0,0
6614,1334.95,CASH_IN,2557,4,0,1,7,0,1
6615,319.73,TRANSFER,2959,0,0,1,6,0,0
6616,148.16,PAYMENT,498,6,0,0,4,0,1
6617,441.22,CASH_OUT,2443,5,0,1,9,0,0
6618,1580.36,TRANSFER,2835,3,0,0,19,0,0
6619,35.21,CASH_OUT,2856,3,0,0,12,0,1
6620,118.48,PAYMENT,955,1,0,0,8,1,0
6621,13.76,TRANSFER,2013,4,0,0,15,0,0
6622,179.95,TRANSFER,1948,2,0,0,13,1,0
6623,213.88,CASH_IN,368,2,0,0,5,0,0
6624,142.71,CASH_OUT,2171,1,1,0,20,1,1
6625,77.13,PAYMENT,384,2,0,0,4,1,0
6626,19.12,PAYMENT,1121,7,0,0,9,0,0
6627,215.62,PAYMENT,2226,3,0,1,19,0,0
6628,636.15,PAYMENT,2082,1,0,0,12,0,0
6629,82.19,PAYMENT,275,0,0,0,1,1,0
6630,230.46,CASH_OUT,1729,1,0,0,14,0,0
6631,30.93,DEBIT,2839,3,0,0,10,1,0
6632,234.44,PAYMENT,1016,4,1,0,13,0,0
6633,100.14,TRANSFER,676,4,1,1,21,0,1
6634,69.24,CASH_OUT,2970,2,0,1,7,1,1
6635,69.38,DEBIT,473,0,0,0,17,0,0
6636,100.12,DEBIT,1237,3,0,0,12,0,0
6637,217.55,PAYMENT,316,4,0,0,10,0,0
6638,39.96,PAYMENT,241,0,0,0,11,1,0
6639,99.77,PAYMENT,1049,1,1,0,0,0,0
6640,142.38,CASH_OUT,2773,2,0,0,12,0,0
6641,49.45,CASH_OUT,2294,2,0,0,5,0,0
6642,894.86,PAYMENT,878,0,0,1,12,1,1
6643,63.21,CASH_IN,2059,4,0,0,11,0,0
6644,75.99,TRANSFER,1538,2,0,0,11,0,0
6645,55.8,DEBIT,364,3,0,0,19,0,0
6646,896.48,PAYMENT,916,6,0,0,17,0,0
6647,257.99,PAYMENT,1727,1,0,0,15,0,0
6648,58.17,PAYMENT,201,2,0,0,18,0,0
6649,448.64,PAYMENT,904,1,0,0,2,0,0
6650,181.4,CASH_OUT,2596,1,1,0,3,1,1
6651,191.95,PAYMENT,1360,5,0,0,22,0,0
6652,105.16,CASH_OUT,2230,7,0,0,16,0,0
6653,70.15,PAYMENT,516,0,0,0,4,0,0
6654,208.05,PAYMENT,1803,2,0,0,20,0,0
6655,86.05,CASH_IN,2057,2,1,0,4,1,0
6656,913.02,DEBIT,440,1,0,1,3,1,0
6657,41.71,TRANSFER,1474,4,0,0,11,0,0
6658,689.63,DEBIT,2388,2,0,0,9,1,0
6659,132.78,CASH_OUT,2564,2,0,0,7,0,0
6660,200.15,TRANSFER,529,6,0,0,9,1,0
6661,341.44,CASH_IN,597,3,0,0,20,0,1
6662,79.02,PAYMENT,2169,4,0,0,22,0,0
6663,352.22,PAYMENT,1727,3,0,0,15,0,0
6664,9.9,CASH_OUT,698,1,0,0,12,0,0
6665,72.24,PAYMENT,2570,3,0,1,11,1,1
6666,58.91,PAYMENT,1741,4,1,0,10,0,0
6667,42.37,PAYMENT,1130,2,1,0,0,0,1
6668,119.71,CASH_OUT,75,6,1,0,10,0,1
6669,218.27,CASH_OUT,2882,5,0,0,1,0,0
6670,299.66,TRANSFER,2836,6,0,0,11,0,0
6671,188.84,CASH_IN,1568,1,0,0,17,0,0
6672,76.27,TRANSFER,1387,4,0,0,2,0,0
6673,214.65,CASH_OUT,2813,1,0,0,2,0,0
6674,168.05,DEBIT,790,1,0,0,13,0,0
6675,378.44,CASH_IN,1268,6,0,0,17,1,0
6676,322.77,TRANSFER,2154,3,0,0,17,0,0
6677,153.01,CASH_OUT,2062,8,0,0,19,0,0
6678,60.51,TRANSFER,1542,5,0,1,18,0,1
6679,77.25,CASH_OUT,1284,3,0,0,7,1,0
6680,85.64,PAYMENT,2127,8,0,0,13,0,0
6681,108.28,TRANSFER,690,5,0,0,5,0,0
6682,194.04,PAYMENT,2184,2,0,0,2,1,0
6683,303.44,PAYMENT,727,1,0,0,4,0,0
6684,141.02,TRANSFER,2575,3,0,0,14,0,0
6685,150.83,CASH_IN,1060,3,0,0,19,0,0
6686,171.28,PAYMENT,854,2,0,0,0,2,0
6687,88.6,PAYMENT,2369,1,0,0,12,1,0
6688,58.83,TRANSFER,1008,2,0,0,4,1,1
6689,25.65,CASH_OUT,1395,3,0,1,22,2,0
6690,74.06,PAYMENT,1333,3,0,0,7,1,1
6691,238.21,PAYMENT,2613,3,0,0,12,2,0
6692,73.49,TRANSFER,341,6,1,0,1,0,0
6693,117.0,CASH_IN,1754,4,0,0,21,0,0
6694,236.61,PAYMENT,2568,2,0,0,0,0,1
6695,249.81,PAYMENT,2154,3,0,0,19,0,0
6696,50.42,CASH_OUT,2201,5,0,0,17,0,0
6697,402.24,PAYMENT,995,2,1,0,3,0,0
6698,458.22,PAYMENT,2361,3,0,0,4,0,0
6699,47.95,TRANSFER,2922,3,1,0,0,0,0
6700,65.12,DEBIT,2559,4,0,0,18,0,0
6701,488.38,PAYMENT,1277,2,0,0,3,0,0
6702,128.14,TRANSFER,1131,2,0,0,4,0,0
6703,16.12,PAYMENT,2685,2,0,0,3,1,0
6704,36.61,CASH_IN,586,7,1,0,8,0,0
6705,115.66,PAYMENT,2146,4,0,0,3,1,1
6706,46.38,TRANSFER,1152,3,0,1,3,0,0
6707,98.16,CASH_IN,2145,5,1,0,23,0,0
6708,153.3,DEBIT,2155,5,0,0,4,1,0
6709,640.5,CASH_OUT,104,4,1,0,19,0,1
6710,111.0,PAYMENT,1904,1,0,0,10,0,0
6711,433.78,TRANSFER,543,4,0,0,20,0,1
6712,619.41,PAYMENT,1023,3,0,1,7,0,0
6713,622.85,CASH_OUT,1952,2,0,1,13,1,1
6714,197.31,CASH_OUT,1140,7,0,0,16,0,0
6715,20.84,CASH_IN,1815,8,0,0,15,0,0
6716,235.29,TRANSFER,795,2,0,0,2,0,0
6717,423.43,CASH_OUT,1630,1,0,0,3,0,1
6718,136.86,DEBIT,1095,7,0,0,15,1,0
6719,849.45,DEBIT,163,4,1,0,5,0,0
6720,350.67,CASH_OUT,2904,3,0,0,0,0,0
6721,261.98,CASH_OUT,2670,4,0,0,4,1,1
6722,439.83,TRANSFER,1929,3,0,0,16,0,0
6723,207.13,PAYMENT,2769,5,0,0,13,1,0
6724,12.27,PAYMENT,2906,2,0,0,4,0,0
6725,90.09,TRANSFER,2061,1,0,0,6,0,0
6726,491.36,PAYMENT,560,2,0,0,20,0,0
6727,66.18,TRANSFER,99,3,0,0,12,0,0
6728,118.69,CASH_OUT,463,5,0,1,14,1,0
6729,52.2,TRANSFER,1242,4,0,0,11,0,0
6730,883.53,PAYMENT,1659,1,0,0,6,0,0
6731,797.51,PAYMENT,2210,0,0,0,2,1,0
6732,61.32,PAYMENT,96,4,0,0,6,0,0
6733,171.97,PAYMENT,2009,4,0,1,22,0,0
6734,75.15,DEBIT,2884,3,0,1,10,2,0
6735,274.5,PAYMENT,2308,1,1,0,13,1,1
6736,247.07,PAYMENT,697,1,0,0,15,1,0
6737,334.19,PAYMENT,179,5,1,0,9,0,0
6738,206.83,CASH_OUT,1162,4,0,0,7,0,0
6739,2794.49,CASH_OUT,1482,5,1,0,13,0,1
6740,53.09,PAYMENT,848,3,0,1,17,1,0
6741,26.83,DEBIT,644,4,0,0,10,0,0
6742,100.17,CASH_IN,1134,5,0,0,17,0,0
6743,30.94,PAYMENT,1671,3,0,0,10,0,0
6744,33.37,TRANSFER,1872,4,0,0,5,0,1
6745,54.53,TRANSFER,569,0,0,0,0,0,0
6746,59.02,PAYMENT,1815,1,0,0,19,2,0
6747,57.13,CASH_IN,2063,1,0,0,13,0,1
6748,249.19,PAYMENT,1851,8,0,0,15,0,0
6749,89.46,TRANSFER,504,2,1,0,4,0,0
6750,124.03,TRANSFER,2331,3,0,0,4,0,1
6751,362.94,TRANSFER,2570,4,0,0,18,1,0
6752,68.97,CASH_IN,2742,3,0,1,0,0,0
6753,113.92,PAYMENT,2648,6,0,0,7,0,0
6754,213.95,PAYMENT,2879,1,0,0,16,1,1
6755,21.29,CASH_OUT,2961,3,0,0,9,0,0
6756,13.67,PAYMENT,1278,3,0,0,6,0,0
6757,209.79,PAYMENT,2507,3,0,0,22,0,0
6758,242.75,TRANSFER,2883,3,0,0,4,1,1
6759,1169.37,PAYMENT,1532,3,0,0,3,1,0
6760,173.83,PAYMENT,2186,3,0,0,20,0,0
6761,336.88,PAYMENT,1426,3,0,1,7,0,0
6762,122.06,PAYMENT,2833,5,1,0,6,0,0
6763,199.78,TRANSFER,307,3,0,0,5,0,0
6764,786.24,PAYMENT,1244,2,0,0,16,0,0
6765,17.74,DEBIT,2744,1,0,0,3,2,0
6766,224.44,PAYMENT,1074,3,0,0,8,0,0
6767,1255.87,CASH_OUT,1728,2,0,0,9,1,1
6768,196.77,CASH_IN,279,2,0,0,2,1,0
6769,773.23,PAYMENT,588,2,1,0,7,0,0
6770,79.11,CASH_OUT,1615,3,0,0,17,0,1
6771,143.73,CASH_IN,1703,0,0,0,2,0,0
6772,153.47,PAYMENT,2361,5,0,0,16,0,0
6773,16.16,DEBIT,773,1,0,1,6,0,0
6774,46.15,PAYMENT,2758,4,1,0,18,0,0
6775,49.56,PAYMENT,1022,6,0,0,2,0,1
6776,337.67,CASH_OUT,1754,1,0,0,4,0,0
6777,355.01,PAYMENT,1616,1,0,0,21,1,0
6778,205.21,CASH_OUT,2597,1,0,0,18,0,0
6779,338.36,CASH_IN,770,5,0,0,22,0,0
6780,125.95,DEBIT,1935,3,0,0,19,0,0
6781,493.7,TRANSFER,2822,3,0,0,19,0,0
6782,149.72,DEBIT,2522,1,0,0,8,0,0
6783,157.25,TRANSFER,446,1,0,0,14,0,0
6784,113.8,PAYMENT,2608,5,0,0,4,0,0
6785,294.26,TRANSFER,2539,4,0,0,12,0,0
6786,97.4,CASH_OUT,1195,5,0,0,9,0,0
6787,394.03,TRANSFER,833,5,1,0,17,0,0
6788,47.84,TRANSFER,2980,7,0,0,15,0,0
6789,49.46,TRANSFER,145,6,0,0,20,0,0
6790,295.13,TRANSFER,1599,3,0,0,21,0,0
6791,135.84,DEBIT,2109,4,0,0,15,0,0
6792,94.26,TRANSFER,327,2,1,1,10,0,1
6793,361.43,PAYMENT,1940,2,0,0,14,0,0
6794,80.86,CASH_OUT,811,4,0,0,12,0,0
6795,121.49,PAYMENT,441,3,0,0,19,0,0
6796,601.38,CASH_IN,655,2,0,0,1,0,0
6797,691.69,PAYMENT,452,3,0,0,18,0,0
6798,715.08,PAYMENT,1147,4,0,1,5,0,1
6799,111.93,PAYMENT,572,4,0,0,11,0,0
6800,508.11,PAYMENT,2229,3,0,0,3,0,0
6801,57.46,CASH_OUT,784,2,0,0,19,0,0
6802,59.93,PAYMENT,2915,3,0,0,3,1,1
6803,14.15,CASH_IN,565,1,0,0,2,0,0
6804,790.66,TRANSFER,2295,4,1,0,20,0,0
6805,62.55,PAYMENT,1407,2,0,0,0,0,0
6806,130.77,CASH_OUT,1153,3,0,0,20,0,1
6807,59.72,CASH_OUT,450,3,0,0,5,0,0
6808,297.43,CASH_OUT,2506,2,0,0,22,0,1
6809,101.94,CASH_OUT,2392,4,0,0,16,0,0
6810,40.25,PAYMENT,344,2,0,0,5,0,0
6811,230.83,CASH_OUT,2167,1,0,0,20,0,0
6812,35.38,PAYMENT,1448,4,0,0,15,0,0
6813,64.24,TRANSFER,2516,2,0,0,11,0,0
6814,18.05,DEBIT,1304,5,0,0,0,1,0
6815,35.73,PAYMENT,1630,5,0,0,4,1,0
6816,177.42,CASH_OUT,1289,2,0,0,8,3,0
6817,20.81,PAYMENT,2647,5,0,0,17,0,0
6818,33.75,PAYMENT,129,4,0,0,21,0,0
6819,148.06,TRANSFER,920,1,1,1,11,0,1
6820,86.18,TRANSFER,841,3,0,0,14,0,1
6821,1087.93,TRANSFER,1027,4,1,0,4,0,0
6822,928.8,PAYMENT,1451,5,0,0,21,0,0
6823,62.31,CASH_IN,274,3,0,0,7,0,1
6824,259.08,PAYMENT,2129,4,0,0,9,1,0
6825,313.97,PAYMENT,2239,6,0,1,7,0,0
6826,81.66,CASH_IN,2199,1,0,1,2,0,0
6827,33.26,DEBIT,1043,2,1,0,7,0,0
6828,146.6,TRANSFER,1833,2,0,0,23,0,0
6829,124.86,CASH_IN,323,3,1,0,12,0,0
6830,95.99,PAYMENT,275,2,0,0,22,0,0
6831,230.98,PAYMENT,1237,8,0,0,20,0,0
6832,70.05,CASH_IN,2423,2,0,0,2,0,0
6833,46.9,DEBIT,1669,3,0,0,2,0,0
6834,165.52,PAYMENT,2678,2,0,0,3,0,0
6835,218.32,PAYMENT,2678,6,0,0,14,0,0
6836,45.76,PAYMENT,2113,5,0,0,10,3,0
6837,375.44,PAYMENT,1069,7,0,0,1,1,1
6838,25.27,CASH_OUT,2283,2,0,0,2,1,0
6839,83.25,TRANSFER,1547,2,0,0,6,0,0
6840,114.66,TRANSFER,2751,1,0,0,5,0,0
6841,78.55,TRANSFER,2958,2,0,0,12,1,0
6842,84.35,CASH_IN,2789,7,1,0,4,1,1
6843,963.98,PAYMENT,1016,1,0,0,18,1,0
6844,63.38,CASH_OUT,2500,4,1,0,16,0,0
6845,1704.83,DEBIT,989,3,1,0,8,0,0
6846,229.78,PAYMENT,2282,2,1,0,1,0,1
6847,162.72,CASH_IN,186,2,0,0,3,1,0
6848,238.95,CASH_OUT,1468,2,0,0,9,0,0
6849,1862.97,PAYMENT,860,1,1,0,20,0,1
6850,54.95,PAYMENT,328,3,0,1,1,0,0
6851,48.4,CASH_OUT,48,4,0,1,10,0,1
6852,69.77,TRANSFER,1552,2,0,0,8,0,0
6853,153.26,TRANSFER,2215,2,0,0,18,1,0
6854,26.42,PAYMENT,729,4,0,0,2,1,0
6855,151.77,CASH_OUT,72,2,0,0,15,0,1
6856,807.18,PAYMENT,2381,3,0,0,3,0,1
6857,172.67,PAYMENT,2373,5,0,0,18,0,0
6858,110.75,PAYMENT,654,3,0,0,5,0,0
6859,79.99,CASH_OUT,2446,2,0,0,11,1,0
6860,364.49,PAYMENT,1182,1,0,1,22,1,0
6861,64.99,PAYMENT,1328,2,0,0,20,1,0
6862,940.49,PAYMENT,405,5,0,0,23,0,0
6863,1025.94,PAYMENT,1141,1,0,0,18,1,1
6864,191.86,PAYMENT,993,3,0,0,21,0,0
6865,146.71,CASH_OUT,2293,8,0,0,2,0,0
6866,415.99,CASH_OUT,1412,2,0,0,5,0,0
6867,443.54,CASH_OUT,881,6,0,0,22,0,0
6868,66.29,TRANSFER,1534,4,0,0,2,0,0
6869,87.66,PAYMENT,1337,3,0,0,12,0,0
6870,39.55,DEBIT,1866,6,0,0,2,0,0
6871,223.42,PAYMENT,512,2,0,0,10,0,0
6872,289.06,CASH_OUT,1077,6,0,0,14,0,0
6873,38.48,DEBIT,1097,3,0,0,13,1,0
6874,94.14,CASH_OUT,2463,1,0,0,11,0,0
6875,38.58,PAYMENT,948,1,1,0,8,0,0
6876,60.41,PAYMENT,2558,5,0,0,2,1,1
6877,257.5,PAYMENT,2155,1,1,0,11,0,0
6878,71.27,CASH_OUT,2395,3,0,0,20,0,0
6879,109.86,CASH_OUT,2220,2,1,0,1,1,0
6880,29.16,CASH_OUT,545,3,0,0,1,0,0
6881,178.93,PAYMENT,1265,4,0,0,6,0,0
6882,141.99,CASH_IN,2077,2,1,0,5,2,1
6883,71.6,CASH_OUT,1947,3,0,0,2,0,0
6884,122.85,PAYMENT,1852,3,0,0,14,0,0
6885,177.74,PAYMENT,1880,7,0,1,17,0,0
6886,65.7,CASH_OUT,1764,1,0,0,2,0,1
6887,33.91,TRANSFER,1566,4,0,0,4,0,0
6888,902.87,PAYMENT,2402,2,0,0,0,1,0
6889,78.79,PAYMENT,1579,5,0,0,1,0,0
6890,134.73,CASH_OUT,1275,2,0,0,17,0,1
6891,407.83,PAYMENT,2563,3,0,0,11,0,1
6892,5059.66,PAYMENT,1844,0,0,0,16,0,1
6893,42.76,CASH_IN,1161,2,0,0,7,0,0
6894,232.72,CASH_OUT,2564,4,0,0,9,0,0
6895,73.15,CASH_OUT,399,3,0,0,19,0,1
6896,86.59,TRANSFER,2707,3,0,0,13,0,0
6897,72.23,TRANSFER,2989,4,0,0,11,1,0
6898,48.15,CASH_OUT,422,1,0,0,17,1,1
6899,142.41,DEBIT,148,1,0,0,7,0,0
6900,33.97,PAYMENT,1803,3,0,0,12,0,1
6901,382.53,PAYMENT,383,2,0,0,13,0,0
6902,156.8,PAYMENT,795,4,1,0,5,0,0
6903,226.43,CASH_OUT,1980,3,0,1,6,1,0
6904,93.11,TRANSFER,1610,2,0,0,20,1,0
6905,102.8,PAYMENT,1691,1,0,0,22,0,0
6906,197.86,PAYMENT,1700,1,0,0,21,0,0
6907,46.34,PAYMENT,1117,3,1,0,11,0,1
6908,103.75,PAYMENT,2335,5,0,0,18,0,0
6909,62.83,DEBIT,1370,2,0,0,15,0,0
6910,60.91,CASH_OUT,2094,5,1,0,17,0,1
6911,18.0,PAYMENT,311,3,0,0,16,0,0
6912,566.41,PAYMENT,2630,2,0,1,0,0,1
6913,74.7,PAYMENT,2519,1,0,0,6,0,1
6914,475.03,CASH_OUT,2443,2,0,0,8,1,1
6915,432.16,TRANSFER,2432,3,0,1,15,0,0
6916,41.02,DEBIT,1466,6,0,0,17,0,0
6917,49.98,CASH_OUT,845,4,0,0,20,0,0
6918,1920.81,TRANSFER,1027,5,0,0,16,0,0
6919,854.85,CASH_IN,261,4,0,0,6,0,0
6920,143.81,CASH_OUT,1514,4,0,0,7,1,0
6921,191.98,PAYMENT,1508,1,0,0,12,0,0
6922,78.98,TRANSFER,418,2,1,0,11,0,0
6923,228.69,TRANSFER,1361,3,1,0,7,0,0
6924,72.44,TRANSFER,1310,7,0,0,3,0,1
6925,19.45,PAYMENT,2451,4,0,0,4,0,0
6926,39.58,PAYMENT,2269,3,0,1,16,0,0
6927,151.58,PAYMENT,1435,0,0,0,14,0,0
6928,47.89,PAYMENT,1917,1,0,0,19,0,0
6929,138.76,DEBIT,2212,4,0,1,0,0,0
6930,50.67,CASH_OUT,208,2,0,0,10,0,0
6931,67.87,CASH_OUT,2299,0,0,0,5,0,0
6932,348.34,TRANSFER,580,7,0,0,16,2,1
6933,190.09,CASH_OUT,2061,4,0,0,6,0,0
6934,146.99,DEBIT,585,2,0,0,6,1,0
6935,357.44,PAYMENT,1366,1,0,0,9,1,0
6936,239.99,CASH_OUT,838,0,0,0,8,0,0
6937,630.53,PAYMENT,1713,3,1,0,22,0,1
6938,93.7,CASH_IN,1587,1,1,0,23,0,0
6939,96.58,CASH_IN,186,2,0,0,23,0,0
6940,40.4,DEBIT,1867,6,0,0,2,1,0
6941,96.64,PAYMENT,1505,1,1,0,6,0,0
6942,389.46,PAYMENT,2080,5,1,0,9,0,0
6943,544.57,PAYMENT,230,2,0,0,22,0,0
6944,387.73,TRANSFER,1376,3,0,0,1,0,0
6945,24.68,TRANSFER,374,3,0,0,18,1,0
6946,438.41,PAYMENT,2493,4,0,0,19,1,1
6947,23.61,CASH_OUT,2174,0,0,0,11,1,0
6948,364.35,PAYMENT,2031,1,0,0,10,1,0
6949,102.74,CASH_IN,650,2,0,1,16,0,0
6950,299.63,PAYMENT,2817,1,0,0,13,0,0
6951,39.16,PAYMENT,1807,2,0,0,16,0,1
6952,478.74,CASH_OUT,2618,2,0,0,7,0,0
6953,34.3,CASH_OUT,1412,0,0,0,18,0,0
6954,76.06,PAYMENT,908,2,0,0,22,0,0
6955,54.7,CASH_IN,1162,0,0,1,17,0,0
6956,25.68,TRANSFER,2600,3,0,1,5,0,0
6957,163.13,CASH_IN,984,4,0,0,2,0,0
6958,903.33,CASH_IN,2172,3,0,0,18,0,0
6959,2136.46,TRANSFER,161,4,0,1,3,0,1
6960,163.56,DEBIT,634,2,0,0,21,0,0
6961,453.36,CASH_IN,595,5,0,1,0,2,1
6962,187.18,DEBIT,1430,3,0,0,12,1,0
6963,244.42,CASH_IN,287,7,0,0,20,0,1
6964,105.41,CASH_IN,2923,2,0,0,2,1,1
6965,180.38,TRANSFER,2381,2,0,0,19,0,0
6966,254.04,PAYMENT,2578,5,0,0,12,0,0
6967,83.22,DEBIT,2657,3,0,0,23,0,0
6968,137.35,CASH_OUT,2267,3,0,0,15,0,0
6969,139.99,PAYMENT,1693,2,1,0,21,1,1
6970,339.14,PAYMENT,1915,1,1,0,17,0,0
6971,51.11,CASH_OUT,368,1,0,0,3,0,0
6972,140.96,TRANSFER,2096,4,0,0,1,1,1
6973,1004.26,PAYMENT,1737,6,0,0,4,0,0
6974,475.35,PAYMENT,2492,2,0,0,17,0,0
6975,572.02,CASH_OUT,2139,2,0,0,6,0,0
6976,152.08,PAYMENT,940,6,0,0,7,2,0
6977,204.59,TRANSFER,2144,4,0,0,11,0,0
6978,404.33,CASH_OUT,752,7,0,0,0,2,0
6979,706.45,CASH_OUT,883,2,0,0,22,0,0
6980,21.08,PAYMENT,204,0,0,0,4,1,0
6981,39.83,PAYMENT,1434,5,1,0,20,0,0
6982,549.74,TRANSFER,548,3,0,0,10,0,0
6983,112.52,CASH_OUT,926,3,0,0,7,0,0
6984,75.81,PAYMENT,262,2,1,0,11,0,0
6985,42.34,PAYMENT,2788,2,0,0,13,0,0
6986,85.2,CASH_IN,563,4,0,1,15,1,0
6987,36.51,DEBIT,2818,6,0,0,0,0,0
6988,1201.22,TRANSFER,854,3,0,0,9,0,0
6989,145.12,PAYMENT,154,4,0,1,4,1,1
6990,140.06,PAYMENT,727,8,0,0,3,0,0
6991,267.22,PAYMENT,1091,3,0,0,2,0,0
6992,388.52,PAYMENT,277,4,0,0,4,0,1
6993,382.18,TRANSFER,2036,0,0,0,17,0,0
6994,434.25,TRANSFER,1949,5,0,0,3,0,0
6995,78.98,PAYMENT,1641,3,0,0,22,0,0
6996,110.18,CASH_IN,170,3,0,0,18,0,0
6997,320.23,CASH_OUT,126,1,0,0,11,0,1
6998,87.59,TRANSFER,1708,4,0,0,6,0,0
6999,147.66,DEBIT,1407,4,0,0,0,1,0
7000,221.13,CASH_OUT,2055,6,0,0,21,1,0
7001,325.44,DEBIT,2552,2,0,0,14,0,1
7002,25.09,PAYMENT,2893,2,1,0,3,0,1
7003,303.31,PAYMENT,1580,1,0,1,20,0,0
7004,117.48,TRANSFER,1920,2,0,0,3,0,1
7005,301.1,TRANSFER,2047,0,0,0,9,1,0
7006,322.77,PAYMENT,837,3,1,0,15,0,0
7007,740.94,CASH_OUT,2875,2,1,0,15,0,1
7008,574.47,PAYMENT,564,0,0,0,22,0,0
7009,570.53,CASH_OUT,2342,4,1,0,22,0,1
7010,628.71,TRANSFER,701,2,0,0,2,2,0
7011,198.62,CASH_OUT,334,2,0,1,8,1,1
7012,153.27,TRANSFER,2506,3,0,0,7,0,0
7013,355.25,DEBIT,813,1,0,0,19,1,0
7014,308.61,PAYMENT,1341,1,0,0,14,0,0
7015,108.95,DEBIT,2870,6,0,1,15,0,0
7016,222.48,PAYMENT,1346,2,1,1,4,0,1
7017,143.29,CASH_OUT,66,0,0,0,14,1,0
7018,63.19,TRANSFER,330,6,0,0,4,0,0
7019,539.4,CASH_IN,165,2,0,0,21,1,0
7020,156.84,CASH_OUT,2565,4,1,0,3,0,1
7021,1151.37,CASH_IN,204,1,1,0,13,2,1
7022,29.21,PAYMENT,2881,3,1,0,17,0,0
7023,85.05,CASH_IN,2707,5,0,0,7,0,0
7024,153.34,PAYMENT,2415,2,0,0,22,0,0
7025,462.84,PAYMENT,2436,4,0,0,4,1,0
7026,221.29,PAYMENT,2334,1,0,0,5,1,0
7027,202.45,TRANSFER,1271,2,0,0,8,0,0
7028,48.07,CASH_OUT,2280,5,0,0,22,0,1
7029,46.67,PAYMENT,2732,4,0,0,21,0,0
7030,204.9,PAYMENT,2332,1,0,0,11,0,0
7031,37.94,CASH_OUT,1401,1,0,0,0,0,0
7032,87.19,DEBIT,160,1,0,0,8,0,0
7033,244.92,CASH_OUT,656,2,0,0,21,0,0
7034,55.57,CASH_OUT,317,5,0,0,6,0,0
7035,739.04,TRANSFER,1820,3,0,1,20,0,0
7036,504.69,CASH_OUT,2737,3,0,1,11,0,0
7037,30.83,DEBIT,2133,0,1,1,1,1,1
7038,58.42,TRANSFER,2077,2,1,1,4,0,1
7039,15.09,TRANSFER,2411,1,0,0,20,0,0
7040,67.86,CASH_IN,1664,1,0,0,12,0,0
7041,319.38,DEBIT,1925,1,0,0,0,0,0
7042,98.11,PAYMENT,2887,3,0,0,15,0,0
7043,235.28,TRANSFER,2918,3,0,0,17,0,0
7044,32.38,CASH_OUT,1625,1,1,0,14,0,0
7045,329.63,TRANSFER,716,6,0,0,7,0,0
7046,85.19,TRANSFER,2741,4,0,0,19,1,0
7047,150.23,CASH_OUT,838,2,0,1,8,1,1
7048,135.25,PAYMENT,33,2,0,0,16,0,0
7049,41.61,PAYMENT,1641,7,0,0,17,0,0
7050,46.85,DEBIT,2512,4,0,0,4,0,0
7051,390.64,CASH_OUT,1013,0,1,0,16,0,0
7052,221.18,CASH_IN,1566,3,1,0,21,0,0
7053,424.13,CASH_IN,811,1,0,0,15,1,0
7054,205.34,CASH_OUT,1447,5,0,0,4,3,1
7055,171.23,CASH_IN,1217,2,0,0,19,0,0
7056,26.42,PAYMENT,1863,4,0,0,11,1,0
7057,113.25,CASH_OUT,1024,4,0,0,1,1,0
7058,144.4,TRANSFER,1431,5,1,0,4,1,1
7059,1046.4,CASH_OUT,2125,1,0,0,11,1,0
7060,294.99,PAYMENT,1583,4,0,0,8,0,0
7061,689.57,PAYMENT,2678,2,0,0,15,0,0
7062,269.76,PAYMENT,1385,5,0,0,23,0,1
7063,72.87,CASH_OUT,2905,3,0,0,16,0,0
7064,166.85,DEBIT,2770,3,0,0,15,0,0
7065,187.96,DEBIT,1062,3,0,0,7,0,0
7066,58.02,PAYMENT,2229,1,1,0,22,0,0
7067,101.05,PAYMENT,689,1,0,0,19,0,0
7068,120.81,PAYMENT,1527,5,1,0,9,1,0
7069,739.24,PAYMENT,994,1,0,0,14,0,0
7070,18.53,CASH_IN,2104,1,0,0,19,0,0
7071,495.62,DEBIT,1017,2,0,0,12,2,0
7072,58.16,PAYMENT,642,5,0,0,11,0,0
7073,37.63,PAYMENT,2160,3,0,1,12,0,0
7074,482.96,PAYMENT,1907,4,0,0,23,0,0
7075,308.55,PAYMENT,1306,3,0,0,15,0,0
7076,520.36,CASH_IN,2174,1,0,0,10,0,0
7077,330.53,CASH_OUT,900,6,0,0,19,1,0
7078,1164.26,CASH_OUT,1506,0,0,0,10,0,0
7079,259.49,TRANSFER,258,6,0,0,2,0,0
7080,126.92,PAYMENT,1048,2,0,0,9,0,0
7081,209.12,PAYMENT,1250,3,0,0,1,0,0
7082,514.64,PAYMENT,1224,2,1,0,8,1,0
7083,68.08,CASH_OUT,2909,2,0,0,15,0,0
7084,77.33,CASH_IN,1956,3,0,1,22,1,0
7085,108.97,CASH_OUT,2591,3,0,0,21,0,0
7086,18.09,PAYMENT,2574,0,0,0,13,0,0
7087,170.39,CASH_OUT,2536,0,0,0,23,0,1
7088,22.51,PAYMENT,1668,1,0,0,1,0,0
7089,156.5,PAYMENT,806,2,0,1,9,1,1
7090,352.58,TRANSFER,1576,4,0,1,4,1,1
7091,92.12,TRANSFER,1433,4,0,0,1,0,0
7092,794.03,CASH_IN,1641,3,0,0,0,0,0
7093,34.45,CASH_OUT,1041,4,0,0,12,0,0
7094,488.46,PAYMENT,83,1,0,0,14,0,0
7095,291.53,PAYMENT,2408,2,0,0,15,1,1
7096,26.68,PAYMENT,2174,3,0,1,8,0,0
7097,2232.31,PAYMENT,534,1,0,0,20,1,0
7098,139.25,PAYMENT,177,5,0,0,5,1,1
7099,61.71,CASH_OUT,546,1,0,0,1,0,0
7100,36.34,PAYMENT,2357,4,1,1,17,0,1
7101,119.1,CASH_IN,445,2,1,0,7,0,0
7102,130.66,TRANSFER,2067,2,1,0,6,0,0
7103,164.46,PAYMENT,585,2,1,0,12,0,1
7104,110.19,TRANSFER,235,0,1,0,11,0,1
7105,279.56,CASH_OUT,1968,2,0,0,20,0,0
7106,100.72,TRANSFER,1031,1,0,0,22,0,1
7107,21.44,PAYMENT,147,3,0,0,11,0,1
7108,127.82,DEBIT,2557,1,0,0,4,0,0
7109,13.91,PAYMENT,2930,3,0,0,7,1,0
7110,211.4,DEBIT,1424,2,1,0,5,1,0
7111,55.74,PAYMENT,2305,3,1,0,21,0,0
7112,174.75,CASH_OUT,1334,4,0,0,4,0,0
7113,552.29,TRANSFER,1488,1,0,0,22,0,0
7114,57.47,TRANSFER,1170,5,0,0,9,1,0
7115,428.91,PAYMENT,2731,3,0,0,5,0,0
7116,96.22,PAYMENT,1637,2,0,0,12,0,0
7117,856.79,CASH_OUT,570,5,0,0,1,0,1
7118,103.01,CASH_IN,1078,6,1,0,7,0,0
7119,64.04,TRANSFER,2164,2,0,0,7,0,0
7120,295.08,PAYMENT,1240,2,1,0,19,0,0
7121,95.99,PAYMENT,2689,4,0,0,16,0,0
7122,63.98,CASH_OUT,1449,3,0,0,1,0,1
7123,92.03,PAYMENT,2255,3,1,0,10,0,0
7124,141.94,PAYMENT,2217,4,0,0,9,0,0
7125,568.03,CASH_OUT,1135,4,0,0,11,0,0
7126,21.45,TRANSFER,1921,1,0,0,23,1,1
7127,151.88,PAYMENT,461,7,0,0,0,0,0
7128,277.25,PAYMENT,560,1,1,0,18,1,1
7129,180.09,CASH_OUT,397,1,0,1,20,0,0
7130,549.97,PAYMENT,796,4,1,1,10,1,0
7131,137.78,CASH_IN,2130,2,0,0,23,0,0
7132,123.4,PAYMENT,576,3,0,0,7,1,0
7133,268.36,PAYMENT,696,1,0,0,18,0,0
7134,163.91,CASH_OUT,2026,4,0,0,5,0,0
7135,100.44,TRANSFER,771,3,0,0,9,0,0
7136,248.67,PAYMENT,1104,2,0,0,4,1,0
7137,77.28,TRANSFER,2992,5,0,0,14,0,0
7138,80.55,PAYMENT,2120,2,1,0,21,0,0
7139,87.53,CASH_OUT,1600,6,0,0,17,0,0
7140,574.25,PAYMENT,2604,4,0,0,21,1,0
7141,5.92,CASH_OUT,2733,4,1,0,2,0,0
7142,220.43,CASH_OUT,896,3,0,0,0,0,0
7143,153.59,CASH_OUT,1122,3,0,0,17,0,0
7144,27.64,CASH_OUT,2162,2,0,0,18,0,0
7145,202.29,CASH_OUT,1222,2,0,0,15,1,0
7146,238.83,TRANSFER,1758,1,0,0,16,0,0
7147,267.64,PAYMENT,2107,1,0,0,19,1,0
7148,10.47,PAYMENT,1200,3,0,0,3,2,0
7149,581.95,CASH_OUT,117,4,0,0,9,0,0
7150,70.97,CASH_OUT,857,4,1,0,2,0,0
7151,294.88,PAYMENT,620,3,0,0,17,0,0
7152,311.4,CASH_IN,2254,4,1,0,23,0,0
7153,61.76,TRANSFER,811,3,0,0,21,0,0
7154,287.28,TRANSFER,1267,7,0,0,6,0,1
7155,100.94,PAYMENT,1829,5,0,0,11,1,1
7156,18.7,PAYMENT,2765,3,0,0,22,0,0
7157,477.11,CASH_OUT,2067,4,0,0,5,0,0
7158,68.37,PAYMENT,2669,2,0,0,11,1,0
7159,63.15,TRANSFER,779,4,0,0,2,0,1
7160,99.18,DEBIT,1646,2,0,0,7,2,0
7161,194.85,CASH_OUT,838,4,0,0,15,0,0
7162,140.15,TRANSFER,832,5,0,1,17,0,0
7163,256.74,TRANSFER,2525,1,0,0,19,1,0
7164,38.88,PAYMENT,1234,2,0,0,7,0,0
7165,70.64,DEBIT,2131,3,0,0,22,0,0
7166,132.16,DEBIT,194,2,0,0,22,0,0
7167,990.18,CASH_OUT,2513,3,0,0,5,0,0
7168,132.45,PAYMENT,1886,4,0,0,11,1,1
7169,439.32,PAYMENT,2030,2,0,0,6,0,0
7170,154.25,PAYMENT,1189,5,0,0,18,0,0
7171,91.5,TRANSFER,506,5,0,0,16,0,0
7172,115.96,PAYMENT,2801,4,1,0,6,0,0
7173,125.41,CASH_OUT,2830,4,0,0,7,0,1
7174,271.41,TRANSFER,1167,2,0,0,22,0,0
7175,586.76,PAYMENT,386,2,1,0,1,0,1
7176,212.66,CASH_OUT,2500,4,1,0,4,0,0
7177,486.42,PAYMENT,2394,1,0,0,1,0,0
7178,56.55,CASH_IN,1762,2,0,0,23,0,0
7179,98.04,PAYMENT,1240,5,0,0,22,0,0
7180,71.93,PAYMENT,2780,2,1,0,4,0,0
7181,203.25,PAYMENT,1828,3,0,0,14,1,1
7182,103.65,DEBIT,576,1,0,0,0,0,0
7183,307.9,CASH_OUT,888,6,0,0,3,1,0
7184,58.5,TRANSFER,71,1,0,0,14,0,0
7185,154.94,PAYMENT,1778,1,0,1,8,0,0
7186,294.97,CASH_OUT,1141,3,0,0,9,0,0
7187,18.82,PAYMENT,2371,2,0,0,19,1,0
7188,1238.47,DEBIT,2847,3,0,0,7,0,0
7189,111.82,DEBIT,1590,2,0,0,18,0,0
7190,19.59,CASH_OUT,1347,2,0,0,20,0,0
7191,173.83,DEBIT,2136,2,0,0,20,0,0
7192,153.46,PAYMENT,1519,4,0,1,7,0,0
7193,136.74,PAYMENT,2596,8,0,0,0,0,0
7194,399.89,PAYMENT,225,0,0,0,0,1,0
7195,313.39,PAYMENT,2953,4,0,0,20,0,0
7196,199.91,DEBIT,1797,6,0,0,7,0,0
7197,232.79,PAYMENT,1350,0,0,0,6,0,0
7198,133.71,CASH_IN,464,5,0,0,19,0,1
7199,876.11,CASH_OUT,1785,2,0,0,14,0,0
7200,33.81,PAYMENT,2939,2,0,1,12,0,1
7201,170.66,PAYMENT,1345,6,1,0,18,0,0
7202,158.38,PAYMENT,877,5,0,0,2,0,0
7203,334.72,PAYMENT,510,3,1,0,14,0,0
7204,63.83,TRANSFER,1842,4,0,0,6,2,0
7205,25.95,TRANSFER,312,1,0,0,13,0,0
7206,173.61,TRANSFER,626,2,1,0,11,0,1
7207,196.61,CASH_OUT,2296,1,0,0,1,0,0
7208,658.26,PAYMENT,1021,1,0,0,22,0,0
7209,41.66,PAYMENT,2978,5,0,0,21,0,0
7210,470.92,CASH_IN,1938,7,0,0,1,1,0
7211,1583.53,PAYMENT,2035,3,0,0,21,1,1
7212,101.72,PAYMENT,856,3,1,0,9,0,0
7213,40.82,CASH_OUT,1895,2,0,1,23,0,0
7214,98.79,DEBIT,319,5,0,0,16,0,0
7215,150.51,DEBIT,593,2,0,0,17,2,0
7216,260.81,PAYMENT,531,3,0,0,17,1,1
7217,82.15,TRANSFER,2467,3,0,0,4,0,0
7218,702.89,PAYMENT,683,5,0,1,17,0,1
7219,48.69,DEBIT,1110,2,1,0,15,0,0
7220,26.07,PAYMENT,1685,7,0,0,16,0,0
7221,448.86,PAYMENT,496,1,1,0,22,0,0
7222,15.26,CASH_IN,829,2,0,0,23,0,1
7223,121.01,DEBIT,2203,3,0,0,6,0,0
7224,3353.24,CASH_OUT,1778,4,0,0,19,0,1
7225,146.64,PAYMENT,2057,0,0,0,8,0,0
7226,48.39,TRANSFER,2930,4,0,0,20,0,0
7227,140.13,CASH_IN,1997,5,0,0,19,1,0
7228,141.06,TRANSFER,1900,4,0,0,2,0,1
7229,174.28,PAYMENT,1960,2,0,0,6,0,1
7230,287.8,PAYMENT,2690,3,1,0,18,0,0
7231,52.5,CASH_IN,2491,3,0,0,17,0,0
7232,802.35,TRANSFER,2393,3,0,0,8,2,0
7233,189.64,CASH_OUT,2223,2,0,0,6,0,0
7234,306.98,PAYMENT,2041,2,0,0,16,0,0
7235,79.19,TRANSFER,2282,1,0,0,10,1,0
7236,537.21,DEBIT,2056,2,0,0,4,0,0
7237,114.77,PAYMENT,487,4,0,0,16,0,0
7238,195.89,CASH_OUT,2764,1,0,0,8,0,0
7239,58.38,PAYMENT,1284,6,0,0,22,0,0
7240,54.77,PAYMENT,1321,3,0,1,16,0,0
7241,295.36,CASH_OUT,975,2,0,1,0,0,1
7242,95.24,CASH_IN,1816,2,0,0,8,1,0
7243,63.19,CASH_OUT,518,2,0,0,13,0,0
7244,78.01,PAYMENT,2701,3,0,0,5,0,0
7245,298.55,PAYMENT,69,2,0,0,9,0,0
7246,79.12,DEBIT,759,4,0,0,7,0,0
7247,131.94,PAYMENT,777,3,0,0,7,0,1
7248,150.66,CASH_IN,2352,4,0,0,19,0,0
7249,21.82,PAYMENT,1652,2,0,0,11,0,1
7250,34.09,DEBIT,2829,1,0,0,12,1,0
7251,207.74,DEBIT,385,3,0,0,1,0,0
7252,71.02,PAYMENT,2232,3,0,0,3,0,0
7253,426.97,CASH_OUT,2769,2,1,0,2,0,1
7254,390.26,PAYMENT,1645,4,0,0,7,2,1
7255,304.65,PAYMENT,2840,4,0,1,3,0,0
7256,915.78,TRANSFER,2132,2,0,1,21,3,1
7257,136.58,TRANSFER,745,2,0,0,7,0,0
7258,283.97,PAYMENT,700,2,0,0,2,0,0
7259,82.73,TRANSFER,1192,1,0,0,0,0,0
7260,1723.94,PAYMENT,430,2,0,1,21,1,1
7261,1078.83,PAYMENT,259,4,0,0,6,0,0
7262,150.19,TRANSFER,96,5,0,1,12,0,0
7263,218.46,TRANSFER,1151,6,1,0,14,0,0
7264,577.84,CASH_OUT,2191,1,0,0,23,0,0
7265,128.11,CASH_OUT,2493,2,1,0,9,0,0
7266,76.97,CASH_IN,2037,1,1,0,16,0,0
7267,355.67,TRANSFER,1066,2,0,0,8,1,0
7268,160.52,PAYMENT,1712,1,0,0,11,0,0
7269,178.22,CASH_OUT,2002,6,0,0,19,0,0
7270,64.44,CASH_OUT,1476,5,0,0,0,0,1
7271,26.64,TRANSFER,1549,2,1,1,22,0,0
7272,187.94,CASH_OUT,244,2,0,0,11,1,0
7273,366.85,PAYMENT,1197,1,1,1,8,0,0
7274,118.41,PAYMENT,2567,4,0,0,3,0,0
7275,624.17,CASH_OUT,932,4,0,0,8,2,0
7276,73.41,PAYMENT,369,7,0,0,16,1,1
7277,51.69,TRANSFER,141,5,0,1,10,0,0
7278,138.76,TRANSFER,1031,6,0,0,4,1,1
7279,136.65,TRANSFER,411,2,0,0,0,0,0
7280,320.53,TRANSFER,1131,4,0,0,18,0,0
7281,68.38,PAYMENT,115,0,0,0,19,0,0
7282,582.95,DEBIT,390,2,0,0,12,1,0
7283,1060.95,CASH_OUT,513,2,0,0,4,0,0
7284,142.72,TRANSFER,503,1,0,0,18,0,0
7285,517.86,PAYMENT,910,2,0,0,18,1,0
7286,51.6,PAYMENT,1377,2,0,1,12,0,0
7287,434.95,CASH_OUT,197,4,0,0,19,1,0
7288,422.96,PAYMENT,2982,4,0,0,22,1,1
7289,351.93,PAYMENT,1325,2,1,0,6,0,0
7290,146.12,PAYMENT,1765,3,0,0,22,0,0
7291,7.73,TRANSFER,396,2,0,0,4,0,0
7292,78.12,CASH_OUT,1578,2,0,0,9,1,0
7293,79.37,CASH_OUT,2027,2,0,0,8,0,0
7294,55.8,CASH_IN,601,2,1,0,20,1,1
7295,167.71,PAYMENT,876,5,0,1,5,0,0
7296,97.62,CASH_OUT,2982,1,0,0,5,1,0
7297,65.07,PAYMENT,917,1,1,1,18,1,1
7298,51.48,TRANSFER,1946,4,0,0,11,0,0
7299,72.57,TRANSFER,2441,1,0,1,13,0,0
7300,455.55,PAYMENT,1341,2,0,0,14,0,0
7301,76.63,PAYMENT,2230,2,0,0,1,1,1
7302,88.68,CASH_IN,198,4,0,0,16,0,0
7303,94.0,PAYMENT,1847,2,0,0,22,0,0
7304,208.3,TRANSFER,954,4,0,0,17,0,0
7305,234.22,DEBIT,2973,1,0,0,3,1,1
7306,7.07,TRANSFER,1391,1,0,0,2,0,0
7307,412.25,CASH_OUT,2113,1,0,0,15,1,0
7308,624.14,CASH_IN,2801,4,0,0,8,0,0
7309,51.93,PAYMENT,1393,4,0,0,4,1,1
7310,56.13,PAYMENT,2136,4,0,0,20,0,0
7311,94.61,CASH_OUT,1544,3,0,0,8,0,1
7312,69.69,CASH_OUT,1792,4,0,0,17,0,0
7313,185.66,PAYMENT,1213,4,0,0,6,1,0
7314,21.19,PAYMENT,2887,4,0,1,12,0,0
7315,48.52,PAYMENT,2406,4,0,0,10,0,0
7316,691.73,CASH_IN,2635,4,0,0,12,0,0
7317,58.66,TRANSFER,1421,0,0,0,17,1,0
7318,514.62,DEBIT,1016,1,0,0,11,0,0
7319,211.74,DEBIT,373,2,0,0,15,0,0
7320,24.31,CASH_OUT,1999,1,0,0,13,0,0
7321,280.15,CASH_OUT,664,2,0,0,4,0,0
7322,131.94,PAYMENT,1267,6,0,0,9,0,0
7323,94.12,PAYMENT,193,2,0,1,14,1,0
7324,189.61,TRANSFER,311,5,0,0,14,2,0
7325,238.56,PAYMENT,2207,1,0,0,9,0,0
7326,301.14,PAYMENT,1415,3,1,0,5,0,0
7327,482.15,CASH_OUT,2953,2,1,0,10,0,1
7328,223.22,TRANSFER,2340,5,0,0,4,1,1
7329,37.5,CASH_OUT,1208,1,0,0,21,0,0
7330,92.42,PAYMENT,1389,5,0,0,20,0,0
7331,2815.93,PAYMENT,1358,1,0,0,17,0,1
7332,306.28,TRANSFER,2123,3,1,1,11,1,0
7333,1586.5,DEBIT,1301,4,0,0,4,0,1
7334,599.1,CASH_IN,2810,3,1,0,13,0,0
7335,189.01,PAYMENT,1266,6,0,1,17,0,0
7336,200.62,PAYMENT,1463,2,0,0,3,0,0
7337,143.08,DEBIT,2031,5,0,0,17,0,0
7338,26.11,PAYMENT,1886,3,0,0,22,1,1
7339,151.12,PAYMENT,1562,5,0,0,9,1,0
7340,498.04,PAYMENT,2079,6,0,0,23,0,0
7341,81.48,TRANSFER,2795,2,0,0,18,0,0
7342,224.07,TRANSFER,771,1,0,0,13,0,0
7343,347.79,PAYMENT,1900,3,0,0,8,1,0
7344,59.76,CASH_OUT,1757,3,0,0,6,0,0
7345,94.51,PAYMENT,1373,2,0,0,0,0,0
7346,53.63,CASH_OUT,897,3,0,0,7,0,0
7347,65.22,TRANSFER,2330,1,0,0,0,1,1
7348,40.95,TRANSFER,1525,0,0,0,11,0,0
7349,60.31,PAYMENT,2905,2,0,0,19,1,0
7350,613.67,CASH_OUT,118,5,0,0,11,0,0
7351,59.41,TRANSFER,1958,2,0,0,14,0,0
7352,168.42,TRANSFER,1068,3,0,0,22,0,0
7353,89.76,TRANSFER,1827,2,0,0,21,0,0
7354,482.44,CASH_OUT,1480,2,0,0,21,1,0
7355,550.68,PAYMENT,1897,4,0,1,8,0,0
7356,352.15,PAYMENT,2769,4,0,0,20,1,0
7357,201.57,PAYMENT,1001,2,0,0,4,0,0
7358,117.79,CASH_OUT,647,4,0,0,3,0,0
7359,45.07,TRANSFER,1472,2,0,0,9,0,0
7360,1036.42,CASH_OUT,1463,3,0,0,12,0,1
7361,69.43,CASH_OUT,1713,5,1,0,21,0,1
7362,288.2,CASH_IN,1014,3,0,0,5,0,0
7363,428.19,PAYMENT,498,4,0,0,12,0,0
7364,85.18,PAYMENT,670,0,0,0,7,0,0
7365,419.06,CASH_IN,466,8,1,0,21,0,0
7366,318.69,PAYMENT,234,1,1,0,11,0,0
7367,835.44,TRANSFER,1083,2,0,0,11,0,0
7368,92.82,PAYMENT,985,1,1,0,23,0,0
7369,41.02,DEBIT,551,2,0,1,19,1,0
7370,89.52,TRANSFER,1715,3,0,0,17,0,1
7371,182.88,PAYMENT,314,4,0,0,23,0,0
7372,157.31,CASH_OUT,866,3,1,0,22,0,0
7373,100.14,PAYMENT,1445,2,0,0,10,1,0
7374,21.99,DEBIT,2514,4,0,0,21,0,0
7375,237.57,PAYMENT,1192,0,0,0,7,0,0
7376,1066.72,CASH_OUT,2743,6,0,0,22,1,0
7377,236.1,PAYMENT,688,3,1,0,11,1,0
7378,272.91,CASH_IN,2992,5,1,0,0,0,0
7379,263.08,CASH_IN,1467,1,0,0,7,0,0
7380,220.75,CASH_OUT,1601,2,0,0,20,0,0
7381,376.78,CASH_IN,806,2,1,0,2,0,0
7382,220.38,PAYMENT,676,1,0,0,20,0,0
7383,108.56,DEBIT,2607,1,0,1,13,0,0
7384,66.95,CASH_OUT,2214,0,1,0,9,0,0
7385,115.7,CASH_IN,419,1,0,1,3,0,0
7386,203.19,CASH_OUT,2275,1,0,0,1,0,1
7387,108.19,PAYMENT,586,1,0,0,16,1,0
7388,203.23,CASH_OUT,2483,3,0,0,1,0,0
7389,230.25,PAYMENT,2030,2,0,0,15,0,0
7390,341.44,CASH_OUT,2534,3,0,0,0,0,0
7391,535.28,TRANSFER,1140,5,1,0,8,2,1
7392,160.45,PAYMENT,2076,2,0,0,3,1,1
7393,40.13,DEBIT,1262,2,0,0,6,2,0
7394,105.1,DEBIT,253,3,0,0,13,0,0
7395,155.1,CASH_IN,1306,5,0,0,2,0,0
7396,23.67,CASH_OUT,1430,3,0,0,21,1,0
7397,595.06,CASH_OUT,2221,3,1,0,22,0,0
7398,171.12,CASH_OUT,159,2,0,0,15,0,1
7399,217.32,PAYMENT,2065,1,0,0,0,1,1
7400,581.45,DEBIT,1504,2,0,1,11,0,0
7401,79.03,CASH_IN,1744,1,1,0,8,0,0
7402,263.5,CASH_OUT,1797,2,0,0,4,0,1
7403,132.97,DEBIT,1486,3,0,1,21,0,0
7404,123.46,TRANSFER,568,2,0,1,14,0,0
7405,68.57,TRANSFER,2500,5,0,0,17,0,0
7406,784.94,DEBIT,1382,3,0,0,0,0,0
7407,101.95,TRANSFER,961,5,0,0,10,0,0
7408,298.71,CASH_OUT,1575,2,0,0,23,0,0
7409,22.76,PAYMENT,1914,1,0,0,8,0,0
7410,482.99,CASH_OUT,2977,3,0,0,2,0,0
7411,425.05,CASH_OUT,114,2,1,0,7,1,0
7412,163.6,CASH_OUT,898,2,1,0,3,0,0
7413,118.28,TRANSFER,2079,2,1,0,18,1,0
7414,221.41,PAYMENT,236,3,0,1,2,0,0
7415,1463.8,CASH_OUT,441,8,0,0,17,0,0
7416,25.45,DEBIT,2678,7,0,0,10,0,0
7417,324.42,PAYMENT,150,0,1,0,11,0,1
7418,59.64,PAYMENT,1510,3,0,0,12,0,1
7419,145.49,PAYMENT,1595,8,0,0,11,0,1
7420,115.83,DEBIT,38,3,0,0,5,0,0
7421,96.71,CASH_OUT,341,5,0,0,6,0,0
7422,146.87,DEBIT,2901,4,0,0,20,0,0
7423,47.74,TRANSFER,858,2,0,0,23,0,0
7424,415.37,TRANSFER,529,4,0,0,0,1,0
7425,24.68,CASH_OUT,2986,3,0,0,21,1,0
7426,254.62,PAYMENT,1963,3,0,0,13,1,1
7427,107.07,PAYMENT,2727,3,0,1,23,0,0
7428,46.02,TRANSFER,174,4,0,0,0,0,0
7429,181.7,PAYMENT,430,1,0,0,14,0,0
7430,31.28,PAYMENT,715,3,0,0,21,0,0
7431,154.43,PAYMENT,1614,0,0,1,16,1,0
7432,35.77,PAYMENT,784,3,1,0,6,0,0
7433,235.4,PAYMENT,512,5,1,0,23,0,1
7434,58.89,CASH_OUT,2177,1,0,0,9,1,0
7435,94.54,PAYMENT,1256,1,0,0,14,0,0
7436,199.13,PAYMENT,2682,2,0,0,13,0,0
7437,68.54,PAYMENT,2826,0,1,0,9,0,0
7438,140.06,TRANSFER,815,3,0,0,15,1,0
7439,32.66,CASH_OUT,2024,2,0,0,2,0,0
7440,278.91,CASH_IN,2344,4,0,1,16,0,0
7441,866.89,CASH_IN,535,4,0,1,18,0,0
7442,2421.66,PAYMENT,2327,2,1,0,17,0,0
7443,162.58,PAYMENT,468,3,0,0,13,0,0
7444,326.43,PAYMENT,1791,2,0,0,13,0,0
7445,25.01,DEBIT,416,2,0,0,8,0,0
7446,666.96,CASH_OUT,1515,3,0,0,15,0,0
7447,322.54,PAYMENT,2573,3,0,0,17,0,0
7448,91.48,PAYMENT,645,5,0,0,10,1,0
7449,511.41,TRANSFER,685,2,0,0,9,2,0
7450,115.07,PAYMENT,2049,3,0,0,12,1,1
7451,93.88,CASH_IN,166,0,0,1,7,0,0
7452,238.73,TRANSFER,2657,2,0,1,15,0,0
7453,51.25,CASH_OUT,202,1,0,0,11,0,0
7454,412.25,TRANSFER,2079,2,0,0,5,0,0
7455,51.63,PAYMENT,1172,2,0,0,19,0,0
7456,51.93,TRANSFER,886,2,0,0,7,1,0
7457,59.76,CASH_OUT,527,3,0,0,4,1,1
7458,317.19,PAYMENT,1173,3,0,0,8,0,0
7459,80.1,TRANSFER,2867,2,0,0,14,1,0
7460,38.55,CASH_IN,178,3,0,0,7,0,0
7461,80.99,PAYMENT,2919,2,0,0,5,2,0
7462,143.73,TRANSFER,884,3,0,0,1,0,0
7463,45.56,PAYMENT,2296,5,0,0,23,0,0
7464,46.91,CASH_OUT,2260,2,0,0,13,0,0
7465,1225.74,PAYMENT,2593,1,0,0,9,2,1
7466,62.77,CASH_OUT,599,1,0,0,10,0,0
7467,107.44,PAYMENT,227,0,0,0,7,0,0
7468,102.8,PAYMENT,1496,5,0,0,22,0,0
7469,97.38,CASH_OUT,2535,2,0,1,11,0,0
7470,276.26,CASH_OUT,2190,2,0,0,10,0,0
7471,383.04,CASH_IN,2786,2,0,0,10,1,0
7472,109.29,TRANSFER,1282,4,1,0,2,0,0
7473,43.1,TRANSFER,2437,5,0,0,9,0,0
7474,530.83,CASH_OUT,1438,4,0,0,8,0,1
7475,134.92,PAYMENT,1494,4,0,0,2,0,0
7476,837.42,PAYMENT,741,3,0,0,11,0,0
7477,15.71,PAYMENT,1074,6,1,0,7,1,0
7478,180.44,PAYMENT,956,1,0,0,5,0,0
7479,1010.91,PAYMENT,204,2,0,0,13,0,0
7480,104.24,DEBIT,308,1,0,0,2,1,0
7481,118.45,CASH_IN,237,4,0,0,2,0,1
7482,199.44,DEBIT,1656,3,0,0,10,2,0
7483,84.88,DEBIT,804,3,0,0,12,1,0
7484,108.63,TRANSFER,1437,2,0,0,21,0,0
7485,105.87,PAYMENT,2382,0,1,0,13,0,1
7486,79.25,TRANSFER,2805,5,0,0,23,0,0
7487,507.18,CASH_IN,1021,5,0,0,2,1,1
7488,235.35,TRANSFER,1818,6,1,0,0,0,1
7489,190.69,TRANSFER,2108,5,0,0,8,1,0
7490,333.14,PAYMENT,154,4,0,0,17,1,1
7491,113.94,TRANSFER,460,1,0,0,7,0,0
7492,68.43,PAYMENT,890,5,1,0,22,1,0
7493,81.24,PAYMENT,737,3,0,0,0,1,1
7494,148.68,CASH_IN,1344,4,0,0,3,1,0
7495,51.46,PAYMENT,488,2,0,0,20,0,0
7496,89.99,DEBIT,1087,1,0,0,15,0,0
7497,88.58,PAYMENT,2820,3,0,0,10,1,0
7498,1242.1,DEBIT,370,1,0,0,15,0,0
7499,9.26,TRANSFER,2916,7,0,0,22,0,0
7500,124.01,CASH_OUT,1390,2,0,0,7,0,0
7501,833.55,PAYMENT,1199,5,1,0,5,0,0
7502,167.64,CASH_OUT,1603,2,0,0,4,1,1
7503,315.27,CASH_IN,349,5,0,0,9,2,0
7504,163.99,PAYMENT,403,3,0,0,10,0,0
7505,76.15,PAYMENT,400,2,0,0,10,0,0
7506,15.77,PAYMENT,1838,6,0,0,3,0,0
7507,182.26,PAYMENT,2493,5,0,0,6,0,0
7508,68.33,PAYMENT,1168,6,0,0,1,0,0
7509,66.66,CASH_OUT,2161,2,0,0,19,0,0
7510,90.11,PAYMENT,1646,3,1,0,13,0,1
7511,849.68,CASH_OUT,612,3,0,0,22,0,0
7512,1643.92,CASH_IN,912,4,0,0,17,0,0
7513,184.42,CASH_OUT,1109,2,0,0,0,1,0
7514,93.25,PAYMENT,900,5,1,0,16,1,0
7515,45.73,TRANSFER,329,4,0,0,21,0,0
7516,237.11,PAYMENT,2299,4,0,0,21,0,0
7517,882.63,PAYMENT,963,2,0,0,21,1,0
7518,115.89,PAYMENT,262,1,0,0,1,0,0
7519,13.75,DEBIT,2255,2,0,0,7,0,0
7520,290.05,CASH_OUT,103,3,1,0,21,0,0
7521,397.58,PAYMENT,2966,7,0,0,0,0,0
7522,30.39,TRANSFER,1399,6,1,0,15,0,1
7523,177.06,PAYMENT,82,5,0,0,23,1,1
7524,233.04,DEBIT,1485,2,0,0,13,0,0
7525,137.95,DEBIT,2542,2,0,0,11,1,0
7526,67.3,PAYMENT,2846,3,0,0,21,0,0
7527,409.91,PAYMENT,1924,2,0,1,16,1,0
7528,99.15,TRANSFER,147,1,0,0,3,0,0
7529,33.61,TRANSFER,2295,2,0,0,18,0,0
7530,19.12,PAYMENT,1830,2,0,0,12,0,0
7531,523.66,CASH_OUT,2697,3,0,0,2,1,0
7532,274.97,PAYMENT,2878,4,0,0,21,0,0
7533,162.06,CASH_OUT,311,0,0,0,9,0,0
7534,95.56,PAYMENT,743,4,0,0,7,1,0
7535,87.44,CASH_OUT,2685,3,0,0,6,0,0
7536,50.62,CASH_OUT,1370,2,1,0,6,1,1
7537,96.4,TRANSFER,967,6,0,0,4,0,1
7538,17.81,CASH_OUT,845,4,0,0,17,0,0
7539,71.09,TRANSFER,1805,2,0,1,6,0,0
7540,108.75,PAYMENT,2257,1,0,0,10,1,0
7541,273.11,PAYMENT,1208,6,0,0,7,0,0
7542,142.6,PAYMENT,1992,1,0,0,15,0,0
7543,328.63,PAYMENT,1210,4,0,0,10,0,0
7544,572.0,CASH_OUT,1968,0,1,0,16,1,0
7545,427.59,PAYMENT,2461,3,0,0,20,1,0
7546,237.58,PAYMENT,2944,1,1,0,10,0,1
7547,150.18,CASH_IN,2361,2,0,0,17,1,0
7548,55.66,CASH_OUT,2051,1,0,0,9,1,0
7549,311.05,TRANSFER,1831,2,0,0,6,0,0
7550,796.12,PAYMENT,2528,2,1,0,4,2,0
7551,208.95,PAYMENT,2439,4,0,0,10,0,0
7552,1009.55,TRANSFER,506,2,0,0,4,1,1
7553,32.28,CASH_IN,1197,1,0,0,17,0,0
7554,46.8,PAYMENT,2177,2,0,0,1,0,0
7555,349.05,TRANSFER,286,0,1,1,6,0,1
7556,193.31,DEBIT,1683,0,0,0,7,1,0
7557,552.13,CASH_OUT,2465,4,1,0,10,0,1
7558,146.13,TRANSFER,1778,3,0,0,9,0,0
7559,62.3,CASH_OUT,161,5,0,0,10,0,0
7560,119.87,CASH_IN,2704,3,0,0,0,0,1
7561,32.05,TRANSFER,2481,2,1,1,6,0,0
7562,48.01,CASH_IN,348,2,0,0,1,0,1
7563,392.46,TRANSFER,496,5,1,0,7,0,1
7564,355.24,CASH_IN,832,0,0,0,13,0,0
7565,213.36,DEBIT,2193,4,0,0,7,0,0
7566,26.55,TRANSFER,842,2,0,0,12,0,0
7567,103.71,CASH_OUT,693,6,0,0,9,1,0
7568,43.6,CASH_OUT,2353,5,1,1,1,0,1
7569,481.32,CASH_OUT,527,3,0,0,17,0,0
7570,82.79,CASH_IN,1977,2,0,0,16,0,0
7571,50.11,PAYMENT,2582,4,0,0,13,1,0
7572,152.9,CASH_OUT,181,2,0,0,2,0,0
7573,78.25,CASH_OUT,2357,2,0,0,17,0,0
7574,654.42,CASH_OUT,1379,4,0,0,7,1,0
7575,71.18,CASH_OUT,1155,1,0,0,3,0,1
7576,36.63,PAYMENT,2460,5,0,0,9,0,0
7577,17.24,TRANSFER,1427,4,1,0,17,0,1
7578,143.91,CASH_IN,2842,5,0,1,10,0,0
7579,84.61,DEBIT,310,2,0,0,21,0,0
7580,35.56,PAYMENT,2557,3,0,0,9,1,1
7581,487.47,TRANSFER,494,2,1,0,13,0,0
7582,289.24,CASH_IN,1506,6,1,0,9,0,0
7583,144.28,CASH_OUT,302,5,0,0,11,0,0
7584,580.75,CASH_OUT,2591,3,0,0,3,0,0
7585,287.88,PAYMENT,550,3,0,0,5,0,0
7586,65.18,CASH_OUT,1756,3,0,0,3,0,0
7587,52.5,CASH_OUT,1176,3,0,0,12,0,0
7588,336.29,CASH_OUT,133,4,1,0,16,0,0
7589,220.6,CASH_OUT,1136,2,0,0,11,1,0
7590,175.87,TRANSFER,1162,4,0,0,2,1,0
7591,63.66,DEBIT,1505,2,0,0,8,1,0
7592,272.58,CASH_OUT,931,2,0,0,10,0,0
7593,69.72,TRANSFER,1320,5,0,0,13,1,1
7594,134.02,DEBIT,946,5,0,0,17,1,0
7595,630.77,DEBIT,2012,2,0,0,5,1,0
7596,76.64,CASH_IN,2573,1,1,1,6,1,1
7597,30.78,TRANSFER,246,0,0,0,14,1,0
7598,51.8,TRANSFER,1693,2,0,0,20,1,0
7599,401.14,PAYMENT,2363,2,1,0,21,0,0
7600,191.47,PAYMENT,690,2,0,0,7,4,0
7601,130.47,TRANSFER,2075,1,0,0,13,0,0
7602,89.2,TRANSFER,699,3,0,0,23,0,0
7603,241.14,PAYMENT,2057,4,0,0,19,1,1
7604,63.49,DEBIT,2009,3,0,0,23,2,0
7605,201.48,TRANSFER,2351,2,0,0,9,0,0
7606,71.43,TRANSFER,1883,3,0,0,14,1,0
7607,60.48,TRANSFER,2762,8,0,1,15,0,0
7608,78.45,PAYMENT,1882,3,0,0,9,0,0
7609,101.96,CASH_IN,2136,4,1,0,4,1,0
7610,141.34,PAYMENT,2496,2,0,0,18,0,1
7611,187.81,CASH_OUT,1675,2,0,0,22,0,0
7612,3.71,CASH_OUT,1459,2,1,0,22,0,1
7613,66.18,TRANSFER,949,2,0,0,3,0,0
7614,100.33,TRANSFER,1360,6,0,0,2,0,0
7615,668.52,PAYMENT,2142,3,0,1,15,0,0
7616,50.4,PAYMENT,1452,2,0,0,17,0,0
7617,174.65,TRANSFER,441,5,0,0,6,0,1
7618,661.84,CASH_OUT,327,5,0,0,20,1,0
7619,39.93,TRANSFER,1201,1,1,0,6,0,1
7620,220.08,PAYMENT,2074,2,0,1,21,0,0
7621,66.54,PAYMENT,2888,3,0,1,5,0,1
7622,89.6,CASH_OUT,2797,4,0,0,16,0,0
7623,66.48,TRANSFER,1250,4,0,0,7,1,0
7624,71.39,PAYMENT,2320,2,0,0,14,0,1
7625,2257.27,CASH_OUT,2780,3,1,0,13,0,1
7626,345.31,PAYMENT,2248,2,0,0,19,0,0
7627,446.63,TRANSFER,783,5,1,0,22,0,0
7628,242.74,PAYMENT,1516,4,0,0,0,0,0
7629,29.78,DEBIT,287,2,0,0,14,0,0
7630,220.29,PAYMENT,2549,3,0,1,8,0,0
7631,433.95,TRANSFER,180,4,1,0,21,0,0
7632,63.22,DEBIT,937,2,0,0,22,0,1
7633,389.68,PAYMENT,1483,5,0,0,6,1,0
7634,300.17,CASH_OUT,1435,3,0,0,4,0,0
7635,945.81,PAYMENT,1470,2,0,0,23,1,0
7636,97.73,PAYMENT,2314,5,0,0,10,0,0
7637,49.52,CASH_OUT,1206,1,1,0,4,0,0
7638,103.38,DEBIT,2496,5,0,0,12,0,0
7639,623.64,TRANSFER,2654,5,1,0,9,0,1
7640,23.85,CASH_OUT,1505,3,0,0,9,0,1
7641,18.76,CASH_OUT,2839,3,0,0,2,0,0
7642,162.29,TRANSFER,2236,1,0,0,5,0,0
7643,95.34,CASH_OUT,1960,0,0,0,9,1,0
7644,149.56,PAYMENT,2109,5,0,0,2,0,0
7645,381.96,PAYMENT,2399,2,0,1,14,1,0
7646,85.41,TRANSFER,2137,3,0,0,5,0,1
7647,22.81,CASH_IN,1801,2,0,0,22,0,0
7648,1146.51,PAYMENT,2282,4,0,0,18,0,1
7649,54.75,CASH_OUT,2192,0,0,1,0,0,0
7650,51.47,PAYMENT,2843,2,1,0,5,0,0
7651,447.52,PAYMENT,1121,2,0,0,19,0,0
7652,101.04,CASH_OUT,1276,6,0,1,17,0,0
7653,139.3,CASH_OUT,2499,5,0,0,5,0,0
7654,240.52,TRANSFER,1440,3,0,0,2,2,1
7655,438.6,PAYMENT,1032,0,0,0,19,0,1
7656,106.33,DEBIT,1363,2,0,0,15,0,0
7657,678.55,PAYMENT,873,0,0,0,13,1,0
7658,17.54,CASH_OUT,2761,1,0,1,21,0,1
7659,317.28,CASH_OUT,2287,3,1,0,13,0,1
7660,64.1,CASH_OUT,1692,6,0,0,1,0,1
7661,585.39,DEBIT,699,5,0,0,6,0,0
7662,171.07,CASH_OUT,907,1,0,0,8,1,0
7663,75.72,PAYMENT,629,2,1,0,7,0,0
7664,287.97,PAYMENT,2034,0,0,0,10,0,0
7665,362.56,PAYMENT,2446,2,0,0,20,1,0
7666,282.0,PAYMENT,1619,3,0,0,21,2,0
7667,53.0,DEBIT,2880,2,0,0,22,0,0
7668,91.47,PAYMENT,1591,5,0,0,23,0,0
7669,147.81,CASH_OUT,1381,2,0,0,12,0,0
7670,142.41,CASH_OUT,1141,3,0,0,8,0,0
7671,314.11,CASH_IN,2184,2,0,1,18,0,0
7672,19.79,TRANSFER,266,3,0,0,11,0,1
7673,207.33,CASH_OUT,1365,5,0,0,23,0,0
7674,111.05,PAYMENT,233,5,0,0,8,0,0
7675,64.17,CASH_OUT,610,5,0,0,11,0,0
7676,70.63,PAYMENT,2669,1,0,0,17,0,0
7677,119.76,DEBIT,2013,4,0,0,5,0,0
7678,4.05,PAYMENT,893,4,1,0,14,0,0
7679,73.6,PAYMENT,1722,1,1,0,7,0,0
7680,61.82,TRANSFER,902,1,0,0,15,0,0
7681,252.85,CASH_OUT,2904,3,1,0,7,1,1
7682,66.32,CASH_OUT,566,2,1,0,20,0,0
7683,119.69,PAYMENT,997,4,1,0,12,0,0
7684,693.86,PAYMENT,2104,2,0,0,12,1,1
7685,401.16,PAYMENT,563,2,0,0,9,1,1
7686,365.87,TRANSFER,996,2,1,0,12,0,0
7687,90.03,TRANSFER,769,6,0,0,7,0,0
7688,255.45,TRANSFER,1868,2,0,0,23,0,0
7689,117.46,CASH_OUT,1943,3,0,0,1,0,0
7690,121.99,TRANSFER,340,1,0,0,8,1,0
7691,223.56,DEBIT,2342,3,0,1,10,2,0
7692,81.7,PAYMENT,2959,3,0,0,0,0,1
7693,660.5,CASH_OUT,1885,4,0,0,11,0,0
7694,126.45,CASH_OUT,403,2,0,0,2,0,0
7695,275.44,PAYMENT,2688,2,0,0,7,0,0
7696,636.26,TRANSFER,249,7,0,0,10,0,0
7697,416.4,PAYMENT,1530,2,0,0,12,0,1
7698,36.27,PAYMENT,549,2,1,0,14,1,1
7699,231.57,TRANSFER,392,2,0,0,22,0,0
7700,347.48,PAYMENT,1506,2,0,0,3,0,0
7701,362.08,PAYMENT,653,5,0,0,22,0,0
7702,48.75,TRANSFER,2042,4,0,0,11,0,0
7703,76.94,TRANSFER,1982,0,0,0,7,0,0
7704,401.24,PAYMENT,1789,4,0,0,15,2,0
7705,69.29,PAYMENT,242,1,0,1,2,1,0
7706,109.98,CASH_OUT,1703,3,0,0,23,0,0
7707,717.57,CASH_OUT,903,7,0,0,19,0,0
7708,141.49,DEBIT,1197,2,0,0,10,1,0
7709,71.75,PAYMENT,2088,3,0,0,0,0,0
7710,61.71,PAYMENT,560,2,0,0,18,0,0
7711,207.0,PAYMENT,477,0,0,0,18,1,0
7712,39.13,TRANSFER,81,4,0,0,3,1,1
7713,115.89,CASH_OUT,1258,4,0,0,17,1,1
7714,207.11,TRANSFER,2732,2,0,0,0,0,1
7715,544.11,CASH_OUT,1607,0,1,0,17,1,0
7716,289.32,CASH_OUT,1409,3,0,0,7,0,0
7717,72.67,DEBIT,1661,4,0,0,17,0,0
7718,482.23,PAYMENT,2416,1,1,0,16,1,1
7719,110.0,PAYMENT,876,5,0,0,15,1,0
7720,43.13,PAYMENT,925,3,0,0,8,0,0
7721,124.96,PAYMENT,1651,2,1,0,18,0,0
7722,625.26,DEBIT,1870,0,0,0,2,0,1
7723,175.08,PAYMENT,1386,3,0,1,19,0,1
7724,150.28,TRANSFER,1649,3,0,0,5,0,0
7725,762.96,PAYMENT,1900,3,0,0,5,0,0
7726,35.47,PAYMENT,2276,4,0,0,13,0,0
7727,41.03,PAYMENT,1492,3,1,0,4,1,1
7728,29.49,PAYMENT,2227,5,0,0,21,0,0
7729,215.43,CASH_OUT,1992,2,0,0,11,1,1
7730,175.3,DEBIT,2127,3,0,1,12,1,0
7731,694.18,TRANSFER,1393,2,0,0,3,0,0
7732,189.33,TRANSFER,665,2,0,0,7,0,0
7733,99.07,PAYMENT,888,0,1,0,21,0,0
7734,148.68,CASH_IN,807,4,0,0,19,0,0
7735,166.95,PAYMENT,79,3,0,0,12,0,0
7736,27.89,DEBIT,2638,1,0,0,14,0,1
7737,2231.28,TRANSFER,966,1,0,0,13,0,1
7738,249.6,PAYMENT,2476,5,0,0,8,0,0
7739,183.1,TRANSFER,405,3,0,0,4,0,0
7740,274.56,DEBIT,52,3,0,0,4,0,1
7741,301.69,PAYMENT,1129,3,0,0,17,0,0
7742,128.95,PAYMENT,2702,1,0,0,18,1,0
7743,78.95,PAYMENT,312,2,0,0,19,0,0
7744,270.28,TRANSFER,1059,1,0,0,20,0,0
7745,218.27,PAYMENT,309,4,0,1,7,0,0
7746,66.03,CASH_OUT,2675,1,0,0,9,0,0
7747,613.41,DEBIT,422,2,0,1,20,0,0
7748,199.01,DEBIT,2023,1,0,1,18,1,0
7749,307.91,PAYMENT,1123,2,0,0,8,0,1
7750,597.0,TRANSFER,1527,2,0,0,1,0,0
7751,151.7,PAYMENT,2058,4,0,0,10,0,0
7752,203.76,TRANSFER,513,3,0,0,2,1,0
7753,333.63,CASH_IN,2887,4,0,0,5,1,0
7754,71.89,TRANSFER,857,3,0,0,10,1,0
7755,156.66,CASH_IN,2253,4,0,0,11,1,0
7756,168.27,CASH_IN,260,4,0,0,13,0,0
7757,57.05,PAYMENT,116,3,0,0,6,0,0
7758,1506.64,CASH_OUT,418,3,1,0,10,0,0
7759,36.33,PAYMENT,1673,7,0,0,4,0,0
7760,40.52,PAYMENT,748,4,0,0,12,0,0
7761,552.37,PAYMENT,1787,5,1,0,6,0,1
7762,302.86,DEBIT,766,1,0,0,4,0,0
7763,53.2,TRANSFER,2259,3,1,0,14,0,0
7764,272.4,CASH_OUT,2499,2,0,0,14,0,1
7765,644.1,CASH_OUT,2736,3,0,0,3,0,0
7766,143.99,CASH_OUT,2530,4,0,0,7,1,1
7767,1995.85,CASH_OUT,2278,2,0,0,12,0,0
7768,26.47,PAYMENT,612,2,1,0,20,0,0
7769,297.03,CASH_OUT,53,4,0,0,2,0,0
7770,476.53,TRANSFER,902,4,0,0,8,0,0
7771,361.89,TRANSFER,2579,2,0,0,6,0,0
7772,120.98,PAYMENT,2413,4,1,0,18,0,0
7773,111.0,PAYMENT,1522,0,0,0,9,1,0
7774,231.4,DEBIT,1036,3,0,0,21,1,1
7775,335.54,PAYMENT,1964,0,0,0,5,0,0
7776,271.1,TRANSFER,1629,1,0,0,5,1,1
7777,419.92,PAYMENT,170,2,0,0,15,0,0
7778,53.58,PAYMENT,2065,7,0,0,7,0,0
7779,118.18,PAYMENT,2831,3,0,0,12,0,0
7780,57.97,TRANSFER,1124,4,1,0,20,0,0
7781,100.88,DEBIT,421,1,0,0,3,0,0
7782,409.62,PAYMENT,2056,3,0,0,18,0,0
7783,165.34,PAYMENT,2325,4,1,0,3,0,1
7784,2011.95,TRANSFER,1158,3,0,0,17,1,1
7785,180.08,PAYMENT,1105,1,0,0,19,2,0
7786,157.54,DEBIT,2335,0,0,0,17,0,0
7787,165.04,PAYMENT,1538,4,0,0,6,1,0
7788,78.43,TRANSFER,435,2,0,0,17,0,0
7789,140.07,TRANSFER,1684,5,0,0,12,0,0
7790,458.42,CASH_OUT,915,7,0,0,18,0,0
7791,166.33,TRANSFER,1617,2,0,1,14,0,0
7792,67.12,PAYMENT,2444,5,0,0,1,0,0
7793,58.85,PAYMENT,2084,2,0,1,20,0,0
7794,94.61,DEBIT,30,3,0,0,12,0,0
7795,159.79,CASH_IN,368,1,0,0,5,0,1
7796,489.6,PAYMENT,379,4,1,0,7,1,0
7797,38.84,CASH_IN,2703,4,1,1,17,0,0
7798,107.79,TRANSFER,2132,2,0,0,16,0,0
7799,171.45,TRANSFER,2706,2,0,0,2,0,0
7800,23.72,PAYMENT,825,1,0,0,6,2,0
7801,64.48,CASH_OUT,2976,3,0,0,9,0,0
7802,75.2,PAYMENT,2349,3,1,0,22,2,0
7803,66.96,CASH_OUT,2934,0,0,0,8,2,1
7804,179.81,PAYMENT,1483,1,0,0,15,1,0
7805,126.4,CASH_OUT,908,5,0,0,10,0,0
7806,85.18,PAYMENT,406,2,0,0,8,0,0
7807,227.68,PAYMENT,416,2,0,1,1,0,0
7808,831.37,PAYMENT,2464,0,0,0,16,1,0
7809,764.53,PAYMENT,1210,1,0,1,21,0,0
7810,21.7,TRANSFER,453,2,0,0,5,1,0
7811,264.3,PAYMENT,816,1,1,0,10,1,0
7812,124.21,DEBIT,2737,4,1,0,8,0,0
7813,173.32,TRANSFER,306,0,1,0,16,0,0
7814,99.66,TRANSFER,2937,1,0,0,14,0,0
7815,166.93,PAYMENT,1868,2,0,0,4,1,0
7816,172.67,TRANSFER,2633,1,0,0,13,0,0
7817,83.18,PAYMENT,1803,1,0,0,2,0,0
7818,60.56,CASH_OUT,2072,4,1,0,17,0,0
7819,94.76,PAYMENT,1654,4,0,0,4,0,0
7820,187.59,CASH_OUT,2248,3,0,0,8,1,0
7821,270.16,PAYMENT,1278,4,0,0,12,1,0
7822,348.4,DEBIT,176,6,0,0,12,0,0
7823,90.54,PAYMENT,1655,6,0,0,1,0,0
7824,197.13,PAYMENT,1501,5,0,0,20,0,0
7825,388.58,TRANSFER,1483,2,0,0,16,1,0
7826,476.08,DEBIT,1376,3,0,0,10,0,0
7827,139.93,CASH_OUT,1144,1,0,0,23,0,0
7828,118.99,PAYMENT,43,8,0,0,15,0,0
7829,179.67,TRANSFER,1201,3,0,0,0,0,0
7830,47.01,DEBIT,1856,6,1,0,10,0,0
7831,122.29,PAYMENT,438,2,0,0,17,0,0
7832,312.49,PAYMENT,413,1,1,0,6,0,0
7833,282.01,CASH_IN,1441,3,0,0,0,1,0
7834,113.27,CASH_IN,86,4,0,0,7,0,0
7835,184.51,CASH_OUT,2591,1,0,0,13,0,0
7836,65.06,DEBIT,2422,3,1,0,13,1,0
7837,299.91,PAYMENT,1932,3,0,0,1,0,0
7838,137.3,TRANSFER,434,6,0,0,12,0,0
7839,112.62,CASH_OUT,274,1,1,0,0,0,1
7840,103.37,CASH_OUT,1654,1,0,0,19,1,0
7841,139.37,CASH_OUT,888,2,0,0,2,1,0
7842,94.83,DEBIT,2129,1,1,0,1,0,0
7843,286.62,PAYMENT,2027,1,0,1,14,0,0
7844,99.95,PAYMENT,238,5,1,0,14,0,0
7845,729.94,PAYMENT,1939,5,0,0,14,1,0
7846,642.4,CASH_OUT,2220,6,0,1,12,0,0
7847,60.85,PAYMENT,1852,3,0,0,8,0,0
7848,159.13,CASH_IN,575,2,1,0,5,0,1
7849,77.43,PAYMENT,833,0,0,0,22,0,0
7850,107.06,PAYMENT,2710,2,0,0,22,0,0
7851,1099.3,TRANSFER,1157,3,0,0,20,0,0
7852,109.12,CASH_OUT,1097,3,0,0,20,0,0
7853,212.77,PAYMENT,2410,3,0,1,5,0,0
7854,255.01,CASH_OUT,276,2,0,0,7,0,0
7855,54.56,TRANSFER,2607,4,0,0,10,1,0
7856,63.11,PAYMENT,494,0,0,0,3,0,0
7857,44.43,PAYMENT,2378,1,0,0,9,1,0
7858,61.19,CASH_OUT,649,3,1,0,5,0,0
7859,8.58,PAYMENT,1988,2,0,0,21,0,0
7860,255.85,DEBIT,2615,4,0,0,6,0,0
7861,1157.7,TRANSFER,2445,3,0,0,16,2,0
7862,172.06,PAYMENT,1259,1,1,0,6,0,0
7863,36.01,PAYMENT,386,7,1,0,6,0,1
7864,78.04,PAYMENT,2408,5,0,0,2,0,0
7865,93.8,TRANSFER,914,4,0,0,20,0,0
7866,53.65,TRANSFER,2519,1,0,0,21,0,1
7867,350.79,CASH_OUT,530,1,0,0,1,1,0
7868,333.71,PAYMENT,1788,1,0,0,1,0,0
7869,46.74,PAYMENT,773,2,1,0,5,0,0
7870,306.46,PAYMENT,2950,3,0,1,4,0,1
7871,683.22,PAYMENT,1487,3,0,0,15,0,0
7872,994.82,TRANSFER,2277,1,0,1,4,0,1
7873,2605.06,DEBIT,580,8,0,0,2,0,1
7874,60.22,CASH_OUT,229,1,0,0,20,0,0
7875,2500.44,CASH_OUT,1420,1,0,0,20,0,0
7876,104.15,PAYMENT,368,4,0,0,13,1,1
7877,82.07,PAYMENT,1473,2,0,0,15,0,0
7878,205.83,PAYMENT,708,2,1,0,3,1,0
7879,82.93,PAYMENT,2813,3,1,0,23,0,0
7880,221.19,TRANSFER,306,3,0,0,22,0,0
7881,39.64,PAYMENT,1844,2,0,0,9,0,1
7882,116.89,CASH_IN,83,4,0,0,15,0,0
7883,536.78,DEBIT,193,4,0,0,16,0,0
7884,140.18,PAYMENT,2732,5,0,0,12,0,0
7885,170.99,CASH_OUT,1439,7,0,0,0,1,1
7886,238.71,CASH_OUT,2153,5,1,0,6,1,1
7887,478.5,PAYMENT,2819,2,0,0,5,0,0
7888,28.35,DEBIT,1035,5,0,0,10,0,0
7889,266.27,PAYMENT,451,6,0,0,6,0,0
7890,113.51,CASH_OUT,606,4,0,0,14,0,0
7891,175.32,PAYMENT,1283,3,1,0,4,0,0
7892,428.35,PAYMENT,1359,6,0,0,22,1,0
7893,44.96,TRANSFER,1015,1,0,0,22,0,0
7894,53.91,CASH_IN,1293,5,0,0,12,0,0
7895,21.43,PAYMENT,2583,4,0,0,22,0,0
7896,85.7,PAYMENT,2846,3,0,0,16,1,0
7897,561.4,TRANSFER,1586,5,0,0,6,1,0
7898,131.55,PAYMENT,1110,3,0,0,5,0,0
7899,38.86,CASH_OUT,688,3,0,0,5,0,0
7900,91.32,CASH_OUT,1082,3,0,0,10,0,0
7901,33.52,CASH_IN,2511,1,0,0,7,0,0
7902,48.17,CASH_OUT,2295,5,1,1,3,1,1
7903,218.94,DEBIT,575,3,1,0,19,0,0
7904,45.88,CASH_OUT,2064,5,0,0,13,1,1
7905,451.53,DEBIT,878,2,0,1,13,0,0
7906,138.22,PAYMENT,495,2,0,0,12,0,0
7907,161.68,TRANSFER,595,3,0,0,16,1,0
7908,112.35,DEBIT,533,5,0,0,18,0,0
7909,321.45,CASH_OUT,2465,2,1,0,4,0,1
7910,324.78,CASH_IN,1595,2,0,0,11,1,0
7911,207.48,PAYMENT,1404,5,0,0,0,0,0
7912,261.07,CASH_IN,1378,1,0,1,16,0,0
7913,120.05,CASH_OUT,2045,5,0,0,23,1,1
7914,255.24,PAYMENT,570,4,0,0,12,0,0
7915,105.86,PAYMENT,1449,4,0,1,8,0,0
7916,148.74,PAYMENT,1836,2,0,0,11,0,0
7917,112.77,DEBIT,2156,2,0,0,16,0,0
7918,93.95,CASH_OUT,2560,7,0,0,10,2,0
7919,74.51,DEBIT,2386,2,0,0,12,1,0
7920,236.91,TRANSFER,448,2,1,0,11,0,0
7921,550.38,DEBIT,2312,1,0,0,0,1,0
7922,478.71,TRANSFER,1489,3,0,0,11,0,0
7923,42.24,PAYMENT,466,1,0,0,13,0,0
7924,538.72,PAYMENT,1963,1,0,0,23,0,0
7925,107.97,DEBIT,2223,3,0,0,2,0,0
7926,270.62,PAYMENT,2243,4,0,0,12,0,0
7927,59.97,PAYMENT,627,5,0,0,17,0,0
7928,171.05,PAYMENT,1219,3,1,0,10,0,1
7929,203.11,PAYMENT,1448,1,0,1,9,0,0
7930,33.63,CASH_IN,1306,5,0,0,11,0,0
7931,272.67,TRANSFER,1462,2,1,0,20,1,0
7932,570.17,CASH_OUT,475,2,0,1,17,0,0
7933,124.63,DEBIT,683,3,0,0,15,0,0
7934,578.34,TRANSFER,76,4,0,0,6,1,1
7935,122.77,CASH_IN,1148,2,0,0,4,1,1
7936,347.09,PAYMENT,1542,1,0,0,8,1,0
7937,16.14,DEBIT,2729,3,0,0,9,1,0
7938,1666.99,PAYMENT,1316,2,0,0,5,0,0
7939,662.13,CASH_OUT,2731,4,0,0,7,0,0
7940,111.65,CASH_OUT,1978,9,0,0,17,1,0
7941,20.65,PAYMENT,972,3,0,0,1,0,0
7942,197.95,PAYMENT,2731,2,0,0,8,0,0
7943,35.03,PAYMENT,1012,4,0,0,3,0,1
7944,231.56,PAYMENT,1744,4,0,0,2,2,0
7945,223.98,TRANSFER,2320,0,0,0,14,0,0
7946,57.89,DEBIT,884,1,0,0,14,0,0
7947,455.3,TRANSFER,933,1,0,0,3,0,1
7948,332.15,TRANSFER,1386,3,0,0,1,0,0
7949,393.79,PAYMENT,2689,2,0,0,3,0,0
7950,149.73,PAYMENT,1161,1,1,0,9,0,0
7951,36.03,TRANSFER,2398,3,0,0,9,2,0
7952,394.6,DEBIT,2882,2,0,0,23,1,0
7953,113.25,CASH_IN,503,9,0,0,20,0,0
7954,36.97,PAYMENT,2785,7,0,0,7,0,0
7955,573.66,TRANSFER,2349,1,0,0,21,1,0
7956,1211.25,TRANSFER,496,4,0,0,6,0,1
7957,142.42,CASH_OUT,784,1,1,0,1,1,1
7958,1285.78,CASH_OUT,2301,1,0,0,1,0,1
7959,162.6,CASH_OUT,1165,2,0,0,23,0,0
7960,101.45,PAYMENT,1508,3,0,1,13,0,1
7961,79.01,DEBIT,317,2,0,0,23,0,0
7962,762.87,PAYMENT,1506,0,0,0,1,1,0
7963,68.02,TRANSFER,370,2,1,0,19,0,1
7964,309.6,DEBIT,2235,1,0,1,6,0,0
7965,84.85,TRANSFER,689,4,0,0,6,0,0
7966,93.66,PAYMENT,215,3,0,0,0,0,0
7967,415.82,PAYMENT,2106,2,0,0,2,0,0
7968,101.49,TRANSFER,1461,4,0,0,18,2,0
7969,99.01,PAYMENT,926,2,1,0,13,0,0
7970,460.73,TRANSFER,776,4,0,0,8,1,0
7971,733.18,PAYMENT,1080,4,1,0,0,0,0
7972,282.79,CASH_IN,1014,1,1,0,10,0,0
7973,77.11,PAYMENT,562,5,0,0,2,0,0
7974,89.07,CASH_OUT,2990,3,0,0,3,0,0
7975,160.76,TRANSFER,2249,3,0,0,16,0,0
7976,204.57,TRANSFER,143,2,0,0,3,0,0
7977,55.26,PAYMENT,1151,4,0,0,23,0,0
7978,305.83,CASH_OUT,2631,4,0,0,12,0,0
7979,161.66,CASH_OUT,1174,1,0,0,5,1,0
7980,26.69,PAYMENT,240,1,0,0,16,0,0
7981,58.62,CASH_IN,2893,4,0,0,18,0,0
7982,89.65,CASH_IN,2463,3,0,0,2,0,0
7983,137.98,PAYMENT,930,3,0,0,18,0,0
7984,981.69,CASH_OUT,1953,3,0,0,16,1,0
7985,188.33,TRANSFER,1921,3,0,0,5,1,0
7986,64.02,PAYMENT,670,2,0,0,7,0,0
7987,185.05,PAYMENT,1644,2,0,0,9,0,0
7988,104.37,DEBIT,1514,3,0,0,17,0,0
7989,205.36,TRANSFER,1788,3,0,0,14,0,0
7990,265.22,DEBIT,1955,3,0,0,10,0,0
7991,497.32,CASH_OUT,1909,1,0,0,20,0,0
7992,144.85,PAYMENT,1361,5,1,0,1,0,0
7993,764.3,PAYMENT,1386,0,0,0,10,1,0
7994,367.98,CASH_OUT,2290,5,0,0,16,0,0
7995,73.15,TRANSFER,2267,4,0,0,23,0,1
7996,1352.7,PAYMENT,213,2,0,0,6,1,0
7997,205.82,CASH_OUT,2170,4,0,0,13,0,0
7998,64.38,CASH_IN,1673,4,0,0,22,1,0
7999,775.04,CASH_OUT,2793,2,0,0,21,0,0
8000,1185.33,PAYMENT,1329,2,0,0,19,1,0
8001,143.59,PAYMENT,1031,3,0,0,14,0,0
8002,89.69,DEBIT,1087,2,0,0,18,0,0
8003,124.91,CASH_IN,1836,0,0,0,7,0,0
8004,303.3,PAYMENT,2896,2,0,0,0,0,0
8005,532.65,CASH_IN,2322,2,0,1,4,0,1
8006,262.56,PAYMENT,1825,3,0,0,3,0,0
8007,164.3,PAYMENT,1362,2,0,1,11,1,0
8008,663.82,PAYMENT,1707,3,1,0,11,1,0
8009,108.54,PAYMENT,2782,4,0,0,5,0,1
8010,416.1,CASH_IN,1433,3,0,0,12,0,0
8011,111.27,TRANSFER,2127,3,0,0,1,1,0
8012,228.38,PAYMENT,268,4,0,0,6,1,0
8013,132.48,CASH_IN,348,2,0,1,17,0,0
8014,140.35,CASH_IN,591,3,0,1,4,0,0
8015,101.76,PAYMENT,1146,3,0,0,15,0,0
8016,569.55,CASH_OUT,2837,7,0,0,6,1,0
8017,71.31,CASH_OUT,2407,0,0,0,17,0,0
8018,70.79,CASH_OUT,2319,2,0,0,21,0,0
8019,1237.68,CASH_OUT,638,3,1,0,17,0,0
8020,394.59,PAYMENT,1529,5,1,0,13,0,0
8021,13.67,PAYMENT,2689,2,0,0,0,0,0
8022,84.33,CASH_IN,1537,4,0,0,22,0,0
8023,24.24,CASH_IN,1478,9,0,0,16,0,1
8024,57.36,PAYMENT,895,2,0,0,1,0,0
8025,6.43,PAYMENT,2050,3,0,0,10,0,0
8026,129.41,CASH_IN,184,2,0,1,22,0,0
8027,47.37,PAYMENT,571,2,0,1,5,2,0
8028,157.58,PAYMENT,189,3,0,0,4,0,0
8029,29.22,PAYMENT,819,2,0,0,9,0,0
8030,161.24,TRANSFER,1634,3,0,0,1,0,0
8031,98.01,PAYMENT,1714,2,0,0,11,0,0
8032,666.44,TRANSFER,2566,4,0,1,9,0,1
8033,608.72,PAYMENT,1309,2,0,0,17,0,1
8034,325.49,DEBIT,85,2,0,0,3,1,1
8035,107.06,DEBIT,2929,2,0,0,10,0,0
8036,1080.72,DEBIT,1795,7,0,0,11,0,0
8037,31.4,CASH_IN,1212,3,0,0,9,0,0
8038,36.47,CASH_OUT,898,4,0,0,6,0,0
8039,136.49,PAYMENT,2008,1,0,0,16,0,1
8040,1413.8,PAYMENT,712,2,0,0,11,0,0
8041,121.23,PAYMENT,2293,6,0,0,2,0,0
8042,123.56,PAYMENT,1491,3,0,0,23,0,1
8043,35.1,TRANSFER,175,2,0,0,9,0,0
8044,382.19,DEBIT,2004,1,1,0,10,0,0
8045,384.97,TRANSFER,1561,5,0,1,18,0,0
8046,326.71,TRANSFER,1850,1,1,0,12,0,0
8047,79.11,CASH_OUT,2201,0,0,0,7,0,0
8048,73.21,PAYMENT,2896,1,0,0,4,0,0
8049,40.73,DEBIT,2409,4,0,1,16,0,0
8050,161.4,TRANSFER,634,4,0,0,16,0,0
8051,50.38,PAYMENT,2266,2,0,0,6,0,0
8052,45.72,DEBIT,1636,2,0,0,21,0,1
8053,97.16,CASH_OUT,173,3,0,1,7,0,1
8054,91.0,TRANSFER,1577,3,1,0,5,1,0
8055,86.66,TRANSFER,2907,2,0,0,5,0,0
8056,236.62,CASH_OUT,2802,3,0,0,9,1,1
8057,160.62,PAYMENT,2017,2,0,0,6,0,0
8058,111.26,CASH_IN,1415,2,0,0,22,0,0
8059,178.22,DEBIT,2926,6,0,1,17,0,0
8060,55.06,TRANSFER,1849,6,0,0,16,0,0
8061,164.89,CASH_OUT,2909,1,1,0,12,1,1
8062,172.54,CASH_IN,2684,2,0,0,9,1,0
8063,33.01,PAYMENT,2149,8,1,0,4,0,0
8064,401.7,DEBIT,651,2,0,1,18,0,0
8065,61.47,CASH_OUT,975,2,0,0,21,0,0
8066,162.44,TRANSFER,1335,2,0,0,16,0,0
8067,475.52,CASH_OUT,1477,3,0,0,15,1,0
8068,374.53,TRANSFER,1931,1,0,0,16,0,0
8069,153.6,PAYMENT,2516,7,0,0,14,0,0
8070,103.29,CASH_OUT,188,5,0,0,21,0,0
8071,382.8,TRANSFER,1947,3,0,0,6,0,1
8072,291.4,CASH_OUT,1380,3,0,0,6,0,0
8073,79.97,PAYMENT,654,4,0,0,23,0,0
8074,67.03,TRANSFER,2991,4,0,0,15,0,0
8075,18.68,CASH_OUT,367,2,0,0,22,0,0
8076,173.13,DEBIT,2832,4,1,0,23,0,0
8077,136.63,CASH_IN,1684,2,0,0,2,0,0
8078,462.29,CASH_IN,1137,2,1,0,12,0,0
8079,212.52,PAYMENT,1809,4,0,0,2,1,0
8080,563.53,CASH_IN,705,2,0,0,1,0,0
8081,73.89,PAYMENT,398,3,0,0,21,0,0
8082,463.2,PAYMENT,2704,3,0,1,22,0,0
8083,87.45,PAYMENT,1233,2,0,0,3,0,0
8084,322.98,CASH_IN,1501,0,0,0,4,0,0
8085,34.51,PAYMENT,1285,4,0,0,16,0,0
8086,187.75,PAYMENT,1378,2,0,0,14,0,0
8087,20.4,PAYMENT,699,3,0,0,5,0,0
8088,113.62,TRANSFER,1661,1,0,0,14,0,0
8089,230.52,CASH_IN,1284,4,0,0,3,0,1
8090,88.15,TRANSFER,353,3,0,0,14,1,0
8091,51.91,TRANSFER,2038,4,0,0,3,0,1
8092,345.89,PAYMENT,2867,4,0,1,3,0,0
8093,133.83,PAYMENT,856,1,0,0,21,0,0
8094,90.96,PAYMENT,2341,2,0,0,20,1,1
8095,154.76,TRANSFER,479,2,0,1,1,0,0
8096,2072.83,TRANSFER,578,2,0,0,19,0,1
8097,470.36,PAYMENT,1664,3,1,0,15,1,0
8098,474.65,CASH_IN,1365,2,0,1,14,0,0
8099,229.42,DEBIT,2142,5,1,0,10,1,0
8100,175.3,PAYMENT,1668,3,0,0,1,0,0
8101,13.52,PAYMENT,2503,4,0,0,9,0,0
8102,75.27,CASH_OUT,653,3,0,0,1,0,0
8103,91.78,PAYMENT,382,4,0,0,3,0,0
8104,22.76,PAYMENT,2657,4,0,0,11,0,0
8105,46.65,PAYMENT,1037,2,0,0,0,1,1
8106,20.47,DEBIT,1190,2,0,0,15,0,0
8107,142.83,CASH_OUT,165,3,0,0,1,2,1
8108,336.56,PAYMENT,1040,3,0,1,7,0,0
8109,448.89,PAYMENT,2803,3,0,0,6,0,0
8110,224.7,PAYMENT,1927,2,0,0,4,0,0
8111,56.63,PAYMENT,2830,1,0,1,4,1,0
8112,21.5,TRANSFER,339,1,0,0,14,0,0
8113,25.61,CASH_IN,1650,2,0,0,10,0,0
8114,41.72,PAYMENT,1491,2,0,0,7,0,0
8115,61.02,PAYMENT,185,2,0,0,18,0,0
8116,126.5,PAYMENT,1666,1,0,0,20,0,0
8117,53.83,PAYMENT,991,5,0,0,13,1,0
8118,208.3,DEBIT,395,2,0,0,21,0,0
8119,117.65,PAYMENT,1290,2,1,0,21,0,0
8120,149.99,PAYMENT,1290,5,0,0,5,1,0
8121,464.17,PAYMENT,367,2,0,0,19,0,0
8122,45.59,TRANSFER,501,4,0,0,23,1,1
8123,225.59,DEBIT,1468,1,0,0,12,0,0
8124,146.35,PAYMENT,318,3,0,0,1,1,0
8125,106.33,TRANSFER,403,4,1,0,3,0,1
8126,359.69,PAYMENT,1660,2,0,0,2,1,0
8127,357.46,CASH_OUT,1175,0,1,0,11,0,0
8128,57.6,CASH_OUT,2424,8,0,0,19,0,0
8129,123.7,CASH_OUT,2710,3,1,0,19,1,1
8130,196.61,TRANSFER,65,4,1,0,22,0,0
8131,112.96,DEBIT,754,1,0,0,5,1,0
8132,266.41,TRANSFER,1506,6,0,0,4,0,0
8133,196.6,TRANSFER,2536,7,0,1,3,0,0
8134,927.56,CASH_OUT,920,4,0,0,10,0,0
8135,32.13,TRANSFER,2879,4,0,0,21,1,0
8136,131.31,PAYMENT,1430,2,0,0,17,0,0
8137,59.83,PAYMENT,1626,6,0,0,15,0,0
8138,271.54,PAYMENT,1241,7,1,1,17,0,0
8139,29.45,TRANSFER,1056,4,0,0,19,1,0
8140,209.83,CASH_OUT,35,4,0,0,20,1,0
8141,79.04,PAYMENT,1825,3,0,0,21,0,0
8142,71.22,CASH_OUT,2690,4,0,0,15,0,0
8143,34.94,CASH_IN,338,5,0,0,0,0,0
8144,93.22,PAYMENT,2436,5,0,0,4,0,0
8145,439.0,PAYMENT,1892,4,0,0,7,1,0
8146,144.72,CASH_IN,2585,3,0,0,13,0,0
8147,278.02,CASH_OUT,2542,6,0,1,16,0,0
8148,784.18,PAYMENT,705,2,0,0,10,0,0
8149,193.21,TRANSFER,2879,2,0,1,10,0,1
8150,84.88,CASH_OUT,547,3,0,1,23,0,1
8151,236.81,TRANSFER,413,0,0,0,12,0,1
8152,86.12,CASH_OUT,2567,4,0,0,0,0,0
8153,89.62,TRANSFER,2616,0,0,0,15,0,0
8154,32.46,CASH_OUT,2628,5,0,0,2,0,0
8155,374.75,PAYMENT,1542,5,0,0,21,0,0
8156,100.89,CASH_OUT,1360,6,0,0,0,1,0
8157,178.06,DEBIT,1328,3,0,0,7,1,0
8158,52.67,PAYMENT,637,4,0,0,0,0,0
8159,229.51,CASH_OUT,191,1,0,0,8,0,0
8160,69.27,PAYMENT,630,1,1,0,16,1,1
8161,128.8,PAYMENT,1300,5,0,0,4,0,0
8162,357.03,DEBIT,1589,2,1,0,21,0,0
8163,327.26,PAYMENT,694,3,0,1,13,1,0
8164,145.18,PAYMENT,2921,4,1,0,1,0,0
8165,25.33,TRANSFER,891,4,0,0,23,1,0
8166,2959.6,TRANSFER,2320,0,0,0,17,0,0
8167,850.53,CASH_OUT,2107,3,0,0,6,1,0
8168,305.72,PAYMENT,2069,0,0,0,10,0,0
8169,69.88,PAYMENT,510,3,0,0,12,0,0
8170,132.48,PAYMENT,250,4,0,1,20,0,0
8171,86.19,TRANSFER,2448,5,0,0,7,0,0
8172,525.24,TRANSFER,2197,1,0,0,14,0,0
8173,192.96,CASH_OUT,1846,3,0,1,6,2,0
8174,67.75,TRANSFER,1802,2,0,0,13,1,0
8175,92.69,PAYMENT,539,3,0,0,20,0,0
8176,455.41,CASH_OUT,1946,5,0,0,23,0,0
8177,735.17,PAYMENT,2591,3,1,0,21,0,0
8178,684.26,PAYMENT,1420,2,0,0,19,0,0
8179,316.41,CASH_OUT,220,3,0,0,10,0,0
8180,115.28,PAYMENT,1689,1,0,0,7,0,0
8181,5.8,TRANSFER,1747,3,0,0,11,0,0
8182,199.77,PAYMENT,1987,4,0,0,8,0,0
8183,148.14,TRANSFER,1689,1,1,1,14,1,0
8184,170.71,PAYMENT,2108,3,0,0,6,0,0
8185,156.63,DEBIT,2974,2,1,0,20,1,0
8186,39.4,PAYMENT,1187,3,0,0,13,0,0
8187,259.15,CASH_OUT,1276,1,0,0,4,0,0
8188,279.28,CASH_IN,1123,2,0,0,21,0,0
8189,293.64,CASH_OUT,1857,1,0,0,10,2,0
8190,382.44,TRANSFER,2469,3,0,0,9,0,0
8191,271.52,TRANSFER,1146,2,0,0,9,0,0
8192,98.49,TRANSFER,1126,2,0,0,9,0,0
8193,138.26,CASH_IN,2035,4,0,0,23,0,0
8194,162.57,PAYMENT,1191,1,0,0,11,1,0
8195,165.29,CASH_IN,53,4,0,0,4,0,0
8196,402.71,TRANSFER,2524,4,1,1,0,1,0
8197,282.5,CASH_IN,197,1,0,0,19,1,0
8198,1184.82,PAYMENT,2847,1,0,0,3,0,0
8199,1348.12,CASH_IN,1329,1,0,0,15,1,1
8200,160.72,PAYMENT,2030,6,1,0,5,0,0
8201,3.2,CASH_OUT,318,3,0,0,6,0,0
8202,511.24,TRANSFER,1067,3,0,0,11,1,0
8203,86.45,CASH_OUT,1533,3,0,0,11,0,0
8204,66.59,CASH_OUT,2515,1,0,0,1,0,0
8205,99.64,PAYMENT,2132,2,0,0,3,1,0
8206,94.95,TRANSFER,757,3,0,0,6,0,0
8207,273.76,PAYMENT,2161,1,0,0,21,1,0
8208,31.2,TRANSFER,398,3,0,0,23,0,0
8209,50.52,CASH_OUT,1214,2,0,0,15,2,0
8210,209.17,PAYMENT,925,3,1,0,13,1,0
8211,276.7,TRANSFER,2383,5,0,0,9,0,0
8212,281.9,CASH_OUT,1529,4,0,0,6,0,0
8213,67.56,PAYMENT,1512,3,0,0,13,0,0
8214,55.8,DEBIT,1793,4,1,0,17,0,0
8215,89.42,TRANSFER,739,1,1,0,8,0,0
8216,188.65,PAYMENT,229,6,0,1,16,1,0
8217,655.55,PAYMENT,364,5,1,0,21,0,1
8218,19.15,TRANSFER,208,1,0,0,1,0,1
8219,119.02,PAYMENT,479,2,0,0,3,0,0
8220,39.15,PAYMENT,1754,3,1,0,6,1,1
8221,28.44,PAYMENT,1209,4,0,0,21,0,1
8222,390.32,TRANSFER,769,2,0,1,12,0,0
8223,255.86,TRANSFER,897,2,1,0,1,0,0
8224,232.63,PAYMENT,1007,0,0,0,15,0,1
8225,372.79,CASH_OUT,1449,2,0,0,7,0,0
8226,91.86,DEBIT,1264,2,0,0,7,0,0
8227,96.29,DEBIT,695,2,0,0,11,0,0
8228,1320.45,CASH_IN,2102,3,0,1,14,0,1
8229,115.98,CASH_IN,2553,2,0,0,20,0,0
8230,309.55,PAYMENT,812,5,1,0,11,0,1
8231,149.36,PAYMENT,231,4,0,0,15,0,0
8232,23.38,TRANSFER,639,3,0,0,10,0,0
8233,19.21,CASH_OUT,2666,3,0,0,22,0,0
8234,83.18,CASH_IN,1517,3,0,0,15,1,0
8235,426.71,PAYMENT,466,5,1,0,12,0,0
8236,326.45,TRANSFER,901,3,0,1,17,1,0
8237,370.21,CASH_OUT,2188,3,0,0,20,1,0
8238,55.31,TRANSFER,152,1,0,0,12,0,0
8239,746.86,TRANSFER,2131,2,0,0,6,0,0
8240,56.55,PAYMENT,1524,2,1,0,17,0,0
8241,183.61,DEBIT,2244,4,0,0,11,0,0
8242,146.88,TRANSFER,1019,4,0,0,12,1,0
8243,124.73,TRANSFER,2512,0,0,0,5,0,0
8244,566.0,PAYMENT,989,3,1,0,0,0,0
8245,73.32,TRANSFER,2678,2,0,1,5,0,0
8246,38.49,PAYMENT,1064,1,0,0,19,0,0
8247,151.41,PAYMENT,1436,3,0,0,21,0,0
8248,99.5,PAYMENT,538,3,0,0,19,0,0
8249,4347.62,PAYMENT,593,6,0,1,21,0,0
8250,291.93,TRANSFER,754,2,0,0,6,1,0
8251,98.56,PAYMENT,276,6,0,0,5,2,0
8252,51.62,CASH_IN,2658,2,0,0,15,0,0
8253,22.64,PAYMENT,1572,1,1,0,12,1,1
8254,53.24,PAYMENT,2217,2,0,0,10,0,0
8255,166.49,CASH_IN,900,2,0,0,5,0,0
8256,618.52,PAYMENT,434,3,0,0,19,0,0
8257,455.63,PAYMENT,2583,4,0,0,11,1,0
8258,186.62,PAYMENT,1277,5,0,0,3,0,0
8259,107.43,CASH_IN,2658,8,0,1,8,0,0
8260,194.19,CASH_IN,2424,3,0,0,17,1,0
8261,88.35,PAYMENT,892,3,0,0,0,0,0
8262,827.46,CASH_OUT,2451,5,0,0,1,2,0
8263,122.83,TRANSFER,1257,4,0,0,4,1,1
8264,136.14,DEBIT,662,2,0,1,21,0,0
8265,16.19,PAYMENT,2369,3,0,0,3,1,0
8266,122.07,CASH_IN,2354,2,1,0,0,1,0
8267,342.57,PAYMENT,283,1,0,1,21,0,0
8268,51.02,PAYMENT,2076,4,0,0,14,1,0
8269,70.05,PAYMENT,688,3,0,1,19,0,0
8270,327.9,CASH_OUT,2080,3,1,0,18,1,0
8271,33.9,CASH_OUT,1241,3,0,0,17,0,0
8272,427.43,TRANSFER,1153,1,0,0,13,2,1
8273,87.17,CASH_OUT,486,3,0,0,14,0,0
8274,100.63,CASH_OUT,2495,1,0,0,18,0,0
8275,48.24,CASH_OUT,2234,6,0,0,16,0,0
8276,216.6,PAYMENT,2279,2,0,0,15,0,0
8277,1736.93,TRANSFER,913,2,0,0,6,1,1
8278,324.24,PAYMENT,726,4,0,0,13,1,0
8279,62.53,TRANSFER,358,5,0,0,5,0,0
8280,462.03,CASH_OUT,2117,1,0,0,0,0,0
8281,108.13,CASH_OUT,1359,6,0,1,21,0,1
8282,586.68,CASH_OUT,744,3,0,0,2,0,0
8283,332.51,PAYMENT,2224,2,1,0,9,0,0
8284,7.82,CASH_OUT,271,5,0,0,17,0,0
8285,54.38,PAYMENT,208,4,0,0,0,0,0
8286,381.6,DEBIT,1102,4,0,0,19,2,0
8287,172.72,PAYMENT,2257,3,0,0,18,1,1
8288,53.32,CASH_OUT,1944,2,0,0,6,1,1
8289,78.76,CASH_OUT,2739,4,0,0,21,0,0
8290,22.06,DEBIT,2958,4,0,0,18,0,0
8291,135.86,TRANSFER,780,2,1,0,12,0,0
8292,1353.83,PAYMENT,1369,7,0,1,19,1,0
8293,331.93,TRANSFER,1773,0,0,0,3,1,1
8294,1326.66,PAYMENT,2286,1,0,0,5,0,0
8295,358.67,CASH_OUT,2708,1,1,0,14,0,0
8296,414.67,DEBIT,1490,1,0,0,6,0,0
8297,1068.57,PAYMENT,2620,7,0,0,19,1,1
8298,216.43,TRANSFER,378,0,0,0,15,0,0
8299,123.07,CASH_IN,548,3,0,0,10,0,0
8300,416.82,PAYMENT,416,5,0,1,14,0,0
8301,635.14,TRANSFER,1334,4,0,0,12,0,0
8302,91.84,CASH_IN,1471,2,1,0,9,1,1
8303,72.13,DEBIT,830,2,0,0,14,0,0
8304,170.52,TRANSFER,636,3,0,0,13,0,0
8305,340.87,PAYMENT,373,4,0,0,11,1,0
8306,329.67,PAYMENT,1947,1,1,0,10,0,0
8307,35.72,TRANSFER,395,2,0,1,3,0,1
8308,1003.86,PAYMENT,410,0,0,1,23,1,0
8309,78.17,PAYMENT,1825,5,1,0,12,0,0
8310,113.86,CASH_OUT,1014,2,0,0,17,0,0
8311,60.18,CASH_OUT,1154,0,0,1,8,0,0
8312,2204.66,CASH_IN,520,1,0,0,11,1,1
8313,189.06,PAYMENT,2270,3,1,0,7,1,0
8314,63.37,PAYMENT,2158,1,0,0,18,0,0
8315,352.1,CASH_IN,907,2,0,0,9,1,0
8316,320.26,CASH_OUT,1508,3,0,0,13,0,0
8317,123.01,CASH_IN,1387,3,1,0,0,0,0
8318,343.99,DEBIT,158,4,0,1,18,0,1
8319,65.02,CASH_IN,2056,5,0,0,23,2,0
8320,90.66,TRANSFER,50,4,1,1,13,0,1
8321,19.88,PAYMENT,2928,4,0,0,20,0,0
8322,39.49,TRANSFER,57,4,0,0,5,1,1
8323,904.72,CASH_OUT,2527,2,0,0,13,0,0
8324,766.19,PAYMENT,952,3,0,0,3,0,1
8325,158.51,CASH_OUT,681,2,0,0,12,0,0
8326,782.84,PAYMENT,862,4,0,0,6,0,0
8327,126.46,CASH_OUT,1483,3,1,0,16,0,1
8328,116.35,PAYMENT,2312,2,0,0,23,1,0
8329,157.04,TRANSFER,2501,2,0,0,8,0,0
8330,130.98,CASH_IN,2682,1,0,0,13,0,0
8331,119.68,PAYMENT,1190,1,1,1,11,0,1
8332,465.63,TRANSFER,2159,3,0,0,20,0,0
8333,172.45,PAYMENT,2395,3,0,0,23,0,0
8334,302.62,CASH_IN,2442,3,0,0,16,0,0
8335,416.29,CASH_IN,794,4,0,0,13,1,0
8336,218.81,DEBIT,769,2,0,0,17,0,0
8337,56.25,CASH_IN,429,1,1,0,19,1,1
8338,38.36,CASH_OUT,1920,4,0,0,7,0,0
8339,172.22,PAYMENT,2433,3,0,0,3,0,0
8340,125.05,PAYMENT,1505,8,0,0,10,1,0
8341,161.97,TRANSFER,965,8,0,0,21,1,0
8342,146.05,TRANSFER,264,3,1,0,15,1,1
8343,1965.64,CASH_OUT,64,4,1,0,12,0,1
8344,39.24,PAYMENT,668,2,0,0,12,0,0
8345,20.29,PAYMENT,368,4,0,0,1,0,0
8346,206.93,TRANSFER,1532,3,0,0,5,0,0
8347,101.86,PAYMENT,1912,4,0,0,14,0,0
8348,203.58,CASH_OUT,2520,3,0,0,23,0,0
8349,266.1,TRANSFER,449,1,0,0,16,0,0
8350,535.98,CASH_OUT,735,2,0,0,0,0,0
8351,32.88,PAYMENT,781,3,0,0,13,0,0
8352,85.05,DEBIT,278,3,0,0,9,0,0
8353,227.87,PAYMENT,2370,3,0,0,6,1,0
8354,320.69,PAYMENT,236,4,0,0,11,0,0
8355,1330.69,CASH_OUT,1154,0,0,0,14,0,0
8356,385.95,PAYMENT,1268,3,0,0,22,0,0
8357,140.22,PAYMENT,1629,0,1,0,3,0,1
8358,60.92,PAYMENT,464,2,0,0,12,0,0
8359,84.41,TRANSFER,268,2,0,0,16,0,0
8360,82.05,CASH_IN,1177,5,0,0,4,0,0
8361,285.78,TRANSFER,547,2,0,1,10,0,0
8362,191.9,CASH_OUT,2814,2,0,0,2,0,0
8363,39.5,PAYMENT,178,5,0,1,4,0,0
8364,95.98,PAYMENT,2134,2,1,0,23,0,0
8365,356.93,PAYMENT,2233,3,0,0,20,0,0
8366,210.96,CASH_IN,565,3,0,0,6,0,0
8367,262.08,PAYMENT,2192,4,0,0,3,0,0
8368,217.66,DEBIT,2681,3,0,0,16,1,0
8369,754.78,PAYMENT,2408,4,0,0,2,0,0
8370,187.93,CASH_OUT,1244,3,0,0,22,0,0
8371,100.88,DEBIT,395,3,0,0,20,0,0
8372,59.4,PAYMENT,1302,1,0,0,6,0,0
8373,190.49,CASH_OUT,2963,3,0,0,20,0,0
8374,12.93,PAYMENT,2374,3,0,1,1,0,0
8375,123.43,PAYMENT,494,3,0,0,12,0,1
8376,120.8,PAYMENT,2064,6,0,0,19,0,0
8377,37.92,CASH_IN,2924,1,0,0,20,0,0
8378,58.66,PAYMENT,1274,6,0,0,16,0,0
8379,333.5,PAYMENT,2815,3,0,0,22,0,0
8380,186.93,DEBIT,2950,1,0,0,22,0,0
8381,164.32,PAYMENT,840,5,0,0,19,0,0
8382,201.61,TRANSFER,1843,7,0,0,20,0,0
8383,162.82,DEBIT,1912,2,0,0,18,0,0
8384,514.33,PAYMENT,2563,5,0,0,21,1,0
8385,167.91,PAYMENT,428,9,0,0,0,0,1
8386,34.53,CASH_IN,1105,2,0,1,17,0,0
8387,757.58,PAYMENT,2849,2,0,1,9,1,0
8388,214.94,PAYMENT,2991,3,0,0,5,0,0
8389,82.33,TRANSFER,1892,3,0,0,2,0,0
8390,42.38,CASH_OUT,915,6,0,0,10,0,1
8391,220.5,PAYMENT,1472,3,0,0,18,0,0
8392,132.0,PAYMENT,1513,5,0,0,6,0,1
8393,716.33,PAYMENT,2596,4,0,0,7,0,0
8394,105.01,PAYMENT,1703,1,0,0,12,1,0
8395,64.24,CASH_OUT,2779,6,0,0,5,1,0
8396,363.51,PAYMENT,2014,2,0,0,12,2,0
8397,374.38,CASH_OUT,1193,2,0,0,20,0,0
8398,175.68,TRANSFER,2424,3,0,0,9,1,0
8399,291.88,PAYMENT,1721,1,0,0,15,0,1
8400,142.92,PAYMENT,87,3,1,0,2,0,0
8401,187.52,PAYMENT,687,7,0,0,14,1,0
8402,475.8,PAYMENT,2255,4,0,0,9,0,0
8403,277.36,CASH_OUT,1540,1,0,0,18,0,0
8404,125.3,CASH_OUT,2542,4,0,0,20,0,0
8405,573.85,PAYMENT,1180,3,0,0,4,0,0
8406,13.95,CASH_OUT,1098,1,1,0,20,0,0
8407,1155.25,DEBIT,2267,2,1,0,2,1,1
8408,26.95,PAYMENT,1415,2,0,0,15,0,0
8409,79.27,TRANSFER,2443,4,0,0,8,0,0
8410,142.46,CASH_OUT,2270,3,0,0,4,0,1
8411,128.19,PAYMENT,2644,2,0,0,3,0,0
8412,406.02,CASH_OUT,2371,1,0,0,13,0,0
8413,51.53,DEBIT,801,5,0,0,18,0,0
8414,192.63,PAYMENT,2604,3,1,0,19,0,0
8415,83.24,CASH_IN,2226,3,0,0,10,0,0
8416,199.37,PAYMENT,2226,2,0,0,8,0,0
8417,139.1,PAYMENT,2328,6,0,1,12,1,0
8418,162.87,TRANSFER,2512,2,0,0,2,0,0
8419,85.63,PAYMENT,2291,3,0,0,16,0,1
8420,89.12,TRANSFER,649,4,0,0,10,1,0
8421,197.8,PAYMENT,2027,2,0,0,5,0,0
8422,381.35,CASH_OUT,2112,3,0,0,1,0,0
8423,81.59,TRANSFER,2458,5,0,1,23,0,1
8424,62.25,TRANSFER,801,8,0,0,6,1,0
8425,274.09,PAYMENT,2304,3,0,0,4,0,0
8426,143.67,PAYMENT,2297,4,0,0,3,0,0
8427,340.53,PAYMENT,1193,4,0,0,14,0,0
8428,59.99,CASH_OUT,2875,3,0,1,17,0,0
8429,25.04,PAYMENT,2342,5,0,0,15,1,0
8430,87.09,CASH_OUT,816,3,0,0,2,0,0
8431,68.97,PAYMENT,365,1,0,0,9,0,0
8432,137.17,CASH_OUT,990,2,0,0,14,0,0
8433,78.5,TRANSFER,1610,2,0,0,14,0,0
8434,311.38,TRANSFER,2409,2,0,1,0,0,0
8435,111.26,CASH_OUT,802,4,0,0,11,0,0
8436,172.51,TRANSFER,753,3,0,0,3,0,1
8437,173.75,CASH_IN,1248,2,0,0,18,1,0
8438,180.36,CASH_OUT,660,6,0,0,4,0,0
8439,144.87,TRANSFER,735,5,1,0,17,0,0
8440,247.3,CASH_IN,1096,1,0,0,14,0,1
8441,66.98,CASH_IN,1009,3,0,1,15,1,0
8442,601.49,TRANSFER,1311,4,0,0,10,0,0
8443,117.15,PAYMENT,2765,1,0,0,2,0,0
8444,39.98,TRANSFER,471,5,1,0,6,1,1
8445,179.12,PAYMENT,1349,3,0,0,21,0,1
8446,63.36,TRANSFER,640,4,0,1,21,0,0
8447,288.68,CASH_OUT,2514,4,0,0,3,1,1
8448,1352.36,CASH_OUT,1761,1,0,0,7,0,0
8449,67.59,CASH_OUT,988,0,0,0,17,0,0
8450,206.93,CASH_OUT,1682,2,1,0,4,1,1
8451,25.65,PAYMENT,1729,4,0,0,2,0,0
8452,233.67,PAYMENT,931,3,1,0,9,0,0
8453,61.21,CASH_OUT,1451,3,0,0,6,0,1
8454,79.45,TRANSFER,1550,1,0,0,19,0,0
8455,49.34,CASH_OUT,830,1,1,0,14,0,1
8456,308.63,PAYMENT,200,5,1,0,7,0,0
8457,406.39,PAYMENT,339,5,1,0,10,1,0
8458,151.92,TRANSFER,2429,2,0,0,4,0,0
8459,62.53,TRANSFER,889,5,0,1,13,0,0
8460,727.43,PAYMENT,1404,0,0,1,18,0,0
8461,70.08,TRANSFER,1626,4,0,1,12,0,0
8462,17.08,PAYMENT,1025,2,0,0,9,0,0
8463,234.72,PAYMENT,2218,4,0,0,11,0,0
8464,49.17,PAYMENT,775,7,0,0,20,1,0
8465,398.86,TRANSFER,1839,5,0,0,12,0,0
8466,101.38,CASH_IN,2298,3,0,0,15,0,1
8467,271.43,PAYMENT,1418,5,0,0,3,1,0
8468,602.75,PAYMENT,772,3,0,0,5,0,0
8469,44.31,CASH_OUT,2917,4,0,0,4,0,0
8470,84.27,CASH_IN,2190,6,0,0,19,1,0
8471,137.6,PAYMENT,1523,2,0,0,2,1,0
8472,690.59,PAYMENT,2753,3,0,0,21,1,0
8473,76.83,PAYMENT,2030,8,0,0,22,0,0
8474,81.9,PAYMENT,202,3,1,0,20,0,0
8475,239.4,CASH_OUT,1959,6,0,0,13,0,0
8476,83.33,DEBIT,1958,6,1,0,17,0,0
8477,172.87,CASH_OUT,1995,4,0,0,1,1,0
8478,31.45,DEBIT,174,5,0,0,6,0,0
8479,1358.76,TRANSFER,791,1,0,0,12,0,0
8480,38.56,CASH_IN,2622,2,1,0,20,0,0
8481,107.58,PAYMENT,2398,5,0,0,22,0,1
8482,143.67,PAYMENT,1201,2,0,1,10,0,0
8483,1004.95,CASH_OUT,2783,4,0,0,1,0,0
8484,39.45,PAYMENT,2203,5,0,0,14,0,0
8485,1078.91,PAYMENT,2989,4,0,0,20,0,0
8486,316.45,CASH_OUT,1963,3,0,0,4,1,1
8487,225.22,PAYMENT,1694,3,0,0,22,0,0
8488,55.44,TRANSFER,2752,1,0,0,18,0,0
8489,262.73,PAYMENT,712,3,0,0,22,0,0
8490,71.99,CASH_OUT,1046,3,0,0,23,0,1
8491,526.72,PAYMENT,1539,1,0,0,6,0,0
8492,56.2,TRANSFER,2293,4,0,1,3,1,0
8493,132.53,PAYMENT,2820,1,0,0,10,0,0
8494,85.18,CASH_OUT,2314,2,0,0,17,2,0
8495,55.28,CASH_OUT,2173,6,0,1,12,2,0
8496,311.48,PAYMENT,2989,2,0,0,9,1,0
8497,253.52,PAYMENT,1686,4,0,0,3,1,1
8498,497.21,PAYMENT,1303,4,0,0,18,0,0
8499,25.03,TRANSFER,1676,3,0,0,9,0,0
8500,430.17,TRANSFER,2149,4,0,0,15,0,0
8501,1817.92,PAYMENT,2045,3,1,1,9,0,0
8502,94.48,CASH_OUT,947,2,0,0,4,0,0
8503,987.47,CASH_IN,981,4,0,0,15,0,0
8504,114.07,PAYMENT,2129,2,0,0,22,0,0
8505,37.62,TRANSFER,184,4,0,0,22,2,0
8506,109.33,TRANSFER,349,4,0,0,0,0,0
8507,423.35,TRANSFER,330,1,0,0,6,0,0
8508,64.19,PAYMENT,224,1,0,0,6,1,0
8509,81.42,PAYMENT,2286,4,0,0,22,0,0
8510,268.68,PAYMENT,1467,3,0,0,2,0,0
8511,148.87,TRANSFER,762,7,0,0,7,0,0
8512,266.3,CASH_OUT,875,4,0,0,23,0,0
8513,188.26,PAYMENT,2875,2,0,0,5,0,1
8514,239.76,PAYMENT,2330,0,0,0,15,0,0
8515,96.32,PAYMENT,1481,3,0,0,5,0,0
8516,187.12,CASH_IN,643,2,0,0,21,0,0
8517,58.71,PAYMENT,1318,2,1,0,2,0,1
8518,538.31,TRANSFER,1405,4,0,0,18,1,0
8519,78.71,CASH_OUT,213,2,0,0,9,0,0
8520,458.91,CASH_IN,528,3,0,0,5,0,0
8521,117.49,CASH_OUT,2934,2,0,0,23,0,1
8522,181.63,PAYMENT,1029,4,0,0,11,0,1
8523,90.47,CASH_IN,2563,2,0,0,23,0,0
8524,53.73,CASH_OUT,2272,4,0,0,3,0,0
8525,25.93,CASH_OUT,2072,2,1,0,21,1,1
8526,51.66,PAYMENT,1074,7,0,0,15,1,0
8527,107.35,PAYMENT,827,0,0,0,10,1,1
8528,183.44,CASH_OUT,1622,2,0,0,1,0,0
8529,407.64,DEBIT,1108,3,0,0,11,1,1
8530,95.03,CASH_OUT,1055,0,0,0,1,0,1
8531,61.44,CASH_IN,333,2,0,0,14,0,0
8532,35.07,TRANSFER,1587,2,0,0,2,0,0
8533,239.86,PAYMENT,1194,1,0,0,12,1,0
8534,591.82,CASH_OUT,2166,1,0,0,22,0,0
8535,526.54,CASH_OUT,2957,2,0,1,16,0,0
8536,301.85,CASH_OUT,1864,2,0,1,20,0,1
8537,281.05,DEBIT,1037,2,0,0,18,0,0
8538,810.48,PAYMENT,2663,3,0,0,0,0,0
8539,206.87,PAYMENT,334,2,0,0,8,0,0
8540,283.19,DEBIT,1218,7,0,0,18,0,0
8541,107.69,PAYMENT,1417,4,0,0,6,0,1
8542,38.01,CASH_OUT,2608,3,0,0,11,0,0
8543,74.9,CASH_IN,313,1,1,0,23,0,1
8544,147.06,PAYMENT,2073,5,0,0,2,1,0
8545,157.71,CASH_IN,470,3,0,0,22,0,0
8546,1018.7,PAYMENT,1498,6,0,0,8,0,0
8547,160.98,CASH_OUT,1992,3,0,0,16,0,1
8548,482.43,PAYMENT,2265,1,0,0,15,0,0
8549,96.06,CASH_OUT,2924,4,0,1,4,0,0
8550,108.67,CASH_OUT,1481,4,0,1,22,1,0
8551,39.29,TRANSFER,774,4,0,0,16,1,0
8552,70.65,CASH_OUT,2704,1,0,1,20,1,0
8553,251.38,DEBIT,586,7,0,0,7,0,0
8554,149.54,CASH_OUT,659,2,0,0,7,0,0
8555,381.05,DEBIT,1881,3,0,0,10,0,0
8556,177.91,TRANSFER,2449,3,0,0,8,0,0
8557,104.33,TRANSFER,2386,1,0,0,10,0,0
8558,1271.94,PAYMENT,1412,2,0,0,2,0,0
8559,135.11,DEBIT,131,1,0,1,18,0,0
8560,474.85,PAYMENT,2209,4,0,0,15,0,0
8561,99.36,PAYMENT,1913,4,0,0,1,0,1
8562,301.75,PAYMENT,231,2,0,0,1,0,0
8563,375.41,PAYMENT,1900,4,0,0,19,0,0
8564,182.82,DEBIT,2371,0,0,0,22,2,0
8565,14.09,PAYMENT,62,1,1,0,14,0,0
8566,151.15,DEBIT,47,5,0,0,0,1,0
8567,507.99,TRANSFER,901,3,0,0,10,0,0
8568,251.51,CASH_IN,701,5,0,0,20,0,0
8569,231.79,TRANSFER,2045,2,0,0,17,0,0
8570,26.52,PAYMENT,2026,3,0,0,5,0,0
8571,72.21,TRANSFER,1168,4,1,1,17,0,1
8572,223.94,TRANSFER,237,3,0,0,20,0,0
8573,223.72,PAYMENT,190,3,0,1,1,1,1
8574,500.03,PAYMENT,348,3,0,1,21,0,0
8575,128.4,PAYMENT,491,2,0,0,21,0,0
8576,222.7,PAYMENT,1612,3,0,0,9,0,0
8577,150.86,CASH_OUT,2015,2,1,0,11,0,1
8578,55.32,PAYMENT,2986,4,0,1,5,0,0
8579,15.55,CASH_OUT,2129,2,0,0,17,0,0
8580,228.38,DEBIT,81,6,1,0,0,1,0
8581,176.61,PAYMENT,2695,2,0,1,13,1,0
8582,79.98,TRANSFER,639,4,1,1,1,0,0
8583,29.4,PAYMENT,1774,1,0,0,1,0,0
8584,278.59,PAYMENT,2208,5,0,0,6,0,0
8585,113.76,CASH_OUT,993,2,0,0,2,0,0
8586,259.01,PAYMENT,252,0,0,0,10,1,1
8587,957.23,PAYMENT,2392,2,1,0,8,0,0
8588,17.44,PAYMENT,866,3,0,0,21,1,0
8589,73.73,CASH_IN,1179,1,0,0,18,0,0
8590,120.38,CASH_OUT,2589,1,0,0,22,0,0
8591,635.76,DEBIT,2207,1,0,0,21,0,0
8592,28.89,DEBIT,2785,4,1,0,20,0,0
8593,1028.5,PAYMENT,1097,4,1,0,7,0,1
8594,170.01,PAYMENT,1859,5,0,0,3,0,0
8595,134.83,PAYMENT,217,5,1,0,15,0,0
8596,121.75,TRANSFER,273,2,1,0,17,0,0
8597,95.94,TRANSFER,952,4,0,0,11,0,0
8598,423.32,PAYMENT,2680,7,0,0,6,0,0
8599,50.98,PAYMENT,1947,2,1,0,22,0,0
8600,209.64,PAYMENT,1580,0,1,0,21,0,0
8601,101.07,CASH_IN,2074,1,0,0,21,0,0
8602,69.26,DEBIT,1747,5,0,0,2,3,1
8603,1970.37,PAYMENT,348,5,0,0,13,0,0
8604,225.66,PAYMENT,1627,3,0,1,3,0,0
8605,274.04,PAYMENT,1643,0,0,0,7,0,0
8606,463.02,CASH_IN,2351,3,0,0,6,1,1
8607,35.83,DEBIT,792,3,0,1,10,0,0
8608,856.02,PAYMENT,2148,0,0,0,1,1,0
8609,12.07,PAYMENT,2006,6,0,0,4,0,0
8610,68.8,PAYMENT,2051,2,0,0,23,0,1
8611,93.78,TRANSFER,2101,5,0,0,19,1,1
8612,265.53,CASH_OUT,1347,4,1,0,5,1,1
8613,184.7,TRANSFER,2211,6,0,0,19,0,0
8614,125.61,DEBIT,2835,1,0,0,4,0,0
8615,146.64,PAYMENT,231,4,0,0,1,2,0
8616,55.81,CASH_OUT,1587,4,1,0,9,1,1
8617,33.21,PAYMENT,2238,1,0,0,22,0,1
8618,306.9,PAYMENT,1099,3,0,0,14,0,0
8619,296.99,CASH_OUT,527,2,0,0,14,0,0
8620,723.78,DEBIT,1491,3,0,0,1,0,0
8621,67.36,CASH_OUT,134,1,1,0,0,0,0
8622,296.73,CASH_OUT,976,1,1,1,3,2,0
8623,111.75,CASH_OUT,1138,1,0,1,11,0,0
8624,488.08,PAYMENT,1877,2,0,0,21,0,0
8625,412.39,CASH_OUT,1607,0,0,0,19,0,0
8626,183.32,CASH_OUT,2602,2,0,0,13,0,1
8627,105.69,TRANSFER,2899,5,1,0,0,0,0
8628,387.97,TRANSFER,2985,1,1,0,11,0,0
8629,283.41,CASH_OUT,1013,2,0,0,6,1,0
8630,74.86,CASH_IN,2368,2,0,0,14,1,0
8631,39.34,PAYMENT,2416,3,0,0,17,0,0
8632,111.22,CASH_IN,2090,0,0,0,8,1,0
8633,675.47,CASH_IN,563,2,0,0,19,0,0
8634,467.07,PAYMENT,581,4,0,0,21,1,0
8635,48.8,CASH_OUT,1985,2,0,0,6,0,0
8636,46.17,PAYMENT,1529,6,0,1,13,1,1
8637,530.96,PAYMENT,156,2,1,0,6,1,0
8638,47.67,TRANSFER,2852,2,0,0,9,0,0
8639,246.98,DEBIT,1787,1,0,0,21,0,0
8640,80.15,PAYMENT,1042,1,0,0,2,0,0
8641,747.73,CASH_IN,852,3,0,0,21,0,0
8642,68.69,TRANSFER,1000,1,0,0,7,0,0
8643,465.62,CASH_IN,2299,2,1,0,2,1,1
8644,178.55,CASH_IN,1644,4,0,0,5,0,0
8645,190.98,CASH_IN,2474,2,0,0,12,0,0
8646,20.69,CASH_OUT,128,5,1,0,9,0,1
8647,16.4,CASH_IN,1536,4,0,0,8,0,0
8648,119.04,PAYMENT,1288,4,0,0,23,0,0
8649,189.98,PAYMENT,308,1,0,0,8,1,1
8650,48.17,PAYMENT,2770,3,0,0,23,1,0
8651,49.96,CASH_OUT,1858,1,0,0,17,1,1
8652,260.21,PAYMENT,2865,4,1,0,4,0,1
8653,260.57,PAYMENT,405,8,1,0,20,0,0
8654,129.32,CASH_IN,265,3,0,0,23,0,0
8655,323.82,CASH_OUT,687,3,0,0,22,4,0
8656,45.87,CASH_IN,97,2,0,0,23,1,0
8657,103.97,PAYMENT,2010,4,0,0,0,0,1
8658,771.15,PAYMENT,2891,4,0,0,5,0,0
8659,158.91,PAYMENT,1229,2,0,0,3,1,1
8660,168.4,PAYMENT,2661,1,0,0,21,0,0
8661,1489.13,PAYMENT,646,1,1,0,7,0,0
8662,36.62,PAYMENT,1983,2,0,0,10,1,1
8663,329.12,PAYMENT,2949,4,0,0,18,0,0
8664,783.67,TRANSFER,1572,2,0,0,23,1,0
8665,107.25,PAYMENT,847,2,0,0,17,0,0
8666,350.59,PAYMENT,82,3,0,0,9,0,0
8667,55.59,CASH_OUT,1382,2,0,0,3,0,1
8668,74.68,CASH_OUT,1320,3,1,0,0,0,0
8669,218.1,CASH_IN,745,5,0,0,18,1,0
8670,329.83,TRANSFER,421,2,0,0,21,0,0
8671,455.29,DEBIT,220,3,0,0,21,1,0
8672,713.1,DEBIT,1748,3,0,0,13,0,0
8673,138.73,TRANSFER,860,1,0,0,13,0,0
8674,489.61,TRANSFER,1207,5,0,1,21,0,0
8675,105.39,PAYMENT,2128,3,1,0,7,0,0
8676,365.8,CASH_OUT,2615,3,0,0,4,0,0
8677,182.63,TRANSFER,2355,3,1,0,4,0,0
8678,231.75,DEBIT,480,6,0,0,22,1,1
8679,226.67,TRANSFER,1916,2,0,0,6,0,0
8680,29.82,DEBIT,363,2,0,0,7,0,0
8681,48.23,CASH_IN,794,2,0,0,23,1,1
8682,164.44,DEBIT,1564,2,0,0,21,0,0
8683,27.46,PAYMENT,2583,3,0,1,13,0,0
8684,340.77,PAYMENT,511,4,0,0,16,0,0
8685,354.8,CASH_OUT,2437,3,0,0,17,0,0
8686,205.85,CASH_OUT,2780,1,0,1,23,0,0
8687,48.37,PAYMENT,2222,2,0,0,12,0,0
8688,590.01,CASH_OUT,582,2,0,0,10,1,0
8689,1138.21,TRANSFER,105,2,0,0,0,0,1
8690,171.93,PAYMENT,702,3,0,0,11,1,1
8691,247.28,TRANSFER,2365,2,0,0,8,0,0
8692,181.59,DEBIT,1202,3,0,0,16,0,0
8693,252.24,TRANSFER,1490,4,0,0,7,0,0
8694,131.69,CASH_OUT,1119,1,0,0,19,1,0
8695,143.37,PAYMENT,1380,4,0,0,21,0,0
8696,367.13,CASH_OUT,2028,1,0,0,23,0,0
8697,1549.4,DEBIT,2620,3,0,0,18,0,1
8698,36.6,TRANSFER,1913,4,0,0,16,1,0
8699,133.78,PAYMENT,966,2,0,0,18,1,1
8700,45.58,CASH_OUT,228,3,0,0,20,0,0
8701,729.26,DEBIT,2497,5,0,0,1,0,0
8702,82.46,PAYMENT,1127,3,0,0,1,0,0
8703,35.05,TRANSFER,140,1,0,0,14,0,0
8704,280.95,PAYMENT,2171,2,1,0,12,0,0
8705,849.21,TRANSFER,2954,4,0,0,14,0,1
8706,288.18,TRANSFER,2437,4,0,1,9,0,1
8707,182.14,DEBIT,326,2,0,0,14,0,1
8708,223.44,TRANSFER,2338,4,0,0,6,0,1
8709,610.84,TRANSFER,2802,3,0,0,6,0,0
8710,61.92,CASH_IN,347,2,0,0,10,0,0
8711,132.71,PAYMENT,301,3,0,0,8,0,0
8712,94.38,CASH_OUT,2285,3,1,0,10,0,0
8713,46.16,CASH_OUT,1397,1,0,0,18,1,1
8714,106.87,PAYMENT,2955,5,0,0,2,0,0
8715,449.31,PAYMENT,2480,4,0,0,2,0,0
8716,261.54,TRANSFER,1688,2,0,0,11,0,0
8717,282.68,PAYMENT,1730,4,0,0,8,0,0
8718,171.82,PAYMENT,1629,6,1,0,11,0,1
8719,250.47,DEBIT,472,4,0,1,1,0,0
8720,66.65,TRANSFER,638,2,1,0,13,0,1
8721,108.91,CASH_IN,1122,5,0,0,0,1,0
8722,179.83,PAYMENT,2546,3,1,0,11,0,1
8723,195.88,DEBIT,2887,1,0,1,7,0,0
8724,204.42,CASH_OUT,1974,6,0,0,13,0,0
8725,129.24,CASH_IN,2901,4,0,0,20,0,0
8726,101.76,PAYMENT,972,3,0,0,23,0,0
8727,3490.4,TRANSFER,1394,1,0,0,18,0,0
8728,367.52,TRANSFER,2953,1,0,1,10,1,1
8729,224.34,CASH_OUT,2538,4,1,0,19,0,0
8730,117.54,CASH_IN,1487,4,0,0,19,0,0
8731,94.52,PAYMENT,1394,4,0,0,1,1,0
8732,130.22,DEBIT,2168,2,0,0,19,0,0
8733,198.91,DEBIT,318,1,0,0,0,0,0
8734,22.64,TRANSFER,2871,5,0,0,7,0,0
8735,30.9,PAYMENT,2049,1,0,0,14,1,0
8736,78.5,CASH_IN,620,1,0,0,1,1,0
8737,182.57,TRANSFER,2633,4,0,0,8,0,0
8738,116.83,CASH_IN,1759,2,0,0,9,0,1
8739,650.75,CASH_IN,2660,1,1,0,15,0,0
8740,33.7,PAYMENT,577,3,1,0,23,0,0
8741,70.01,CASH_OUT,587,5,1,0,14,0,0
8742,678.64,TRANSFER,253,0,1,0,21,0,0
8743,169.21,DEBIT,2848,6,1,0,21,0,0
8744,359.55,PAYMENT,1551,4,0,0,11,0,0
8745,1154.3,PAYMENT,1684,3,0,0,19,1,1
8746,74.16,CASH_IN,1982,3,0,0,14,0,0
8747,134.38,PAYMENT,1078,5,0,0,23,1,0
8748,113.02,CASH_OUT,706,2,0,0,7,0,1
8749,21.02,PAYMENT,2241,6,0,0,17,1,0
8750,108.81,TRANSFER,2368,5,1,1,17,0,1
8751,358.19,CASH_OUT,2122,1,1,0,16,0,1
8752,254.83,TRANSFER,397,2,0,0,18,0,0
8753,275.64,DEBIT,1264,3,0,0,0,0,0
8754,101.95,PAYMENT,766,4,0,0,8,0,0
8755,77.01,PAYMENT,175,4,0,0,5,0,0
8756,528.08,TRANSFER,952,2,1,0,1,2,0
8757,90.26,CASH_OUT,2427,6,0,1,5,0,1
8758,199.15,TRANSFER,828,6,0,0,13,0,0
8759,174.75,PAYMENT,2912,4,0,0,22,0,0
8760,640.16,DEBIT,1063,4,0,1,2,0,0
8761,392.06,TRANSFER,2597,1,0,0,16,0,0
8762,40.64,PAYMENT,1087,5,0,0,17,0,0
8763,45.26,TRANSFER,2311,6,0,0,12,0,0
8764,264.78,PAYMENT,1967,2,0,0,11,0,0
8765,139.17,PAYMENT,553,1,1,0,20,0,0
8766,94.14,PAYMENT,2827,3,0,0,16,1,0
8767,409.78,PAYMENT,1757,4,0,0,2,0,0
8768,179.01,PAYMENT,1917,5,0,0,6,1,0
8769,156.41,TRANSFER,415,2,0,0,8,1,0
8770,323.7,CASH_OUT,2350,1,0,0,4,0,0
8771,101.99,CASH_OUT,873,2,0,0,16,0,0
8772,712.31,PAYMENT,2404,6,0,0,22,0,0
8773,67.49,DEBIT,2412,2,0,0,6,0,0
8774,286.27,CASH_IN,543,1,0,0,0,0,0
8775,622.56,DEBIT,56,1,0,0,6,1,0
8776,37.44,PAYMENT,1975,5,0,0,18,0,0
8777,105.28,CASH_OUT,694,0,0,0,4,1,1
8778,465.08,PAYMENT,2217,2,0,0,18,1,0
8779,472.13,CASH_IN,1758,2,0,0,8,0,0
8780,125.02,PAYMENT,2172,2,0,0,16,1,0
8781,71.19,PAYMENT,2245,0,0,0,6,0,0
8782,386.04,TRANSFER,1570,2,0,0,5,0,0
8783,484.71,TRANSFER,1785,2,0,0,19,0,0
8784,46.31,TRANSFER,57,1,0,0,23,0,1
8785,44.53,PAYMENT,2661,4,0,0,1,1,1
8786,185.91,TRANSFER,337,4,0,0,20,0,1
8787,278.48,DEBIT,163,2,0,0,23,1,0
8788,110.05,CASH_IN,2863,3,0,0,3,0,0
8789,292.74,TRANSFER,2023,6,0,0,20,0,0
8790,72.96,TRANSFER,733,4,0,0,6,0,1
8791,17.91,PAYMENT,2572,5,1,0,3,1,0
8792,97.13,PAYMENT,384,1,0,0,1,0,1
8793,158.1,PAYMENT,576,4,0,0,8,0,0
8794,112.64,TRANSFER,2715,3,0,0,21,0,0
8795,46.59,CASH_OUT,1070,0,0,0,1,1,1
8796,24.15,TRANSFER,139,2,0,0,16,0,0
8797,88.76,PAYMENT,1528,2,0,1,10,0,1
8798,364.18,TRANSFER,2087,6,0,0,23,0,0
8799,521.23,PAYMENT,592,2,0,0,8,0,0
8800,486.73,CASH_OUT,2926,3,1,1,2,0,1
8801,65.63,PAYMENT,1617,5,0,0,1,0,0
8802,46.82,TRANSFER,2826,2,0,0,19,0,0
8803,243.87,CASH_OUT,2686,3,0,0,4,0,1
8804,280.09,PAYMENT,495,4,0,1,14,0,0
8805,221.44,PAYMENT,1433,3,0,0,2,0,1
8806,19.81,TRANSFER,206,2,0,0,12,0,0
8807,62.37,PAYMENT,1417,3,0,0,14,1,1
8808,144.07,TRANSFER,1795,5,0,0,6,0,0
8809,241.58,CASH_OUT,1316,2,0,0,19,0,0
8810,319.68,PAYMENT,1015,3,0,0,13,1,0
8811,171.44,TRANSFER,2957,2,1,1,5,0,0
8812,206.6,DEBIT,990,5,0,0,3,0,0
8813,161.56,TRANSFER,924,3,0,0,17,0,1
8814,294.6,DEBIT,1512,2,0,0,5,0,0
8815,202.93,PAYMENT,2343,2,0,0,19,1,0
8816,158.5,CASH_OUT,1340,3,0,1,21,0,0
8817,113.48,CASH_OUT,54,4,0,0,4,1,1
8818,160.98,CASH_IN,1238,3,0,0,22,0,0
8819,240.95,PAYMENT,456,1,1,0,15,1,0
8820,193.93,PAYMENT,1557,4,0,1,5,2,0
8821,217.2,PAYMENT,1184,4,1,1,12,0,1
8822,568.34,DEBIT,2900,3,0,0,18,1,1
8823,193.48,TRANSFER,1357,1,0,0,9,1,0
8824,77.56,DEBIT,1886,2,0,0,0,0,0
8825,359.1,PAYMENT,2532,5,0,0,22,0,0
8826,37.86,PAYMENT,2824,3,0,0,11,1,0
8827,50.33,PAYMENT,1936,3,0,0,9,0,0
8828,207.65,TRANSFER,2649,2,0,1,23,0,0
8829,248.74,CASH_IN,2603,2,0,0,1,0,0
8830,42.73,PAYMENT,116,2,1,0,1,0,1
8831,101.21,DEBIT,1902,6,0,0,15,0,0
8832,80.96,PAYMENT,422,4,0,0,20,0,0
8833,91.22,CASH_OUT,2762,0,0,0,3,2,0
8834,381.3,CASH_OUT,2591,4,0,0,18,0,0
8835,300.82,PAYMENT,785,2,0,0,12,0,0
8836,145.6,PAYMENT,2237,4,0,1,3,1,0
8837,85.97,PAYMENT,247,2,0,0,17,0,0
8838,38.49,PAYMENT,1474,2,0,0,16,0,0
8839,614.12,DEBIT,812,4,1,0,18,0,1
8840,268.3,DEBIT,575,1,0,0,19,1,0
8841,73.21,CASH_OUT,1714,0,0,0,8,0,0
8842,304.78,CASH_OUT,2036,3,0,0,4,0,0
8843,138.35,PAYMENT,1574,4,0,0,14,0,0
8844,111.37,PAYMENT,2117,2,1,0,15,0,0
8845,229.34,CASH_IN,2103,4,0,0,22,0,0
8846,70.7,TRANSFER,520,0,0,0,15,1,0
8847,105.24,CASH_OUT,1078,1,0,0,18,0,0
8848,167.58,CASH_OUT,228,3,0,0,9,0,0
8849,90.07,TRANSFER,400,3,0,0,15,0,0
8850,289.77,PAYMENT,120,5,0,0,21,1,0
8851,962.05,CASH_OUT,428,5,0,1,4,1,1
8852,69.8,TRANSFER,489,5,0,0,2,0,0
8853,28.07,CASH_IN,2634,5,1,0,18,0,0
8854,20.05,TRANSFER,2302,0,0,0,21,0,0
8855,127.68,PAYMENT,2866,3,0,0,15,0,0
8856,76.47,PAYMENT,2166,1,1,1,4,0,1
8857,182.7,CASH_OUT,1395,2,1,0,19,0,0
8858,169.46,TRANSFER,602,4,0,0,12,0,0
8859,29.87,TRANSFER,1323,2,1,1,4,0,1
8860,24.17,TRANSFER,2789,3,0,0,1,0,0
8861,199.52,TRANSFER,2421,3,0,0,2,0,0
8862,169.94,PAYMENT,1888,3,0,0,10,1,1
8863,96.95,PAYMENT,1228,3,0,0,23,0,0
8864,28.3,PAYMENT,499,2,0,0,23,0,0
8865,237.79,PAYMENT,941,2,0,0,3,0,0
8866,529.48,TRANSFER,868,1,0,0,12,0,0
8867,195.97,PAYMENT,2863,5,1,0,3,0,0
8868,63.59,PAYMENT,1994,3,0,0,7,0,0
8869,155.17,PAYMENT,1048,3,0,0,7,0,0
8870,37.86,PAYMENT,2615,1,0,0,2,1,1
8871,427.5,DEBIT,2307,1,0,0,2,0,0
8872,161.07,PAYMENT,1759,2,0,0,0,0,0
8873,25.33,CASH_OUT,2207,3,0,0,9,0,0
8874,109.87,PAYMENT,1203,2,0,0,6,2,0
8875,235.87,CASH_IN,2704,3,0,0,21,0,0
8876,106.37,DEBIT,195,1,0,0,18,0,0
8877,112.63,TRANSFER,2759,2,0,0,0,0,1
8878,43.62,CASH_IN,1721,0,0,0,20,0,0
8879,261.53,PAYMENT,2652,9,0,0,0,0,0
8880,77.6,PAYMENT,1326,4,0,0,5,0,0
8881,17.18,PAYMENT,272,2,0,0,2,0,0
8882,102.39,PAYMENT,2445,0,0,0,19,0,0
8883,395.9,PAYMENT,2776,4,0,0,20,1,0
8884,100.79,PAYMENT,656,0,0,0,8,0,0
8885,843.86,TRANSFER,2335,3,0,0,14,1,1
8886,227.91,CASH_OUT,2284,1,1,0,3,1,1
8887,208.25,PAYMENT,1161,4,0,0,6,1,1
8888,130.53,PAYMENT,2333,4,0,0,6,1,0
8889,138.62,TRANSFER,1674,2,0,0,0,0,1
8890,114.04,TRANSFER,2324,2,0,0,1,0,1
8891,109.7,PAYMENT,207,4,1,0,17,0,0
8892,252.36,PAYMENT,1196,6,1,0,21,0,1
8893,58.22,TRANSFER,1130,0,0,0,17,0,0
8894,50.61,PAYMENT,2115,3,0,0,22,0,0
8895,48.27,CASH_IN,421,6,1,0,19,0,1
8896,1147.86,PAYMENT,621,7,1,0,6,0,0
8897,252.23,PAYMENT,2737,3,1,0,10,0,0
8898,201.24,TRANSFER,1497,4,1,0,6,1,0
8899,51.55,DEBIT,2871,4,0,0,22,0,0
8900,276.81,CASH_OUT,960,1,0,0,23,1,1
8901,132.08,PAYMENT,150,8,0,0,19,0,0
8902,183.86,PAYMENT,366,1,0,0,11,1,0
8903,55.89,TRANSFER,1839,4,0,1,18,0,0
8904,174.21,PAYMENT,2761,3,0,0,13,0,0
8905,97.14,CASH_OUT,2212,3,0,0,8,0,0
8906,69.02,TRANSFER,1289,2,0,0,2,1,0
8907,309.24,PAYMENT,1088,5,0,0,15,0,0
8908,31.89,PAYMENT,2446,3,0,0,18,0,0
8909,261.07,CASH_OUT,1865,0,0,0,3,0,0
8910,294.27,TRANSFER,83,1,1,0,0,0,1
8911,61.58,CASH_IN,1182,4,0,1,13,0,0
8912,65.34,PAYMENT,310,5,0,0,13,0,0
8913,118.74,CASH_OUT,1389,3,0,0,20,1,0
8914,196.77,PAYMENT,278,3,0,0,7,0,0
8915,127.38,PAYMENT,2967,2,0,0,12,0,0
8916,228.96,CASH_OUT,1836,1,0,0,11,1,0
8917,865.22,CASH_IN,616,4,0,0,12,0,0
8918,89.33,PAYMENT,386,1,0,1,22,1,0
8919,26.7,CASH_OUT,516,3,0,0,20,0,0
8920,338.97,CASH_OUT,1738,5,1,0,22,0,1
8921,798.96,PAYMENT,1429,0,0,0,2,0,0
8922,219.81,CASH_IN,1098,1,0,0,0,0,0
8923,50.01,TRANSFER,1488,5,0,0,21,0,0
8924,131.12,CASH_OUT,561,3,1,0,22,1,1
8925,48.5,TRANSFER,2834,2,0,1,12,1,0
8926,282.27,TRANSFER,236,3,0,0,9,0,0
8927,38.43,CASH_IN,2756,3,0,0,19,1,0
8928,109.93,PAYMENT,1920,2,0,0,7,0,1
8929,54.36,PAYMENT,314,3,0,0,10,0,0
8930,168.48,CASH_IN,1841,5,1,0,2,0,1
8931,102.89,CASH_IN,967,2,0,1,12,0,0
8932,177.11,PAYMENT,1900,7,0,0,4,0,1
8933,151.77,PAYMENT,2173,2,0,0,11,0,0
8934,55.33,CASH_OUT,2061,3,0,0,23,0,0
8935,277.79,PAYMENT,2901,4,0,0,0,0,1
8936,141.35,TRANSFER,912,2,1,0,6,0,0
8937,55.23,PAYMENT,1833,4,0,0,8,0,0
8938,1395.39,TRANSFER,2038,5,0,0,16,0,0
8939,238.99,PAYMENT,1663,4,1,0,1,0,1
8940,127.32,CASH_OUT,2587,6,0,0,6,0,0
8941,611.07,CASH_OUT,855,5,0,0,14,1,0
8942,936.19,TRANSFER,1930,0,0,0,22,0,0
8943,128.34,PAYMENT,90,2,0,0,13,0,1
8944,210.06,PAYMENT,1182,4,0,1,8,1,0
8945,55.26,PAYMENT,2166,1,0,0,20,0,0
8946,128.1,TRANSFER,2047,4,0,0,21,0,0
8947,121.62,CASH_OUT,99,3,0,1,23,0,0
8948,178.54,PAYMENT,714,1,1,0,20,1,0
8949,207.01,CASH_OUT,2470,3,0,0,4,0,1
8950,259.78,CASH_OUT,2701,4,0,0,3,0,0
8951,188.23,TRANSFER,1205,4,0,1,19,1,0
8952,44.22,PAYMENT,1625,3,0,0,14,0,0
8953,58.06,CASH_IN,1284,3,0,0,14,0,0
8954,85.94,CASH_OUT,2543,1,0,0,1,0,0
8955,111.92,DEBIT,1051,1,0,0,17,0,0
8956,424.44,PAYMENT,461,0,0,0,12,2,0
8957,46.39,DEBIT,964,3,0,0,19,0,0
8958,103.81,PAYMENT,303,4,0,0,15,0,0
8959,384.91,TRANSFER,1401,2,0,0,2,0,1
8960,109.96,TRANSFER,1361,2,0,0,4,0,0
8961,235.2,TRANSFER,1410,0,0,0,5,0,0
8962,129.08,CASH_OUT,262,3,0,0,13,0,0
8963,191.86,PAYMENT,1217,0,1,0,10,0,0
8964,118.1,CASH_IN,1357,3,0,1,9,0,0
8965,289.18,TRANSFER,914,3,0,0,2,0,0
8966,31.66,DEBIT,2933,4,0,0,14,0,0
8967,103.2,PAYMENT,832,1,0,0,14,0,1
8968,199.65,CASH_OUT,739,3,1,0,1,1,1
8969,253.08,TRANSFER,878,6,0,0,20,1,0
8970,660.47,TRANSFER,1659,1,0,0,5,0,0
8971,100.38,CASH_OUT,1680,2,0,0,10,1,0
8972,651.63,PAYMENT,1125,4,1,0,6,0,0
8973,76.78,PAYMENT,1901,3,0,0,3,0,0
8974,560.4,CASH_OUT,1859,2,0,0,22,0,0
8975,336.12,TRANSFER,2231,2,0,0,4,2,1
8976,59.53,PAYMENT,2331,3,1,0,3,0,1
8977,201.75,TRANSFER,721,3,0,0,16,1,1
8978,141.0,TRANSFER,1497,4,1,0,8,0,0
8979,277.43,CASH_OUT,37,2,0,0,16,0,0
8980,118.72,PAYMENT,2112,1,0,0,7,1,0
8981,109.15,TRANSFER,831,3,0,0,23,0,0
8982,583.53,CASH_OUT,1191,1,0,0,19,0,0
8983,134.46,CASH_OUT,1733,4,0,0,17,0,0
8984,339.14,CASH_IN,1161,4,0,0,3,0,0
8985,118.47,TRANSFER,169,3,0,0,19,1,0
8986,785.77,PAYMENT,2232,3,0,0,13,1,1
8987,75.31,PAYMENT,688,3,0,0,1,0,0
8988,80.31,PAYMENT,342,3,0,0,11,0,0
8989,681.65,PAYMENT,1271,5,0,0,3,0,0
8990,95.11,CASH_IN,595,4,0,0,11,0,0
8991,735.89,CASH_IN,1580,0,0,0,23,0,0
8992,362.07,TRANSFER,1276,3,1,0,5,0,1
8993,127.15,PAYMENT,1986,3,0,0,4,0,0
8994,24.21,PAYMENT,2778,3,1,0,14,1,0
8995,145.57,CASH_IN,431,5,0,0,20,0,1
8996,164.29,CASH_IN,2810,4,0,0,1,0,1
8997,476.86,PAYMENT,2461,4,1,0,20,0,1
8998,726.65,CASH_OUT,881,3,1,1,16,2,1
8999,74.81,PAYMENT,2738,1,0,0,3,0,0
9000,330.69,PAYMENT,812,2,0,0,22,1,0
9001,319.07,PAYMENT,372,2,0,0,19,0,0
9002,434.16,TRANSFER,1816,7,0,0,4,0,0
9003,244.37,PAYMENT,2933,3,0,0,6,0,1
9004,21.27,PAYMENT,605,2,0,0,8,1,0
9005,127.05,PAYMENT,811,4,0,0,12,2,0
9006,46.73,PAYMENT,2580,5,0,0,7,1,0
9007,121.19,CASH_OUT,2643,3,0,0,12,0,1
9008,395.44,PAYMENT,1368,3,0,0,4,0,0
9009,201.37,CASH_IN,2717,4,1,0,15,0,0
9010,467.82,PAYMENT,1240,5,0,0,1,0,0
9011,208.88,PAYMENT,2900,4,1,0,1,0,0
9012,40.52,PAYMENT,1480,3,0,0,16,1,0
9013,11.93,PAYMENT,721,1,0,0,13,1,1
9014,172.23,PAYMENT,688,3,0,0,12,0,0
9015,119.83,PAYMENT,213,2,1,0,23,0,0
9016,55.87,CASH_IN,2551,0,0,0,23,0,0
9017,27.1,CASH_OUT,1729,2,0,0,1,0,0
9018,71.18,CASH_IN,1233,1,0,0,0,0,0
9019,122.18,PAYMENT,1353,5,0,0,7,0,0
9020,288.84,TRANSFER,1867,3,0,0,22,3,0
9021,179.22,PAYMENT,2174,2,0,0,20,0,0
9022,741.05,CASH_OUT,1733,5,0,0,17,1,0
9023,52.69,DEBIT,365,0,1,0,11,0,0
9024,358.19,CASH_IN,1494,4,0,0,15,0,0
9025,155.6,PAYMENT,432,3,0,0,9,0,0
9026,297.28,PAYMENT,265,2,0,0,15,0,0
9027,95.92,PAYMENT,635,3,0,0,21,1,0
9028,433.41,PAYMENT,252,4,0,0,2,0,0
9029,199.38,PAYMENT,945,4,0,0,3,1,0
9030,75.23,PAYMENT,652,3,0,0,15,0,0
9031,146.64,PAYMENT,1863,3,0,0,20,0,0
9032,116.8,TRANSFER,2139,2,0,0,21,0,0
9033,242.06,TRANSFER,1282,3,0,0,0,0,0
9034,45.61,CASH_OUT,268,3,0,0,17,1,0
9035,144.12,PAYMENT,1779,5,0,0,6,0,0
9036,220.37,PAYMENT,1642,1,0,0,11,0,0
9037,153.4,CASH_OUT,2635,2,0,1,6,0,1
9038,570.74,TRANSFER,2833,3,0,0,9,0,0
9039,321.83,PAYMENT,1603,5,1,0,5,0,0
9040,147.31,CASH_IN,636,3,0,0,3,0,0
9041,184.32,PAYMENT,2462,1,1,0,0,0,0
9042,199.47,PAYMENT,972,4,0,1,10,1,1
9043,222.14,TRANSFER,2440,2,0,0,3,0,0
9044,23.91,PAYMENT,1194,1,0,0,2,1,0
9045,109.78,TRANSFER,601,2,0,0,1,0,0
9046,33.63,PAYMENT,1006,1,0,0,6,0,0
9047,532.87,PAYMENT,989,2,0,0,23,0,0
9048,139.65,DEBIT,1505,7,1,0,16,1,1
9049,122.32,PAYMENT,2364,4,0,0,11,0,0
9050,363.87,CASH_OUT,1963,3,0,0,4,0,0
9051,226.4,PAYMENT,2978,4,0,0,22,1,0
9052,48.01,TRANSFER,916,3,0,0,18,0,0
9053,138.25,PAYMENT,723,1,0,0,19,0,0
9054,106.15,CASH_OUT,210,5,0,0,0,0,0
9055,25.93,CASH_OUT,1218,3,1,0,2,0,0
9056,74.42,PAYMENT,1542,2,0,0,15,0,0
9057,123.53,PAYMENT,2472,2,0,0,13,1,1
9058,132.3,DEBIT,327,0,0,0,1,0,1
9059,33.71,CASH_IN,2772,2,0,0,0,0,0
9060,469.5,TRANSFER,1219,1,0,0,6,0,0
9061,134.01,TRANSFER,938,6,1,0,21,0,0
9062,154.09,CASH_IN,1395,1,0,0,19,0,0
9063,221.55,PAYMENT,1831,3,0,0,10,0,0
9064,67.49,CASH_OUT,2217,7,0,1,11,0,0
9065,234.24,TRANSFER,1297,4,0,0,3,0,0
9066,102.81,CASH_OUT,2043,1,0,0,15,1,0
9067,60.55,PAYMENT,2827,2,1,0,16,1,0
9068,263.34,TRANSFER,1264,6,0,0,0,0,0
9069,659.63,TRANSFER,1682,3,0,0,11,0,0
9070,306.38,CASH_IN,39,4,0,0,16,0,0
9071,373.52,CASH_OUT,2974,3,0,0,15,0,0
9072,88.18,CASH_IN,982,2,0,0,3,0,0
9073,30.04,CASH_IN,100,1,0,0,17,1,0
9074,658.61,TRANSFER,2984,3,0,0,21,0,0
9075,1158.08,PAYMENT,2204,2,1,0,23,0,0
9076,694.23,CASH_OUT,2337,3,0,1,15,0,0
9077,106.08,CASH_IN,257,3,0,0,21,2,0
9078,46.78,PAYMENT,2522,1,1,0,1,0,0
9079,51.13,TRANSFER,2034,3,0,0,9,1,0
9080,27.56,PAYMENT,807,4,0,0,13,0,0
9081,133.3,PAYMENT,1268,2,0,0,5,0,0
9082,739.28,CASH_OUT,1442,4,0,0,15,0,0
9083,128.81,CASH_OUT,2010,4,1,0,6,0,0
9084,200.8,CASH_OUT,2317,2,0,0,7,1,0
9085,587.34,CASH_IN,409,4,0,0,0,0,0
9086,99.08,PAYMENT,2409,4,0,0,0,0,0
9087,1136.3,PAYMENT,955,1,0,0,11,1,0
9088,1088.0,CASH_IN,2494,2,0,0,1,0,0
9089,130.18,TRANSFER,194,1,0,0,12,0,0
9090,83.3,PAYMENT,2927,2,0,1,12,0,0
9091,298.04,CASH_OUT,2040,4,0,0,17,1,0
9092,104.84,CASH_IN,268,1,1,0,19,0,0
9093,46.69,CASH_OUT,2356,2,0,0,2,0,0
9094,534.45,CASH_OUT,2147,4,0,0,0,0,1
9095,500.92,PAYMENT,1828,1,0,0,8,1,0
9096,173.38,PAYMENT,48,0,0,0,23,1,1
9097,41.98,CASH_IN,2315,2,0,0,7,0,0
9098,43.4,CASH_OUT,940,1,0,0,18,0,0
9099,165.21,PAYMENT,2147,6,0,0,3,2,0
9100,90.03,TRANSFER,227,5,0,0,4,0,0
9101,105.52,CASH_OUT,2921,2,0,0,16,0,0
9102,412.39,PAYMENT,223,1,0,0,11,0,0
9103,308.95,CASH_OUT,161,2,0,0,12,1,0
9104,588.83,PAYMENT,2452,3,0,0,13,0,0
9105,55.11,PAYMENT,1123,2,0,0,16,0,0
9106,105.3,CASH_OUT,796,3,1,0,21,0,0
9107,317.03,PAYMENT,2823,2,0,0,19,2,0
9108,232.31,PAYMENT,1498,2,0,0,18,1,0
9109,687.03,CASH_IN,2448,4,0,0,6,1,0
9110,226.0,CASH_OUT,1493,2,0,0,13,1,1
9111,942.1,TRANSFER,1922,3,0,0,10,0,0
9112,254.68,PAYMENT,259,0,0,0,6,0,0
9113,429.3,PAYMENT,1136,4,0,0,14,1,0
9114,107.39,TRANSFER,784,4,0,1,12,0,0
9115,150.55,PAYMENT,1572,2,0,0,4,1,1
9116,369.05,TRANSFER,1491,2,0,0,13,0,0
9117,744.7,TRANSFER,1519,2,0,0,2,0,0
9118,307.73,TRANSFER,2260,0,0,0,14,0,0
9119,136.57,PAYMENT,2432,2,0,0,0,1,0
9120,588.36,PAYMENT,1804,1,0,0,21,0,0
9121,16.58,DEBIT,594,1,0,0,21,0,0
9122,35.79,DEBIT,1648,4,0,0,7,0,0
9123,293.43,TRANSFER,1737,3,0,0,19,0,0
9124,150.52,CASH_OUT,2105,2,0,0,13,0,0
9125,271.92,CASH_OUT,843,2,0,1,1,0,0
9126,158.29,PAYMENT,480,5,0,1,6,0,0
9127,262.68,PAYMENT,516,1,0,0,14,0,0
9128,65.73,PAYMENT,1720,2,1,0,12,1,0
9129,262.56,TRANSFER,2030,4,0,1,18,1,0
9130,401.18,TRANSFER,236,4,0,0,7,1,0
9131,502.98,DEBIT,1297,3,0,0,0,0,0
9132,1111.6,CASH_OUT,708,2,0,0,23,0,1
9133,189.44,CASH_IN,2291,2,0,0,14,0,0
9134,195.18,CASH_IN,1137,2,0,0,7,0,0
9135,32.36,CASH_IN,2104,4,0,0,19,0,1
9136,87.23,PAYMENT,1555,5,0,0,13,0,0
9137,122.35,PAYMENT,2892,7,0,0,5,0,0
9138,424.25,TRANSFER,2897,4,0,0,2,0,0
9139,80.56,CASH_OUT,98,4,1,0,5,0,0
9140,329.09,PAYMENT,2271,3,0,0,0,0,0
9141,148.17,CASH_IN,2374,2,0,0,16,0,0
9142,124.32,DEBIT,1615,2,0,0,22,0,0
9143,190.36,TRANSFER,586,3,0,0,14,1,1
9144,100.37,TRANSFER,1685,5,0,0,20,1,0
9145,96.64,CASH_IN,996,4,0,0,19,0,0
9146,26.98,PAYMENT,321,2,0,0,17,0,0
9147,115.82,PAYMENT,1765,4,0,1,1,0,1
9148,91.84,CASH_IN,632,4,0,0,4,0,0
9149,88.59,CASH_OUT,355,2,0,0,9,0,1
9150,225.17,TRANSFER,1205,3,0,0,7,0,0
9151,286.76,CASH_IN,705,3,0,0,18,1,0
9152,187.2,PAYMENT,1186,3,0,0,0,0,0
9153,401.58,CASH_OUT,1044,3,0,0,1,0,0
9154,263.9,CASH_OUT,1969,1,0,0,20,0,0
9155,110.49,PAYMENT,210,3,0,0,14,0,0
9156,93.42,PAYMENT,2845,2,0,0,22,0,0
9157,202.92,DEBIT,390,5,0,0,10,0,1
9158,263.42,PAYMENT,2501,3,0,0,2,0,0
9159,600.55,PAYMENT,639,2,0,0,23,0,0
9160,488.42,TRANSFER,1924,3,0,0,18,0,0
9161,86.36,PAYMENT,2201,3,0,0,15,1,0
9162,134.02,CASH_IN,2255,2,0,0,5,2,0
9163,290.33,PAYMENT,359,4,0,0,13,0,0
9164,431.82,CASH_OUT,1806,5,1,0,4,0,1
9165,379.54,PAYMENT,1279,3,0,0,12,1,0
9166,139.23,CASH_IN,192,4,1,1,19,1,0
9167,42.35,TRANSFER,1885,2,1,0,16,0,0
9168,54.66,PAYMENT,1986,3,0,0,8,0,0
9169,194.93,DEBIT,842,1,0,0,10,0,0
9170,208.98,PAYMENT,522,2,0,0,3,1,1
9171,49.47,TRANSFER,1859,2,0,1,19,0,1
9172,155.18,DEBIT,2955,4,1,0,0,0,0
9173,279.0,CASH_OUT,500,1,0,1,2,0,0
9174,46.94,CASH_OUT,1410,2,0,0,9,0,0
9175,448.09,PAYMENT,370,1,0,0,15,0,0
9176,101.74,PAYMENT,2232,3,0,0,8,0,0
9177,521.97,PAYMENT,789,3,1,0,4,0,1
9178,87.06,DEBIT,2662,4,0,0,3,1,0
9179,53.16,DEBIT,2177,2,1,0,2,0,1
9180,93.87,PAYMENT,255,5,1,0,13,0,0
9181,134.94,PAYMENT,1083,1,0,0,15,0,0
9182,100.64,PAYMENT,2812,5,0,0,8,0,0
9183,119.58,PAYMENT,1069,5,0,0,23,0,0
9184,207.26,PAYMENT,2019,3,0,0,17,0,0
9185,125.06,CASH_OUT,2795,3,0,0,18,0,0
9186,138.92,CASH_IN,2535,1,0,0,10,0,0
9187,26.86,CASH_OUT,2293,3,0,0,9,0,0
9188,219.58,CASH_OUT,641,3,1,0,23,0,1
9189,135.75,CASH_OUT,2613,4,0,0,15,0,0
9190,742.7,CASH_OUT,1828,3,1,1,14,0,1
9191,58.0,TRANSFER,462,3,0,0,7,0,0
9192,24.33,PAYMENT,2635,3,0,0,16,0,0
9193,275.36,PAYMENT,269,3,0,0,9,1,1
9194,209.88,CASH_OUT,845,1,0,0,0,0,0
9195,54.14,DEBIT,131,4,0,0,15,0,1
9196,32.14,TRANSFER,694,3,0,0,16,0,0
9197,690.49,DEBIT,1620,3,1,0,6,0,0
9198,610.4,PAYMENT,2398,1,0,0,7,0,0
9199,12.34,CASH_OUT,1721,2,0,0,20,3,1
9200,93.86,CASH_IN,2886,4,0,0,10,1,0
9201,783.83,CASH_OUT,442,0,0,0,14,0,0
9202,92.2,DEBIT,957,5,0,1,5,1,1
9203,90.87,TRANSFER,63,4,0,0,9,0,0
9204,111.86,PAYMENT,1880,2,0,1,21,0,0
9205,48.38,PAYMENT,2827,1,0,0,7,0,0
9206,26.98,TRANSFER,474,4,0,0,3,1,1
9207,425.19,DEBIT,209,4,1,0,8,0,0
9208,23.5,PAYMENT,1884,5,0,0,17,2,1
9209,190.05,CASH_OUT,1719,2,0,0,12,1,0
9210,360.17,CASH_OUT,746,2,0,0,10,0,0
9211,34.77,PAYMENT,1321,4,0,1,15,0,0
9212,58.89,PAYMENT,998,2,0,1,19,0,0
9213,499.29,PAYMENT,341,1,0,0,18,1,0
9214,252.87,PAYMENT,35,5,0,0,20,0,0
9215,80.06,PAYMENT,2625,5,0,0,7,0,0
9216,493.86,PAYMENT,667,1,0,1,3,0,0
9217,495.98,PAYMENT,487,3,0,0,20,0,1
9218,194.23,CASH_OUT,1794,3,1,0,10,0,0
9219,60.33,CASH_OUT,1752,5,0,0,22,0,0
9220,98.16,CASH_OUT,2648,3,0,0,0,0,0
9221,197.63,TRANSFER,2145,6,0,0,7,0,1
9222,122.9,DEBIT,149,1,0,0,19,0,0
9223,379.54,CASH_IN,993,4,0,0,11,0,0
9224,32.14,DEBIT,1386,5,0,0,15,0,0
9225,33.31,PAYMENT,877,2,0,0,19,0,0
9226,177.84,CASH_IN,904,4,0,0,15,1,0
9227,90.78,CASH_OUT,2423,3,0,1,8,0,0
9228,79.28,PAYMENT,1918,1,1,1,10,0,1
9229,25.33,PAYMENT,1719,2,0,1,8,0,0
9230,151.34,CASH_OUT,1894,1,1,0,17,0,0
9231,140.79,PAYMENT,1350,4,0,0,22,0,0
9232,285.28,PAYMENT,1768,5,0,1,10,0,0
9233,159.0,TRANSFER,1698,7,0,1,16,0,1
9234,129.98,CASH_OUT,963,3,0,0,6,1,0
9235,481.55,DEBIT,2705,2,0,0,15,0,0
9236,39.95,TRANSFER,2691,3,0,0,12,0,0
9237,253.76,CASH_OUT,1413,2,0,1,12,1,0
9238,27.91,PAYMENT,1401,2,1,0,11,0,0
9239,64.18,CASH_OUT,1490,3,0,0,4,1,0
9240,44.14,TRANSFER,2005,1,1,0,2,0,0
9241,324.39,CASH_IN,304,3,0,1,16,1,0
9242,139.02,PAYMENT,2707,1,0,0,8,1,1
9243,146.42,TRANSFER,98,3,0,0,0,0,0
9244,49.07,TRANSFER,2804,5,0,0,17,0,0
9245,109.98,CASH_IN,338,3,1,0,3,1,0
9246,69.17,DEBIT,2224,3,0,0,20,0,0
9247,217.77,PAYMENT,607,3,0,0,23,0,0
9248,55.09,TRANSFER,2585,3,0,0,4,0,1
9249,561.04,CASH_OUT,205,1,0,0,8,2,0
9250,27.78,CASH_IN,2655,2,0,0,19,0,0
9251,66.25,TRANSFER,2278,4,0,0,23,0,0
9252,794.09,PAYMENT,1860,1,0,1,1,0,0
9253,96.05,PAYMENT,2790,3,0,0,15,0,0
9254,39.85,TRANSFER,1692,3,0,0,1,0,0
9255,184.76,TRANSFER,1204,2,0,0,19,0,0
9256,92.26,PAYMENT,1214,3,0,0,13,0,0
9257,64.34,PAYMENT,2265,1,0,0,23,1,0
9258,49.61,CASH_OUT,259,2,0,0,12,0,0
9259,2364.62,DEBIT,1663,2,0,0,22,0,1
9260,115.41,DEBIT,1975,2,1,0,12,0,0
9261,21.64,CASH_OUT,1234,3,0,0,11,0,1
9262,660.97,CASH_IN,875,6,0,0,1,1,1
9263,273.44,PAYMENT,1523,4,0,0,23,2,0
9264,68.96,CASH_OUT,456,2,0,0,13,0,0
9265,58.37,PAYMENT,1869,3,0,1,4,0,1
9266,291.04,CASH_OUT,1457,3,0,1,13,0,0
9267,115.94,DEBIT,507,1,0,0,6,0,1
9268,21.63,CASH_IN,1984,2,0,0,18,0,0
9269,886.46,TRANSFER,1086,5,0,0,16,1,0
9270,96.16,CASH_OUT,779,2,0,0,3,3,0
9271,662.2,DEBIT,2670,4,0,1,15,1,1
9272,532.95,PAYMENT,2944,4,0,0,6,0,0
9273,54.54,CASH_OUT,543,1,0,0,2,0,1
9274,417.04,PAYMENT,361,6,0,0,10,0,0
9275,77.37,CASH_IN,1469,0,1,0,22,0,0
9276,22.95,PAYMENT,562,2,0,0,16,0,0
9277,97.07,PAYMENT,2082,2,0,0,11,0,0
9278,220.88,CASH_OUT,2361,3,0,1,21,0,0
9279,93.43,PAYMENT,333,2,1,0,19,0,0
9280,109.17,PAYMENT,2941,1,0,0,20,0,0
9281,465.71,TRANSFER,1307,2,1,0,12,0,1
9282,165.09,CASH_IN,896,4,0,0,3,0,0
9283,63.86,PAYMENT,2915,1,0,0,13,0,0
9284,299.47,CASH_IN,1648,1,0,0,23,1,0
9285,180.85,CASH_IN,2245,1,0,0,2,0,1
9286,11.92,TRANSFER,2083,4,0,0,21,1,0
9287,227.77,CASH_OUT,171,1,0,0,13,0,0
9288,219.6,PAYMENT,404,3,0,0,17,0,0
9289,151.43,PAYMENT,1178,6,0,0,1,0,0
9290,362.02,PAYMENT,2472,2,0,0,4,1,1
9291,75.76,PAYMENT,1220,4,0,0,16,2,0
9292,207.78,PAYMENT,1734,3,0,0,12,0,0
9293,30.97,PAYMENT,1077,3,0,0,5,0,0
9294,222.98,CASH_OUT,1736,3,0,0,5,1,0
9295,1046.35,TRANSFER,2186,1,0,0,20,2,0
9296,54.88,DEBIT,2287,3,0,0,8,2,1
9297,69.42,PAYMENT,2684,1,0,0,12,0,0
9298,72.97,PAYMENT,1255,5,0,0,12,1,0
9299,169.02,TRANSFER,1463,2,0,0,13,1,0
9300,51.26,PAYMENT,2874,3,1,0,16,1,0
9301,226.16,CASH_OUT,2079,4,0,0,22,0,1
9302,346.14,TRANSFER,1851,2,1,0,3,1,1
9303,253.24,TRANSFER,2820,8,0,0,11,1,1
9304,25.32,PAYMENT,2843,1,0,0,12,0,0
9305,401.48,PAYMENT,1164,2,0,0,5,0,0
9306,378.94,TRANSFER,2153,3,0,0,18,0,0
9307,340.41,PAYMENT,2289,1,0,0,22,1,0
9308,215.47,PAYMENT,2006,8,0,0,19,0,0
9309,184.97,TRANSFER,1286,4,0,0,8,1,0
9310,416.71,PAYMENT,2264,4,0,0,3,0,0
9311,1015.88,CASH_OUT,1328,3,0,0,8,0,0
9312,57.22,PAYMENT,2387,1,0,0,12,1,0
9313,436.21,PAYMENT,917,2,0,0,19,1,0
9314,136.15,PAYMENT,240,5,1,1,10,0,0
9315,130.36,PAYMENT,2428,3,0,0,10,1,0
9316,31.93,PAYMENT,1854,3,0,0,0,0,0
9317,111.63,PAYMENT,2399,2,0,0,9,0,0
9318,54.75,PAYMENT,236,3,0,0,16,0,0
9319,93.33,PAYMENT,1143,2,0,0,16,0,0
9320,49.49,CASH_IN,2735,3,1,0,5,1,0
9321,94.74,CASH_IN,94,3,0,0,21,0,0
9322,98.88,PAYMENT,2493,4,0,0,4,0,0
9323,163.49,PAYMENT,1052,4,0,1,23,0,0
9324,29.53,CASH_OUT,1953,3,1,0,4,0,0
9325,34.97,CASH_IN,1345,4,0,0,17,0,0
9326,213.13,DEBIT,2554,4,0,0,12,1,0
9327,66.86,PAYMENT,2072,1,0,0,11,0,1
9328,434.65,TRANSFER,1494,2,1,0,15,1,1
9329,185.91,CASH_OUT,399,4,0,0,4,0,0
9330,272.26,CASH_IN,2750,3,1,0,17,0,1
9331,608.31,PAYMENT,2820,1,0,0,21,0,0
9332,108.88,CASH_OUT,2731,5,0,0,6,0,0
9333,83.56,PAYMENT,461,7,0,0,18,0,0
9334,354.85,PAYMENT,2316,2,0,0,14,0,0
9335,247.03,TRANSFER,322,2,0,0,5,1,0
9336,123.06,PAYMENT,2314,4,0,0,12,1,0
9337,596.73,CASH_OUT,2722,4,0,0,4,0,1
9338,120.03,CASH_OUT,1871,4,0,0,23,0,0
9339,153.36,CASH_IN,730,5,0,0,6,1,0
9340,151.6,PAYMENT,1779,3,0,0,12,0,0
9341,58.29,PAYMENT,354,3,0,0,3,0,0
9342,160.39,PAYMENT,2499,3,0,0,22,1,0
9343,599.9,TRANSFER,459,1,0,0,5,1,0
9344,231.59,CASH_OUT,383,3,0,1,4,0,0
9345,153.1,PAYMENT,1708,4,0,0,9,0,0
9346,126.25,TRANSFER,1549,1,0,1,21,0,1
9347,206.62,TRANSFER,322,2,0,0,8,1,1
9348,314.12,PAYMENT,2872,1,0,0,16,0,0
9349,272.94,CASH_OUT,2701,4,0,0,16,0,0
9350,106.5,TRANSFER,1310,5,0,0,20,0,1
9351,205.36,CASH_IN,1466,3,0,0,11,1,1
9352,239.83,CASH_OUT,410,8,0,0,1,1,0
9353,54.21,PAYMENT,1253,6,0,0,16,1,0
9354,175.6,TRANSFER,254,2,0,0,23,1,0
9355,17.09,CASH_OUT,932,4,0,0,7,0,0
9356,240.46,PAYMENT,1850,3,0,0,5,0,0
9357,287.25,CASH_OUT,700,6,0,0,20,0,0
9358,313.42,PAYMENT,1347,2,0,0,4,0,0
9359,99.98,TRANSFER,2597,5,0,0,13,0,0
9360,202.16,DEBIT,636,1,0,0,10,0,0
9361,616.44,TRANSFER,2754,4,0,0,4,1,0
9362,610.19,TRANSFER,472,5,0,1,6,0,0
9363,144.15,PAYMENT,2796,5,0,0,13,0,0
9364,170.6,PAYMENT,211,5,0,0,6,0,0
9365,450.75,TRANSFER,471,7,1,0,4,0,1
9366,33.09,TRANSFER,2685,2,1,0,21,0,0
9367,107.44,PAYMENT,1335,2,0,0,18,0,0
9368,564.29,DEBIT,973,5,0,0,2,1,0
9369,393.55,PAYMENT,296,5,0,0,16,1,0
9370,214.7,TRANSFER,830,3,0,0,1,0,0
9371,32.92,TRANSFER,2542,4,0,0,15,0,0
9372,141.19,TRANSFER,1022,1,0,0,9,0,0
9373,82.28,TRANSFER,1439,1,0,0,0,0,0
9374,206.65,PAYMENT,2585,3,0,0,21,0,0
9375,66.07,DEBIT,2190,4,1,0,21,1,0
9376,53.21,TRANSFER,2209,1,1,0,9,1,1
9377,18.82,TRANSFER,954,4,1,0,13,0,0
9378,503.61,CASH_OUT,2055,2,0,0,19,0,0
9379,99.51,PAYMENT,1804,2,0,0,7,0,0
9380,173.67,CASH_OUT,904,2,0,0,18,0,0
9381,148.08,TRANSFER,2180,3,0,0,16,0,0
9382,51.04,CASH_OUT,711,6,0,0,1,0,0
9383,42.14,CASH_OUT,1999,6,0,0,14,0,1
9384,54.31,CASH_IN,2143,1,0,1,9,1,0
9385,72.01,PAYMENT,2212,2,0,0,2,0,1
9386,214.13,CASH_IN,86,4,0,0,22,0,1
9387,66.97,PAYMENT,1355,5,1,0,20,0,0
9388,851.07,CASH_OUT,819,5,0,0,12,2,0
9389,414.53,PAYMENT,936,2,0,0,13,0,0
9390,333.07,PAYMENT,1982,3,0,0,18,1,0
9391,131.68,PAYMENT,723,4,0,0,8,1,0
9392,674.71,PAYMENT,1713,2,0,1,23,0,0
9393,119.34,PAYMENT,2976,2,0,0,19,0,0
9394,143.85,CASH_OUT,2703,7,1,0,12,0,0
9395,175.91,PAYMENT,495,2,0,0,18,0,0
9396,299.41,CASH_OUT,1053,4,0,0,14,0,0
9397,280.59,PAYMENT,1495,4,0,0,8,1,0
9398,92.28,PAYMENT,56,4,0,0,8,0,0
9399,87.1,TRANSFER,801,0,0,0,0,0,1
9400,281.44,PAYMENT,1437,2,0,0,15,0,0
9401,303.46,PAYMENT,2397,6,0,0,10,0,0
9402,100.15,DEBIT,248,5,0,0,20,1,0
9403,30.35,PAYMENT,1907,4,0,0,23,1,0
9404,120.62,CASH_OUT,1223,3,1,0,5,0,0
9405,276.86,PAYMENT,1466,5,0,0,16,0,0
9406,902.72,CASH_IN,1645,3,0,0,20,0,0
9407,44.79,PAYMENT,2496,5,0,0,6,0,0
9408,96.88,DEBIT,2683,2,0,0,1,0,0
9409,100.54,PAYMENT,2028,6,0,0,20,1,0
9410,575.83,PAYMENT,2146,5,0,0,14,0,0
9411,143.32,TRANSFER,1340,2,0,0,4,0,0
9412,59.9,TRANSFER,2760,3,0,0,14,0,1
9413,259.48,PAYMENT,2538,3,0,0,23,0,0
9414,99.02,PAYMENT,1032,2,0,0,19,0,0
9415,43.62,CASH_OUT,178,1,0,0,16,0,1
9416,60.78,PAYMENT,1931,3,1,1,19,0,1
9417,840.54,TRANSFER,1788,4,0,0,12,0,0
9418,217.94,TRANSFER,2270,4,1,0,6,0,1
9419,165.3,CASH_OUT,1770,6,1,1,7,0,1
9420,115.6,PAYMENT,191,3,0,1,6,0,0
9421,198.77,TRANSFER,2010,4,0,1,13,0,0
9422,196.42,PAYMENT,1601,1,0,1,15,0,1
9423,198.77,PAYMENT,1511,4,0,0,23,0,0
9424,166.47,TRANSFER,2819,3,0,0,21,0,0
9425,353.82,DEBIT,582,2,0,0,2,1,0
9426,151.88,PAYMENT,2239,1,1,0,4,0,0
9427,55.82,PAYMENT,2230,2,0,0,14,0,0
9428,80.45,CASH_OUT,350,2,0,0,14,0,0
9429,20.51,PAYMENT,409,0,0,1,10,0,0
9430,1126.44,CASH_OUT,2840,3,0,0,5,0,0
9431,351.69,DEBIT,2867,7,0,0,0,0,1
9432,64.71,DEBIT,1753,0,0,1,13,0,0
9433,111.96,PAYMENT,1843,0,0,0,3,0,0
9434,78.5,TRANSFER,730,7,0,0,10,0,0
9435,694.05,DEBIT,1179,4,0,1,12,0,0
9436,35.88,PAYMENT,2829,1,0,0,2,0,0
9437,166.41,TRANSFER,1253,6,0,0,20,1,1
9438,133.15,PAYMENT,1278,3,1,0,12,0,0
9439,339.28,PAYMENT,610,2,0,0,10,1,1
9440,133.75,DEBIT,1575,1,0,1,5,0,0
9441,25.58,CASH_OUT,1832,5,0,0,10,0,0
9442,115.46,PAYMENT,1299,3,0,0,6,0,0
9443,56.14,CASH_IN,2043,3,0,0,23,0,0
9444,160.71,TRANSFER,441,2,0,0,3,0,0
9445,622.77,CASH_IN,1826,2,0,0,14,0,0
9446,26.06,PAYMENT,1577,3,1,0,22,0,0
9447,66.67,PAYMENT,2633,3,0,0,1,1,1
9448,85.4,PAYMENT,2698,5,0,1,7,1,0
9449,101.33,TRANSFER,378,3,1,0,9,0,0
9450,311.1,PAYMENT,1018,7,1,0,23,0,0
9451,124.77,PAYMENT,1850,10,0,0,0,0,0
9452,224.93,DEBIT,1515,4,0,0,5,0,0
9453,79.38,DEBIT,1345,3,0,0,15,0,0
9454,186.78,CASH_OUT,398,5,0,0,11,1,0
9455,323.05,CASH_IN,1317,5,0,0,15,1,1
9456,71.36,DEBIT,1325,1,0,0,6,0,0
9457,324.2,CASH_OUT,2146,1,0,0,10,0,0
9458,156.39,TRANSFER,2221,2,0,1,20,0,0
9459,422.19,CASH_IN,2133,2,0,0,1,0,0
9460,121.34,TRANSFER,1606,7,1,0,20,1,0
9461,217.29,PAYMENT,549,3,0,0,11,0,0
9462,142.51,PAYMENT,1363,1,0,0,10,0,0
9463,134.8,TRANSFER,2167,5,0,1,5,0,0
9464,192.28,DEBIT,2453,4,0,0,4,0,1
9465,253.87,CASH_OUT,2854,5,0,0,11,0,0
9466,42.54,CASH_IN,1636,6,0,0,2,0,0
9467,622.43,CASH_OUT,1851,3,0,0,4,0,0
9468,23.11,PAYMENT,2414,4,0,0,5,0,0
9469,74.83,CASH_OUT,2583,2,0,0,5,0,0
9470,135.06,PAYMENT,2185,6,0,0,0,0,0
9471,224.16,TRANSFER,2684,3,0,1,13,0,0
9472,717.79,CASH_IN,540,2,0,0,11,0,0
9473,23.14,CASH_OUT,2398,1,0,0,1,0,0
9474,89.33,CASH_IN,1529,2,0,0,5,0,0
9475,17.69,PAYMENT,2363,3,1,0,4,2,1
9476,153.18,CASH_OUT,2892,3,0,0,12,2,0
9477,194.74,PAYMENT,885,4,0,0,22,1,0
9478,728.36,TRANSFER,1980,1,0,0,22,1,0
9479,167.44,TRANSFER,616,1,1,0,10,1,0
9480,421.59,TRANSFER,391,0,0,0,4,0,0
9481,266.09,PAYMENT,1389,1,0,0,10,1,0
9482,96.04,PAYMENT,1702,1,0,0,11,0,0
9483,36.27,CASH_OUT,2299,4,0,0,6,2,0
9484,195.39,TRANSFER,745,2,1,0,14,0,0
9485,33.38,TRANSFER,2515,2,0,0,20,2,0
9486,541.97,TRANSFER,1036,4,0,0,10,1,0
9487,126.21,DEBIT,602,2,0,0,9,0,0
9488,490.38,DEBIT,2525,2,0,0,5,0,0
9489,91.82,PAYMENT,1918,8,0,0,7,0,0
9490,194.19,PAYMENT,330,3,0,0,22,0,0
9491,182.97,TRANSFER,1002,5,0,0,22,0,0
9492,141.88,PAYMENT,2626,2,1,0,19,1,1
9493,96.29,PAYMENT,1024,2,0,0,7,0,0
9494,219.74,PAYMENT,1033,1,1,0,8,0,0
9495,58.78,PAYMENT,1911,4,0,0,14,0,0
9496,44.28,CASH_OUT,643,4,0,0,14,1,0
9497,514.31,PAYMENT,1163,8,0,0,15,0,0
9498,307.1,PAYMENT,2639,5,0,0,8,1,0
9499,158.52,CASH_IN,537,7,0,0,10,0,0
9500,784.58,CASH_IN,920,1,0,0,11,0,0
9501,113.55,CASH_IN,2916,7,0,0,4,1,0
9502,557.08,PAYMENT,2054,2,1,0,5,0,0
9503,176.9,PAYMENT,2876,2,0,0,9,2,0
9504,53.26,PAYMENT,1725,3,1,0,21,0,0
9505,942.03,PAYMENT,912,5,0,0,2,0,0
9506,399.7,PAYMENT,845,3,0,0,19,0,0
9507,131.5,CASH_IN,528,0,0,0,14,0,0
9508,307.1,DEBIT,1710,6,1,0,12,1,0
9509,99.12,CASH_IN,1366,3,0,0,4,1,0
9510,340.07,CASH_OUT,483,4,0,0,16,0,0
9511,13.58,TRANSFER,1014,2,1,0,5,0,0
9512,53.53,CASH_OUT,278,4,0,0,3,0,0
9513,395.15,DEBIT,1726,1,0,0,7,0,0
9514,115.62,CASH_OUT,688,3,0,0,1,0,1
9515,182.64,PAYMENT,2860,2,0,0,2,1,1
9516,38.6,PAYMENT,704,4,0,0,5,0,0
9517,941.87,TRANSFER,718,3,0,0,14,0,0
9518,488.1,PAYMENT,2307,4,0,0,22,0,0
9519,121.43,DEBIT,1729,3,0,0,20,0,0
9520,99.02,CASH_OUT,253,6,0,0,17,0,0
9521,415.55,CASH_OUT,1789,2,0,0,23,0,0
9522,1077.58,PAYMENT,83,1,0,0,0,1,1
9523,385.2,TRANSFER,1089,0,0,0,9,0,1
9524,1302.19,TRANSFER,1618,5,0,0,22,0,0
9525,59.01,CASH_OUT,729,2,1,0,23,0,1
9526,65.41,PAYMENT,2559,2,0,0,15,0,0
9527,45.2,DEBIT,615,1,0,0,8,0,0
9528,230.85,CASH_OUT,318,4,0,0,16,2,0
9529,176.9,CASH_OUT,1481,2,0,0,8,0,0
9530,127.49,DEBIT,340,2,0,0,13,0,0
9531,333.37,DEBIT,2535,2,0,0,15,0,1
9532,508.94,PAYMENT,1609,3,0,1,16,0,0
9533,32.28,CASH_IN,2128,0,0,0,14,0,0
9534,81.7,PAYMENT,1562,1,0,0,12,0,0
9535,337.02,TRANSFER,1152,2,0,0,7,2,0
9536,92.97,PAYMENT,371,3,0,0,2,0,0
9537,66.81,CASH_OUT,592,4,1,0,15,0,0
9538,410.98,TRANSFER,1012,0,0,0,13,2,0
9539,40.87,CASH_OUT,1438,2,0,0,21,1,0
9540,109.77,CASH_OUT,486,3,0,0,15,0,0
9541,206.16,CASH_OUT,1357,3,0,0,17,0,0
9542,83.61,PAYMENT,1948,4,0,0,5,0,0
9543,324.78,CASH_IN,1679,2,0,0,4,1,1
9544,84.03,TRANSFER,2828,3,0,0,21,0,0
9545,607.06,TRANSFER,2929,2,0,0,19,0,1
9546,130.88,DEBIT,1740,3,0,0,2,0,1
9547,290.4,PAYMENT,1612,2,0,0,22,0,0
9548,312.94,TRANSFER,2343,2,1,0,5,0,0
9549,79.24,CASH_OUT,2103,2,1,0,4,0,0
9550,19.04,PAYMENT,1103,2,0,0,2,1,1
9551,212.89,PAYMENT,972,2,0,0,14,2,0
9552,159.54,CASH_IN,2718,1,1,0,7,0,0
9553,258.74,PAYMENT,394,4,0,0,5,1,0
9554,118.33,TRANSFER,1884,4,0,0,10,0,0
9555,96.5,CASH_OUT,1198,2,1,1,19,0,0
9556,1105.96,CASH_OUT,174,2,0,1,15,2,1
9557,34.04,CASH_OUT,2244,4,0,1,2,0,1
9558,309.19,CASH_IN,1096,4,1,0,15,0,0
9559,83.55,PAYMENT,1001,4,0,0,3,2,0
9560,106.08,CASH_OUT,1606,2,0,1,13,0,0
9561,108.08,CASH_OUT,158,3,0,0,1,1,1
9562,66.46,PAYMENT,87,3,1,0,19,0,0
9563,262.76,DEBIT,83,2,0,0,18,0,0
9564,596.24,CASH_IN,1277,5,1,0,1,0,0
9565,237.46,PAYMENT,162,2,0,0,12,0,0
9566,164.58,CASH_OUT,1296,1,0,1,21,0,0
9567,55.34,CASH_OUT,239,3,0,0,7,0,0
9568,248.84,TRANSFER,271,2,0,0,4,1,0
9569,1282.22,CASH_IN,2460,0,0,1,13,0,0
9570,101.42,CASH_OUT,2292,1,1,0,23,0,1
9571,101.9,CASH_OUT,1124,4,0,0,5,1,0
9572,84.68,PAYMENT,843,4,0,0,15,0,0
9573,90.98,TRANSFER,2161,4,0,0,8,0,0
9574,9.53,TRANSFER,1478,5,1,0,9,0,0
9575,222.52,CASH_OUT,2061,2,0,0,20,0,1
9576,63.72,CASH_OUT,2740,4,0,0,15,1,0
9577,29.66,PAYMENT,1725,1,0,0,18,0,0
9578,315.19,PAYMENT,1539,4,1,0,17,0,0
9579,50.3,TRANSFER,1988,1,0,1,18,0,0
9580,105.78,CASH_OUT,2159,1,0,0,19,0,0
9581,643.19,CASH_OUT,2878,2,0,0,11,0,1
9582,36.26,TRANSFER,2166,3,0,0,10,0,0
9583,32.05,PAYMENT,2237,3,0,0,15,0,0
9584,194.28,PAYMENT,2447,7,0,0,2,0,1
9585,468.48,PAYMENT,2639,5,0,0,6,0,0
9586,30.74,CASH_OUT,208,2,0,0,17,1,0
9587,223.12,PAYMENT,2809,7,1,0,22,0,0
9588,265.34,TRANSFER,1258,3,0,0,4,0,1
9589,18.93,CASH_OUT,1584,1,0,0,6,0,0
9590,329.8,DEBIT,2592,4,0,0,16,2,0
9591,356.6,DEBIT,145,4,0,0,21,1,0
9592,108.66,DEBIT,2478,3,0,0,3,0,0
9593,519.23,CASH_OUT,328,4,0,0,9,0,0
9594,462.41,CASH_OUT,698,2,0,0,21,0,0
9595,164.53,CASH_OUT,1806,2,0,0,16,1,1
9596,94.5,CASH_IN,539,2,0,0,9,0,0
9597,56.1,DEBIT,2129,7,0,0,20,0,0
9598,142.94,TRANSFER,1037,3,1,0,16,0,1
9599,262.37,TRANSFER,1406,4,0,0,10,0,0
9600,107.32,TRANSFER,569,1,0,0,11,1,0
9601,16.49,CASH_OUT,241,3,0,0,23,0,0
9602,527.8,CASH_OUT,1162,4,0,0,7,1,0
9603,179.51,CASH_IN,2029,2,0,0,5,0,0
9604,101.53,TRANSFER,2847,1,0,0,12,0,0
9605,349.73,PAYMENT,1423,7,0,0,7,0,0
9606,681.73,DEBIT,2809,3,0,0,7,0,0
9607,9.01,PAYMENT,2606,2,1,0,17,0,0
9608,229.12,PAYMENT,1293,5,0,0,16,0,0
9609,35.64,CASH_OUT,2801,10,0,0,19,0,0
9610,244.47,PAYMENT,1042,2,0,0,0,0,0
9611,168.67,PAYMENT,1849,2,0,0,20,1,0
9612,280.26,PAYMENT,825,4,0,0,19,1,0
9613,90.08,PAYMENT,1233,3,0,0,9,1,0
9614,22.8,TRANSFER,958,5,0,0,10,1,1
9615,94.6,PAYMENT,114,1,1,0,6,0,0
9616,222.93,TRANSFER,1826,2,0,0,22,0,0
9617,409.69,PAYMENT,450,2,0,0,14,1,0
9618,45.98,CASH_OUT,2287,2,0,0,6,1,0
9619,414.49,PAYMENT,2013,7,1,0,6,2,0
9620,77.64,PAYMENT,91,2,1,0,8,0,0
9621,213.25,PAYMENT,34,3,1,0,4,0,1
9622,89.13,TRANSFER,525,3,0,0,4,1,0
9623,178.07,TRANSFER,1576,3,1,0,16,0,0
9624,362.08,TRANSFER,1907,2,0,0,18,0,0
9625,43.51,DEBIT,1780,1,0,0,18,0,0
9626,75.2,DEBIT,760,4,0,0,2,0,0
9627,178.57,CASH_OUT,208,4,0,0,4,0,0
9628,1638.58,PAYMENT,1543,1,0,0,4,0,1
9629,62.6,CASH_OUT,1881,3,0,0,23,0,0
9630,1141.54,PAYMENT,1750,4,0,0,11,0,0
9631,1101.49,CASH_OUT,558,2,0,0,13,1,1
9632,134.65,PAYMENT,1440,5,0,0,17,0,0
9633,110.15,CASH_IN,2464,6,0,0,13,2,0
9634,74.29,DEBIT,2629,2,0,0,10,0,0
9635,138.63,TRANSFER,365,4,0,0,18,0,0
9636,36.35,TRANSFER,2665,0,0,0,23,1,1
9637,137.52,TRANSFER,787,3,0,0,3,0,1
9638,663.07,PAYMENT,1104,2,1,0,17,1,0
9639,80.55,DEBIT,670,4,0,0,14,0,0
9640,116.66,TRANSFER,2384,6,0,0,15,1,0
9641,27.08,PAYMENT,750,2,1,0,9,0,0
9642,215.74,CASH_OUT,240,4,0,0,9,0,0
9643,193.35,PAYMENT,1697,4,0,0,11,0,0
9644,158.18,PAYMENT,1484,4,1,0,16,0,0
9645,119.48,TRANSFER,964,1,0,0,6,0,0
9646,110.75,CASH_OUT,78,3,0,1,23,0,1
9647,245.16,TRANSFER,470,3,0,0,12,0,0
9648,144.2,CASH_OUT,2323,2,1,0,17,0,0
9649,203.36,PAYMENT,2054,0,0,0,4,0,0
9650,184.01,TRANSFER,580,1,0,0,14,0,1
9651,456.43,PAYMENT,481,1,0,0,5,0,0
9652,292.07,DEBIT,684,0,0,0,11,1,0
9653,179.98,PAYMENT,276,2,1,0,0,1,0
9654,677.51,PAYMENT,2438,1,0,0,6,0,0
9655,225.94,DEBIT,697,0,0,0,5,0,0
9656,547.28,DEBIT,2093,4,0,0,10,0,0
9657,272.31,CASH_IN,2467,0,0,1,2,0,0
9658,23.53,PAYMENT,2425,3,0,0,19,2,0
9659,547.21,TRANSFER,2030,3,0,0,5,1,0
9660,169.89,TRANSFER,310,2,0,0,0,0,0
9661,140.9,CASH_IN,174,0,0,0,16,0,0
9662,196.63,PAYMENT,2123,2,0,1,8,1,0
9663,105.11,PAYMENT,2540,1,0,0,5,0,1
9664,186.24,TRANSFER,850,1,1,1,2,0,1
9665,82.12,PAYMENT,1423,4,0,0,6,0,0
9666,530.74,CASH_OUT,2571,2,1,0,22,1,0
9667,132.48,CASH_IN,1585,5,1,0,5,0,0
9668,101.23,CASH_OUT,2210,6,0,0,14,1,0
9669,58.85,TRANSFER,1924,3,0,0,10,0,0
9670,194.18,CASH_IN,297,4,1,0,22,0,0
9671,178.95,PAYMENT,2670,4,0,0,0,0,0
9672,218.86,PAYMENT,2747,1,0,0,21,0,0
9673,53.13,TRANSFER,2301,2,0,0,9,1,1
9674,29.93,PAYMENT,941,2,0,0,10,1,1
9675,277.44,PAYMENT,31,1,0,0,8,1,0
9676,655.0,PAYMENT,1001,4,0,1,17,1,1
9677,53.18,DEBIT,2714,5,0,0,0,1,1
9678,727.37,DEBIT,146,4,1,0,8,1,1
9679,197.14,TRANSFER,1952,7,1,0,1,2,0
9680,147.37,PAYMENT,466,4,0,0,0,0,0
9681,99.73,PAYMENT,2388,4,0,0,1,0,0
9682,37.17,PAYMENT,1614,2,0,0,10,0,0
9683,398.51,PAYMENT,246,4,0,1,16,0,0
9684,68.33,PAYMENT,600,4,0,0,4,0,1
9685,68.05,CASH_OUT,1625,1,0,0,6,0,0
9686,400.18,TRANSFER,2422,1,0,0,6,0,0
9687,22.58,PAYMENT,2155,1,0,0,13,1,0
9688,32.34,CASH_OUT,1372,3,1,0,7,0,0
9689,145.75,CASH_OUT,1692,2,0,1,19,0,1
9690,199.0,TRANSFER,1375,3,0,0,8,0,0
9691,240.98,PAYMENT,2674,2,1,0,12,0,0
9692,109.75,DEBIT,698,0,0,0,19,0,0
9693,1863.79,CASH_OUT,1844,3,0,0,2,0,1
9694,118.17,PAYMENT,2976,2,0,0,16,0,0
9695,117.83,CASH_OUT,2387,2,0,0,1,0,0
9696,66.89,TRANSFER,1817,3,0,0,21,0,0
9697,167.99,CASH_OUT,1970,3,0,0,7,1,1
9698,274.5,TRANSFER,73,3,0,0,10,0,0
9699,494.52,TRANSFER,2993,4,0,0,19,0,0
9700,33.47,CASH_OUT,2006,5,0,0,16,1,1
9701,116.05,CASH_OUT,482,1,0,0,3,0,0
9702,231.99,PAYMENT,1037,1,1,0,11,0,0
9703,266.95,PAYMENT,759,4,0,0,17,0,0
9704,149.39,PAYMENT,1252,3,1,0,18,0,0
9705,255.3,TRANSFER,1745,0,1,0,19,0,0
9706,66.09,PAYMENT,223,2,1,0,13,0,1
9707,704.79,CASH_OUT,1065,3,0,0,15,0,0
9708,400.47,PAYMENT,2794,3,1,0,16,0,0
9709,38.67,CASH_OUT,1179,3,0,0,3,0,0
9710,50.65,CASH_OUT,2425,4,0,0,7,1,1
9711,52.1,PAYMENT,469,4,0,0,5,0,0
9712,292.36,CASH_OUT,761,3,0,0,23,1,1
9713,41.07,DEBIT,331,2,0,0,21,0,0
9714,106.59,PAYMENT,2426,4,0,0,13,2,0
9715,233.86,DEBIT,150,2,0,0,23,0,0
9716,138.91,CASH_OUT,815,4,0,0,3,0,0
9717,192.27,TRANSFER,2065,2,0,0,16,0,0
9718,51.12,PAYMENT,1353,2,0,0,22,0,0
9719,269.04,CASH_OUT,2632,3,0,0,4,1,0
9720,80.38,TRANSFER,237,2,0,0,22,0,0
9721,107.27,CASH_OUT,2551,3,0,0,6,0,1
9722,188.24,CASH_IN,243,0,0,0,4,1,0
9723,164.53,TRANSFER,1388,2,1,0,19,0,0
9724,152.02,PAYMENT,2154,4,0,0,16,4,0
9725,70.06,PAYMENT,1203,4,1,0,20,0,0
9726,110.0,PAYMENT,2329,3,0,0,18,0,0
9727,148.74,CASH_IN,2649,2,0,0,20,0,0
9728,37.52,PAYMENT,242,3,0,0,21,0,0
9729,93.45,PAYMENT,527,4,0,0,22,2,0
9730,218.7,PAYMENT,1845,4,0,0,18,0,0
9731,41.37,CASH_IN,734,3,0,0,6,0,0
9732,471.81,TRANSFER,58,6,0,1,16,1,1
9733,528.27,DEBIT,2974,1,1,0,12,0,0
9734,42.73,CASH_OUT,2150,3,0,0,5,0,0
9735,576.87,CASH_IN,818,6,0,0,22,1,1
9736,128.56,PAYMENT,2283,3,0,0,19,0,0
9737,225.54,PAYMENT,2072,1,1,0,14,1,1
9738,90.32,PAYMENT,2129,2,0,0,2,0,0
9739,373.55,TRANSFER,1032,4,0,0,22,0,0
9740,222.76,CASH_OUT,2399,3,0,0,16,0,1
9741,65.75,PAYMENT,2704,6,0,0,20,0,0
9742,46.28,PAYMENT,1279,7,1,0,17,1,1
9743,34.46,CASH_OUT,1653,2,0,0,1,0,0
9744,179.1,PAYMENT,2096,4,1,0,14,0,0
9745,263.08,TRANSFER,1823,0,0,1,13,0,0
9746,284.57,PAYMENT,340,4,0,0,5,0,1
9747,131.9,CASH_OUT,2668,1,0,0,7,1,0
9748,46.67,TRANSFER,2600,2,0,0,17,0,0
9749,75.03,CASH_OUT,2733,3,0,0,6,1,1
9750,469.82,PAYMENT,114,3,1,0,10,0,0
9751,91.41,PAYMENT,1592,2,0,0,16,0,0
9752,171.3,CASH_IN,2080,3,0,0,11,0,0
9753,50.62,CASH_OUT,800,5,0,0,2,1,1
9754,207.8,TRANSFER,1296,5,0,0,17,0,0
9755,93.91,CASH_OUT,434,3,0,0,15,2,1
9756,422.72,PAYMENT,262,2,0,1,5,0,0
9757,321.68,CASH_IN,537,4,0,0,9,0,0
9758,90.4,CASH_OUT,1858,1,1,0,1,0,0
9759,130.76,TRANSFER,1403,1,0,0,0,1,1
9760,85.53,DEBIT,1493,3,0,0,3,1,0
9761,35.89,PAYMENT,1604,2,0,0,7,1,0
9762,62.96,CASH_OUT,945,3,1,0,22,0,1
9763,180.95,DEBIT,1886,2,0,0,14,1,1
9764,205.46,PAYMENT,1352,2,0,0,23,1,1
9765,172.18,PAYMENT,50,1,1,0,10,0,0
9766,109.76,CASH_OUT,1063,1,0,0,17,0,0
9767,377.31,PAYMENT,2122,0,0,0,16,0,0
9768,158.15,CASH_IN,2682,1,0,0,2,0,0
9769,299.84,PAYMENT,2120,2,0,0,2,0,0
9770,25.18,CASH_OUT,326,7,0,0,5,0,0
9771,2.94,PAYMENT,2454,3,0,0,1,1,0
9772,197.12,PAYMENT,1160,2,0,0,6,0,0
9773,35.7,CASH_IN,746,5,0,0,7,0,0
9774,120.01,CASH_OUT,665,5,0,0,21,1,0
9775,109.72,PAYMENT,2454,4,1,0,10,1,0
9776,725.89,PAYMENT,76,2,0,0,9,0,0
9777,221.41,CASH_OUT,1337,3,1,1,9,1,1
9778,175.19,CASH_IN,360,1,0,0,22,0,0
9779,342.75,CASH_OUT,265,5,0,1,3,0,1
9780,214.54,CASH_OUT,891,1,0,0,6,0,0
9781,93.91,PAYMENT,2362,5,0,0,23,0,0
9782,433.32,CASH_IN,2831,3,0,0,19,0,0
9783,48.92,CASH_OUT,745,2,1,0,14,1,0
9784,205.05,TRANSFER,2789,5,0,0,0,0,0
9785,31.58,TRANSFER,1110,6,1,0,15,0,0
9786,181.99,TRANSFER,2514,4,0,0,14,1,1
9787,180.01,CASH_IN,1127,6,0,1,17,0,0
9788,793.5,CASH_OUT,2073,4,1,0,10,1,0
9789,31.03,CASH_IN,2196,2,0,0,2,1,0
9790,81.38,TRANSFER,600,5,1,0,22,0,0
9791,337.88,CASH_OUT,1344,2,1,0,15,0,0
9792,207.54,CASH_IN,977,2,0,0,16,0,0
9793,177.74,PAYMENT,1386,5,0,0,18,0,0
9794,57.05,TRANSFER,87,3,0,1,22,0,0
9795,82.2,CASH_OUT,529,8,0,0,4,0,0
9796,515.45,DEBIT,760,0,0,0,10,0,0
9797,140.96,PAYMENT,1311,1,0,0,16,1,0
9798,216.02,PAYMENT,2873,3,0,0,0,0,0
9799,132.27,PAYMENT,511,2,0,0,0,0,0
9800,45.46,PAYMENT,1522,1,0,0,9,0,0
9801,377.59,PAYMENT,355,2,0,0,5,0,1
9802,245.48,TRANSFER,1881,1,0,0,9,1,1
9803,1488.67,CASH_IN,260,1,0,0,22,0,1
9804,53.75,CASH_OUT,1413,2,0,0,3,0,0
9805,337.84,PAYMENT,584,2,0,0,17,0,0
9806,39.98,CASH_IN,2500,2,1,0,11,0,1
9807,173.7,CASH_OUT,2807,4,0,0,7,1,0
9808,394.06,PAYMENT,232,1,0,1,16,0,0
9809,18.69,PAYMENT,719,4,0,0,12,0,0
9810,120.91,CASH_OUT,813,3,1,0,2,0,0
9811,84.5,CASH_OUT,1617,2,0,0,11,0,0
9812,73.56,TRANSFER,482,1,0,0,3,0,1
9813,218.16,PAYMENT,1636,3,1,0,18,0,0
9814,455.18,CASH_IN,1142,2,0,0,2,0,0
9815,129.89,PAYMENT,1104,1,0,0,16,0,0
9816,182.27,CASH_OUT,701,2,0,0,6,1,0
9817,166.39,CASH_OUT,509,3,0,0,18,0,0
9818,148.68,PAYMENT,2963,3,0,0,7,0,0
9819,49.93,PAYMENT,2473,5,0,0,11,0,0
9820,449.64,PAYMENT,188,2,0,0,1,0,0
9821,199.38,PAYMENT,2542,3,0,0,0,1,0
9822,220.28,PAYMENT,1203,1,0,1,13,1,0
9823,66.25,CASH_OUT,2648,3,0,0,16,2,1
9824,93.76,TRANSFER,588,2,0,0,8,0,0
9825,124.45,TRANSFER,1551,3,0,1,10,0,1
9826,32.0,CASH_OUT,1926,0,0,0,9,0,0
9827,27.44,CASH_IN,1365,2,0,0,9,0,0
9828,81.39,DEBIT,2039,2,0,0,22,0,0
9829,250.27,PAYMENT,2620,2,0,1,4,0,1
9830,77.24,TRANSFER,2324,2,0,0,5,0,0
9831,53.58,PAYMENT,2776,4,1,1,5,0,0
9832,65.71,PAYMENT,1891,5,0,0,14,0,0
9833,94.13,CASH_OUT,1385,3,0,0,22,0,0
9834,104.18,TRANSFER,1224,4,0,0,4,0,0
9835,1294.04,CASH_OUT,1528,6,0,0,21,0,0
9836,426.08,TRANSFER,2670,3,0,0,23,0,0
9837,413.55,PAYMENT,2919,1,0,0,23,0,0
9838,477.51,CASH_IN,1418,3,0,0,12,0,0
9839,54.66,PAYMENT,1058,1,0,0,13,0,0
9840,43.71,PAYMENT,545,0,0,0,2,0,0
9841,49.06,PAYMENT,516,5,0,0,22,0,0
9842,563.69,DEBIT,2732,2,0,1,4,2,0
9843,85.87,TRANSFER,927,2,0,0,15,0,0
9844,42.46,TRANSFER,1486,3,0,0,22,1,0
9845,96.45,CASH_OUT,341,2,0,0,2,0,0
9846,116.91,CASH_OUT,1701,3,0,0,7,0,1
9847,194.11,CASH_IN,2013,1,0,0,5,0,0
9848,190.75,TRANSFER,2801,3,0,0,16,0,0
9849,64.83,DEBIT,1333,3,0,0,22,0,0
9850,294.61,CASH_OUT,792,2,0,0,11,0,0
9851,78.32,TRANSFER,723,2,0,0,15,1,0
9852,126.94,PAYMENT,2286,6,0,0,12,0,0
9853,294.94,DEBIT,1378,3,0,0,17,0,0
9854,78.11,CASH_OUT,2027,4,0,0,8,0,0
9855,83.99,CASH_OUT,2795,4,0,0,19,0,0
9856,268.18,CASH_OUT,779,5,0,0,7,0,0
9857,62.95,TRANSFER,188,3,1,0,22,0,0
9858,101.01,PAYMENT,2538,4,0,0,5,0,0
9859,258.72,PAYMENT,2131,3,0,0,12,0,0
9860,1157.59,TRANSFER,422,1,0,0,12,1,0
9861,271.89,PAYMENT,273,2,0,1,5,1,1
9862,238.09,TRANSFER,1769,2,0,0,10,0,0
9863,252.35,CASH_OUT,773,5,0,0,17,1,1
9864,50.74,PAYMENT,1389,5,0,0,11,0,0
9865,166.6,PAYMENT,1246,4,1,0,22,0,0
9866,144.06,CASH_IN,2915,3,0,0,13,1,0
9867,204.71,CASH_OUT,1265,2,0,0,17,2,1
9868,166.75,PAYMENT,2979,6,0,0,3,0,0
9869,216.96,CASH_IN,320,6,0,0,5,0,0
9870,108.69,CASH_OUT,1670,5,0,0,2,2,1
9871,157.37,PAYMENT,1552,3,0,0,1,1,1
9872,43.47,PAYMENT,160,2,0,0,21,0,0
9873,107.78,PAYMENT,1330,2,1,0,18,1,1
9874,596.35,CASH_IN,1444,1,0,1,7,2,0
9875,204.14,TRANSFER,307,2,0,0,7,1,0
9876,145.34,TRANSFER,2219,0,0,0,6,0,0
9877,988.44,CASH_IN,2004,3,1,0,2,0,0
9878,38.06,PAYMENT,2144,2,0,0,22,1,0
9879,48.94,PAYMENT,1442,3,0,0,9,0,0
9880,822.8,PAYMENT,2960,1,1,0,2,1,0
9881,155.39,PAYMENT,1799,3,0,0,19,0,0
9882,116.44,CASH_OUT,422,3,0,0,15,0,0
9883,44.74,CASH_OUT,2586,5,0,0,8,1,0
9884,232.22,PAYMENT,2253,2,0,0,12,1,0
9885,255.82,PAYMENT,2114,3,0,0,21,0,0
9886,49.68,PAYMENT,2993,3,0,0,6,1,0
9887,128.99,DEBIT,626,3,0,0,11,1,0
9888,106.11,CASH_OUT,2511,1,0,0,22,0,1
9889,191.71,TRANSFER,2573,3,0,0,7,0,0
9890,48.46,PAYMENT,1589,2,1,0,15,1,0
9891,519.02,TRANSFER,921,3,0,0,8,0,0
9892,370.86,PAYMENT,2382,2,0,0,2,0,0
9893,103.22,DEBIT,285,8,0,1,22,0,0
9894,119.53,CASH_OUT,1445,4,0,0,16,0,0
9895,129.49,CASH_OUT,616,3,1,0,20,0,0
9896,68.15,TRANSFER,2699,4,0,0,14,0,0
9897,95.26,TRANSFER,1059,2,0,0,2,0,0
9898,113.26,PAYMENT,1605,2,0,0,11,1,0
9899,744.62,PAYMENT,878,4,0,0,13,0,0
9900,382.46,TRANSFER,1418,2,0,0,16,0,0
9901,377.91,PAYMENT,2734,1,0,0,3,0,0
9902,214.85,PAYMENT,1360,3,1,0,13,0,0
9903,48.55,TRANSFER,1055,1,1,0,0,0,0
9904,142.38,DEBIT,847,2,1,0,5,0,0
9905,391.7,DEBIT,2305,2,1,0,6,0,0
9906,42.17,PAYMENT,1252,1,1,0,10,1,0
9907,280.49,PAYMENT,1453,6,0,0,4,0,0
9908,1514.15,TRANSFER,112,1,0,0,23,0,1
9909,429.15,CASH_IN,2518,2,0,0,17,1,1
9910,610.35,DEBIT,1489,3,0,0,12,0,0
9911,184.63,CASH_IN,2788,4,0,0,16,0,0
9912,390.7,CASH_OUT,204,2,0,0,22,0,0
9913,72.4,PAYMENT,1598,2,0,0,12,1,0
9914,328.94,PAYMENT,413,3,0,0,19,1,1
9915,285.54,PAYMENT,437,6,0,0,22,0,0
9916,198.33,CASH_OUT,2269,4,0,0,13,0,0
9917,553.36,PAYMENT,1138,2,0,0,13,0,0
9918,86.59,CASH_OUT,2933,3,0,0,18,1,0
9919,123.09,CASH_OUT,2541,1,0,0,22,1,0
9920,163.28,PAYMENT,750,4,1,0,9,0,1
9921,53.01,DEBIT,2106,3,0,0,22,0,0
9922,186.22,TRANSFER,1101,6,0,0,15,1,0
9923,26.6,DEBIT,296,2,0,0,23,0,0
9924,422.82,DEBIT,2464,7,0,1,20,0,0
9925,155.5,PAYMENT,2759,4,0,0,7,0,0
9926,88.16,PAYMENT,1069,3,0,0,3,0,0
9927,64.43,PAYMENT,2526,1,1,0,21,0,0
9928,117.38,CASH_OUT,376,5,0,0,20,1,0
9929,295.38,TRANSFER,2364,1,1,0,5,0,0
9930,256.66,DEBIT,1592,6,0,0,10,2,0
9931,73.29,PAYMENT,406,2,0,0,2,0,0
9932,63.69,CASH_OUT,2499,3,0,0,3,0,0
9933,286.26,DEBIT,961,2,0,0,11,0,0
9934,72.07,CASH_OUT,1881,4,0,0,6,0,0
9935,157.58,PAYMENT,793,5,0,0,13,0,0
9936,167.96,TRANSFER,774,4,0,0,20,0,0
9937,202.77,PAYMENT,2296,3,0,0,19,0,0
9938,350.12,PAYMENT,86,2,0,1,21,0,0
9939,41.97,PAYMENT,716,3,0,0,4,0,0
9940,21.95,PAYMENT,143,4,0,0,1,0,1
9941,84.15,CASH_OUT,1783,1,0,0,21,0,0
9942,899.22,PAYMENT,2552,7,0,0,21,0,0
9943,1121.22,CASH_OUT,1872,1,0,1,7,0,1
9944,926.28,PAYMENT,2135,2,0,0,13,1,0
9945,122.37,PAYMENT,2381,2,0,0,10,0,0
9946,24.98,PAYMENT,1129,3,0,0,20,0,0
9947,14.25,PAYMENT,2380,1,1,0,5,0,0
9948,80.32,PAYMENT,2988,2,0,0,13,0,0
9949,121.74,CASH_OUT,1676,5,0,1,20,0,0
9950,544.91,DEBIT,1677,5,0,0,20,0,0
9951,353.47,PAYMENT,2811,5,1,1,6,0,0
9952,186.31,PAYMENT,2795,3,0,1,23,0,0
9953,60.96,PAYMENT,1529,3,0,0,15,0,0
9954,56.78,CASH_IN,2070,6,0,0,19,0,0
9955,191.35,CASH_OUT,2940,3,0,0,8,1,0
9956,297.99,CASH_OUT,31,5,0,0,4,0,1
9957,219.62,PAYMENT,1093,1,0,0,7,0,0
9958,52.74,PAYMENT,1101,0,0,0,9,0,0
9959,284.48,PAYMENT,2789,1,0,0,22,2,0
9960,227.22,CASH_IN,2018,3,0,0,15,0,0
9961,50.87,PAYMENT,2065,3,0,0,12,0,0
9962,67.74,CASH_OUT,2134,2,0,0,1,0,1
9963,295.45,TRANSFER,1761,1,0,0,2,0,0
9964,117.39,TRANSFER,2089,4,0,0,8,0,0
9965,727.16,PAYMENT,487,3,0,0,4,0,0
9966,244.97,CASH_OUT,720,1,1,1,12,1,1
9967,91.23,PAYMENT,570,3,0,0,7,0,0
9968,146.91,DEBIT,1850,4,0,0,7,2,0
9969,158.12,PAYMENT,2416,2,0,0,6,1,0
9970,71.64,PAYMENT,2836,0,0,0,0,1,0
9971,59.59,PAYMENT,285,1,0,0,12,0,0
9972,299.28,CASH_IN,1099,3,1,0,16,0,0
9973,345.6,PAYMENT,1073,3,0,0,9,0,0
9974,271.45,TRANSFER,1112,0,0,0,13,0,0
9975,675.41,PAYMENT,2317,4,0,0,9,0,0
9976,86.33,PAYMENT,405,2,0,0,6,0,1
9977,791.77,CASH_OUT,1089,3,0,0,23,1,1
9978,60.28,PAYMENT,1566,4,0,0,7,0,0
9979,53.91,CASH_OUT,2935,2,1,1,14,0,0
9980,25.53,CASH_OUT,416,4,0,0,22,0,0
9981,95.03,CASH_IN,841,3,0,0,18,1,0
9982,89.68,PAYMENT,212,1,0,0,13,0,0
9983,251.12,TRANSFER,2393,1,0,0,18,0,0
9984,189.41,DEBIT,1440,4,0,0,22,0,0
9985,45.02,CASH_OUT,2162,2,0,0,17,0,1
9986,100.21,PAYMENT,1500,4,0,0,11,0,0
9987,102.36,TRANSFER,1813,4,0,0,9,0,0
9988,25.13,DEBIT,2906,1,0,0,11,0,0
9989,55.65,TRANSFER,2889,5,0,0,1,0,0
9990,68.66,CASH_IN,977,1,0,0,18,0,0
9991,622.43,TRANSFER,1852,1,0,0,1,0,1
9992,179.73,PAYMENT,2917,1,0,0,16,0,0
9993,287.77,PAYMENT,2934,2,0,0,9,0,0
9994,33.16,PAYMENT,331,2,0,1,23,0,0
9995,489.91,PAYMENT,979,4,1,0,22,1,0
9996,545.17,CASH_IN,753,2,0,0,22,1,1
9997,20.12,CASH_OUT,2728,1,0,0,22,1,0
9998,73.31,CASH_OUT,2693,3,0,1,23,0,0
9999,243.66,CASH_OUT,1118,1,0,0,13,0,0
10000,282.7,PAYMENT,1522,0,1,1,9,0,1
10001,75.3,PAYMENT,2449,4,0,0,1,1,0
10002,109.34,DEBIT,2617,1,0,0,3,1,0
10003,81.66,TRANSFER,1647,4,0,0,9,0,0
10004,165.74,TRANSFER,1530,6,0,0,20,0,0
10005,491.36,DEBIT,1383,5,1,0,3,1,1
10006,68.65,PAYMENT,2086,1,0,0,23,0,0
10007,403.76,CASH_IN,2239,4,0,0,21,0,0
10008,67.92,CASH_IN,1457,5,0,0,18,1,1
10009,63.58,PAYMENT,2812,2,0,1,1,0,0
10010,336.5,PAYMENT,672,4,0,0,18,0,1
10011,373.13,DEBIT,2718,6,0,0,21,0,0
10012,347.72,TRANSFER,857,2,0,0,9,0,0
10013,39.81,PAYMENT,894,1,0,0,22,1,0
10014,93.13,TRANSFER,677,1,0,0,9,0,0
10015,337.98,CASH_OUT,943,6,0,0,22,1,0
10016,154.71,CASH_OUT,2174,3,1,0,9,0,1
10017,50.72,DEBIT,1971,2,0,0,12,0,0
10018,234.7,DEBIT,2567,6,0,0,7,1,0
10019,72.62,DEBIT,550,3,0,0,13,1,0
10020,892.94,PAYMENT,2355,0,0,0,4,0,0
10021,695.65,CASH_OUT,935,2,0,0,18,0,0
10022,271.54,PAYMENT,2579,2,0,0,3,0,0
10023,578.83,PAYMENT,1022,1,0,0,22,0,0
10024,158.35,CASH_IN,525,3,0,0,4,0,0
10025,319.08,TRANSFER,2400,2,0,0,10,0,0
10026,650.49,DEBIT,1262,2,0,0,19,1,0
10027,189.71,PAYMENT,2086,1,0,1,21,0,0
10028,114.99,CASH_IN,1356,6,0,0,20,0,0
10029,26.99,PAYMENT,1861,2,0,0,0,0,1
10030,136.57,PAYMENT,1407,5,0,0,4,1,0
10031,338.13,TRANSFER,1055,5,0,0,12,0,0
10032,382.08,PAYMENT,1528,5,0,0,22,0,0
10033,245.76,TRANSFER,2750,1,0,0,1,0,1
10034,86.38,DEBIT,2141,4,0,0,13,0,0
10035,20.56,CASH_OUT,1820,3,0,0,8,0,0
10036,90.45,PAYMENT,439,3,0,0,23,0,0
10037,109.47,PAYMENT,1684,3,0,0,17,0,0
10038,108.53,TRANSFER,1471,4,0,0,4,0,0
10039,275.49,TRANSFER,1756,4,0,0,12,0,0
10040,1081.04,CASH_OUT,1977,2,0,0,8,0,0
10041,167.93,PAYMENT,1779,3,0,0,20,0,0
10042,119.49,CASH_OUT,121,7,0,0,4,0,1
10043,114.52,PAYMENT,1131,3,1,0,17,1,1
10044,168.07,TRANSFER,1099,4,0,0,21,0,1
10045,64.83,CASH_OUT,1841,4,1,0,20,0,0
10046,167.37,PAYMENT,1985,0,0,0,19,0,0
10047,232.95,CASH_IN,2702,1,0,0,2,1,0
10048,183.04,CASH_OUT,2328,5,0,0,11,1,0
10049,234.52,CASH_OUT,1507,3,0,0,13,0,0
10050,229.01,TRANSFER,485,3,0,0,1,0,0
10051,25.23,DEBIT,970,1,0,0,21,0,0
10052,280.58,CASH_OUT,1303,0,0,0,16,0,0
10053,75.87,PAYMENT,2049,4,1,0,17,0,0
10054,49.61,PAYMENT,2849,3,0,0,5,1,0
10055,49.18,PAYMENT,2687,2,1,0,0,1,0
10056,228.96,PAYMENT,2033,3,1,0,8,0,0
10057,118.8,DEBIT,906,6,0,0,16,0,0
10058,27.61,TRANSFER,2784,5,0,0,17,0,0
10059,239.38,CASH_IN,2362,4,0,0,0,1,0
10060,35.18,PAYMENT,690,2,0,0,19,1,0
10061,170.69,TRANSFER,1863,1,0,0,14,1,1
10062,188.39,DEBIT,2552,2,0,0,23,0,0
10063,359.81,PAYMENT,2973,3,0,1,17,0,1
10064,881.55,TRANSFER,335,3,0,0,21,0,1
10065,37.91,DEBIT,886,1,0,0,8,0,0
10066,140.83,DEBIT,2971,3,0,0,3,0,1
10067,112.58,CASH_IN,2592,2,0,0,7,0,1
10068,229.01,CASH_IN,478,7,0,0,7,0,0
10069,184.13,CASH_OUT,2868,6,0,0,18,0,0
10070,104.32,PAYMENT,2952,3,0,0,7,0,0
10071,95.5,CASH_OUT,802,2,0,0,18,0,0
10072,48.6,DEBIT,2300,5,0,0,21,1,0
10073,398.56,TRANSFER,2880,4,0,0,16,1,0
10074,234.91,PAYMENT,2824,3,0,0,19,1,0
10075,371.58,TRANSFER,2654,2,0,0,22,0,0
10076,108.81,CASH_OUT,1260,2,0,0,23,0,0
10077,76.95,PAYMENT,2805,5,0,0,9,0,0
10078,50.49,CASH_OUT,1432,5,0,0,20,0,0
10079,212.49,TRANSFER,511,5,1,0,0,0,0
10080,52.47,CASH_OUT,2351,0,0,0,21,0,0
10081,942.62,PAYMENT,2358,4,0,0,15,1,0
10082,40.14,PAYMENT,987,2,0,0,2,0,0
10083,195.13,CASH_OUT,1190,3,0,0,1,1,1
10084,711.13,TRANSFER,1222,1,0,0,7,0,0
10085,270.18,PAYMENT,259,3,0,0,2,1,0
10086,176.92,PAYMENT,1547,3,0,0,6,0,0
10087,56.35,PAYMENT,2054,8,1,0,12,0,0
10088,37.27,TRANSFER,2271,5,1,0,13,0,0
10089,320.55,DEBIT,518,3,0,0,21,0,1
10090,669.24,CASH_OUT,1738,7,0,0,0,0,0
10091,95.69,CASH_IN,2001,2,0,0,3,1,1
10092,47.51,TRANSFER,1329,4,0,0,4,1,1
10093,12.7,TRANSFER,2966,2,1,0,5,2,1
10094,55.66,PAYMENT,1268,5,0,0,18,0,0
10095,132.47,CASH_OUT,2279,3,0,0,15,1,1
10096,734.45,TRANSFER,921,2,0,0,22,2,0
10097,290.94,CASH_OUT,2653,3,0,0,19,0,0
10098,201.36,TRANSFER,2749,4,0,0,4,0,1
10099,99.47,PAYMENT,1115,3,1,0,0,0,0
10100,82.83,PAYMENT,2197,3,0,0,0,0,0
10101,605.25,CASH_IN,2889,6,0,0,0,1,0
10102,181.41,PAYMENT,1210,4,1,0,4,1,1
10103,18.13,PAYMENT,1342,5,0,0,22,0,0
10104,75.68,DEBIT,1409,3,0,1,20,0,0
10105,62.91,CASH_OUT,1066,4,0,0,7,0,1
10106,85.95,PAYMENT,2895,3,0,0,6,1,0
10107,260.58,PAYMENT,1951,2,1,0,11,0,0
10108,133.29,PAYMENT,2489,4,0,0,3,1,1
10109,137.43,TRANSFER,1555,2,0,0,12,0,1
10110,551.96,CASH_OUT,1793,2,0,0,16,0,0
10111,73.96,PAYMENT,260,4,0,0,4,1,1
10112,957.38,CASH_IN,998,2,0,1,23,0,0
10113,75.85,PAYMENT,1631,3,0,1,17,0,0
10114,162.26,PAYMENT,2305,2,0,0,12,0,1
10115,112.03,DEBIT,459,5,1,0,0,1,0
10116,167.91,PAYMENT,174,5,0,0,10,1,0
10117,231.5,CASH_IN,2238,3,0,0,4,0,1
10118,229.03,CASH_OUT,2944,4,0,0,2,0,0
10119,69.89,PAYMENT,318,4,0,0,14,0,0
10120,48.28,TRANSFER,1405,3,1,0,20,0,1
10121,1813.79,TRANSFER,113,6,0,0,8,0,0
10122,91.47,DEBIT,563,7,0,1,17,0,0
10123,298.63,TRANSFER,2202,3,0,0,9,0,1
10124,29.74,TRANSFER,210,4,0,1,19,1,1
10125,112.21,PAYMENT,2507,5,0,0,21,0,0
10126,130.69,CASH_OUT,1097,4,0,0,10,0,0
10127,238.13,PAYMENT,2920,0,0,1,19,0,0
10128,9.75,PAYMENT,399,1,0,0,16,1,0
10129,175.24,DEBIT,959,5,0,1,9,0,0
10130,47.01,PAYMENT,448,3,0,0,6,0,1
10131,205.27,PAYMENT,993,1,0,1,2,0,0
10132,52.65,CASH_OUT,2854,1,0,0,6,0,0
10133,63.09,CASH_IN,1416,2,0,1,16,3,1
10134,112.89,PAYMENT,2870,1,0,0,1,1,0
10135,51.81,PAYMENT,2156,2,0,0,10,0,0
10136,92.25,PAYMENT,1572,2,0,0,13,0,0
10137,45.0,PAYMENT,1789,1,1,0,14,0,0
10138,23.73,CASH_OUT,1509,3,0,0,0,0,0
10139,410.74,TRANSFER,736,4,0,0,7,0,0
10140,40.61,CASH_OUT,2366,2,0,0,14,0,0
10141,124.13,TRANSFER,1006,4,0,0,3,0,0
10142,315.1,CASH_IN,990,4,0,0,17,0,0
10143,80.24,TRANSFER,901,4,0,0,1,0,1
10144,65.03,DEBIT,110,2,0,0,11,1,1
10145,186.09,TRANSFER,599,6,0,0,16,1,1
10146,453.93,CASH_OUT,2889,1,0,0,23,1,0
10147,46.09,TRANSFER,1686,7,0,0,18,0,0
10148,127.72,TRANSFER,2579,6,0,0,21,0,0
10149,26.25,CASH_IN,1101,3,0,0,18,0,0
10150,100.16,PAYMENT,1690,4,0,0,19,0,0
10151,153.58,TRANSFER,2742,1,0,0,17,0,0
10152,63.14,CASH_OUT,2486,4,0,0,2,1,0
10153,93.97,CASH_OUT,854,1,0,0,23,0,0
10154,36.3,TRANSFER,1898,3,1,0,5,0,0
10155,160.31,TRANSFER,2301,1,1,0,19,1,1
10156,426.53,PAYMENT,256,3,0,0,19,0,0
10157,49.54,DEBIT,1017,4,0,0,1,0,0
10158,79.63,PAYMENT,1417,4,1,0,17,0,0
10159,245.32,CASH_OUT,220,1,0,0,4,0,0
10160,498.74,PAYMENT,2839,4,0,0,19,1,0
10161,33.34,PAYMENT,2779,3,0,0,15,0,0
10162,125.36,PAYMENT,1053,4,0,0,19,0,0
10163,196.99,CASH_OUT,497,4,0,1,9,1,0
10164,134.01,PAYMENT,57,1,0,0,18,0,0
10165,12.47,PAYMENT,1768,2,0,1,4,0,1
10166,244.96,PAYMENT,2115,4,0,0,18,2,0
10167,678.13,PAYMENT,1162,3,0,0,17,1,0
10168,166.78,PAYMENT,1679,3,0,0,15,1,1
10169,52.93,PAYMENT,1186,1,0,0,3,0,1
10170,88.84,CASH_OUT,1393,6,0,0,17,0,0
10171,871.24,TRANSFER,1741,2,0,0,8,0,0
10172,368.69,TRANSFER,539,3,0,0,15,0,0
10173,281.47,DEBIT,192,3,0,0,7,1,0
10174,211.96,TRANSFER,333,1,0,0,8,0,0
10175,76.62,DEBIT,2824,5,0,0,2,0,0
10176,121.44,PAYMENT,811,3,0,0,14,1,1
10177,137.29,TRANSFER,83,2,0,0,1,0,0
10178,257.13,PAYMENT,1207,0,0,0,23,0,0
10179,671.1,TRANSFER,403,1,0,0,11,0,1
10180,454.11,TRANSFER,906,4,0,0,16,1,0
10181,35.9,PAYMENT,1480,2,1,0,12,0,1
10182,185.67,CASH_OUT,2827,4,0,0,20,0,0
10183,310.06,TRANSFER,1095,3,0,0,3,0,0
10184,275.58,PAYMENT,2805,3,0,0,11,0,1
10185,79.1,TRANSFER,2684,3,0,0,16,1,0
10186,2735.61,CASH_OUT,2895,1,0,0,16,0,1
10187,41.38,PAYMENT,2714,3,0,1,7,0,0
10188,50.24,PAYMENT,2419,0,0,0,23,2,1
10189,187.47,CASH_IN,2738,2,1,0,17,0,0
10190,1232.5,DEBIT,2239,2,0,0,4,0,1
10191,64.32,PAYMENT,69,2,0,0,3,0,1
10192,113.77,DEBIT,1684,3,0,0,10,0,0
10193,435.85,PAYMENT,1676,3,0,0,11,0,0
10194,145.79,DEBIT,827,3,0,0,12,1,0
10195,106.21,CASH_OUT,739,1,0,0,7,0,0
10196,261.29,CASH_IN,658,2,0,0,18,1,0
10197,194.91,CASH_OUT,1546,1,0,0,7,0,0
10198,415.9,PAYMENT,54,3,0,0,10,0,0
10199,539.95,PAYMENT,994,6,0,0,23,0,0
10200,201.74,TRANSFER,2144,6,0,0,17,0,0
10201,198.69,PAYMENT,2774,2,0,1,18,0,0
10202,183.85,TRANSFER,2380,0,0,0,14,1,0
10203,242.05,DEBIT,1048,0,0,0,13,0,0
10204,156.83,PAYMENT,507,1,0,0,1,0,0
10205,148.32,TRANSFER,134,1,0,0,8,0,0
10206,491.09,PAYMENT,2734,3,0,0,19,0,0
10207,675.95,CASH_OUT,1486,3,1,0,8,0,1
10208,32.87,PAYMENT,1674,1,0,0,5,2,1
10209,149.91,PAYMENT,1103,6,0,0,7,0,0
10210,74.54,CASH_IN,1265,4,0,1,11,0,0
10211,108.75,CASH_IN,631,0,0,0,7,2,0
10212,221.96,CASH_OUT,418,3,0,0,4,0,0
10213,289.87,CASH_OUT,1244,3,0,0,16,0,0
10214,132.67,TRANSFER,993,2,0,0,13,0,0
10215,21.9,CASH_OUT,458,4,1,0,7,0,1
10216,56.54,PAYMENT,2094,2,0,1,23,0,0
10217,363.76,PAYMENT,472,5,0,1,20,1,0
10218,9.58,PAYMENT,1046,1,0,1,9,0,0
10219,486.59,PAYMENT,2044,7,0,0,18,1,0
10220,249.94,PAYMENT,1645,3,0,0,22,0,0
10221,553.45,PAYMENT,2047,5,0,1,6,1,0
10222,121.68,TRANSFER,1624,2,0,0,1,0,1
10223,18.89,PAYMENT,2455,3,0,0,21,0,0
10224,228.23,CASH_OUT,421,0,0,0,11,0,0
10225,530.94,TRANSFER,59,4,0,0,0,1,1
10226,374.17,DEBIT,160,2,0,0,0,0,0
10227,76.5,PAYMENT,430,2,0,0,22,1,0
10228,161.86,CASH_OUT,152,4,0,0,22,0,0
10229,87.11,CASH_OUT,2128,5,0,0,16,0,0
10230,65.41,DEBIT,949,2,0,0,20,0,0
10231,385.83,PAYMENT,1645,6,0,0,19,0,0
10232,44.81,PAYMENT,103,4,0,0,20,0,0
10233,60.71,PAYMENT,1556,1,0,0,23,0,0
10234,49.2,PAYMENT,140,4,0,0,2,0,1
10235,33.44,TRANSFER,2254,3,0,0,19,0,0
10236,171.81,CASH_IN,2282,2,0,1,14,0,0
10237,474.14,PAYMENT,2618,2,0,0,22,0,0
10238,123.36,PAYMENT,2020,1,0,0,11,0,0
10239,32.93,PAYMENT,1086,5,0,0,8,0,0
10240,343.76,PAYMENT,2229,1,0,0,8,1,0
10241,800.87,DEBIT,2157,3,0,0,11,0,0
10242,77.77,CASH_IN,1597,3,1,0,18,0,0
10243,91.97,PAYMENT,2923,1,0,0,1,0,0
10244,248.55,PAYMENT,2203,3,0,0,15,0,0
10245,751.35,DEBIT,537,3,0,0,7,0,0
10246,88.25,PAYMENT,2452,2,0,0,5,2,0
10247,39.16,CASH_OUT,563,1,0,0,20,0,0
10248,279.06,DEBIT,180,2,0,0,6,0,0
10249,329.99,TRANSFER,247,2,0,0,23,0,0
10250,149.33,PAYMENT,311,2,0,0,1,0,0
10251,84.93,PAYMENT,334,3,0,0,8,1,0
10252,401.17,DEBIT,1804,5,0,0,22,2,0
10253,251.65,PAYMENT,691,2,0,1,18,0,0
10254,68.82,PAYMENT,1248,6,0,0,1,0,0
10255,155.88,CASH_OUT,1479,3,0,0,23,0,0
10256,38.41,CASH_IN,1617,4,0,1,7,0,0
10257,294.68,TRANSFER,683,3,0,0,7,0,0
10258,114.18,PAYMENT,2250,4,0,1,9,1,1
10259,95.99,TRANSFER,2781,1,0,0,7,1,1
10260,143.61,PAYMENT,426,3,0,0,20,2,0
10261,154.52,PAYMENT,773,3,1,0,10,0,0
10262,363.19,CASH_IN,1213,3,0,0,2,1,0
10263,268.03,PAYMENT,1483,1,0,0,2,0,0
10264,126.92,PAYMENT,2047,6,0,0,11,0,0
10265,318.51,PAYMENT,80,5,0,0,8,0,0
10266,221.57,TRANSFER,1855,3,0,0,16,0,0
10267,96.87,CASH_OUT,2697,2,0,0,4,0,0
10268,131.01,CASH_OUT,913,7,0,0,0,0,0
10269,127.97,CASH_OUT,1769,4,0,0,7,0,0
10270,245.98,CASH_OUT,1780,5,0,1,15,1,0
10271,102.82,CASH_OUT,2352,3,0,0,23,0,1
10272,100.44,PAYMENT,717,4,0,0,14,1,0
10273,1062.9,PAYMENT,2943,4,0,0,11,0,0
10274,379.83,CASH_OUT,2661,2,0,0,19,1,0
10275,69.37,PAYMENT,1983,3,0,0,2,0,1
10276,262.68,PAYMENT,391,4,0,0,6,1,0
10277,167.06,TRANSFER,429,5,0,0,22,0,0
10278,219.54,TRANSFER,824,3,0,0,0,0,0
10279,170.26,TRANSFER,592,0,0,0,14,0,0
10280,487.67,CASH_OUT,2304,1,0,0,13,0,0
10281,209.69,TRANSFER,2094,0,0,0,16,0,0
10282,139.48,DEBIT,249,1,0,0,8,0,0
10283,420.81,PAYMENT,2661,5,0,0,12,0,0
10284,187.41,TRANSFER,2529,2,0,1,19,0,1
10285,167.58,PAYMENT,2046,1,0,0,4,0,0
10286,203.17,PAYMENT,655,5,0,1,9,0,0
10287,135.15,CASH_IN,2547,3,0,0,15,0,0
10288,149.79,PAYMENT,2428,1,0,0,15,1,0
10289,82.54,PAYMENT,1694,4,0,0,9,2,1
10290,70.02,TRANSFER,932,2,1,1,7,1,1
10291,54.68,PAYMENT,93,5,0,0,6,0,1
10292,36.89,TRANSFER,2021,0,0,0,16,1,1
10293,61.58,PAYMENT,1957,2,0,0,20,0,0
10294,124.68,PAYMENT,979,5,0,0,21,0,0
10295,164.53,CASH_OUT,468,3,0,0,5,1,0
10296,113.15,CASH_OUT,926,3,0,0,19,0,0
10297,14.07,TRANSFER,1792,2,0,0,0,1,0
10298,716.65,TRANSFER,610,3,0,0,16,1,1
10299,439.87,CASH_OUT,2109,2,0,0,23,0,0
10300,231.77,CASH_OUT,30,1,0,0,15,1,0
10301,999.74,PAYMENT,735,2,1,0,18,0,1
10302,55.85,PAYMENT,1958,3,0,0,1,1,0
10303,980.07,PAYMENT,2793,5,1,0,17,0,0
10304,56.53,PAYMENT,2663,3,0,0,23,0,0
10305,188.43,PAYMENT,181,6,0,0,0,0,0
10306,41.52,PAYMENT,2447,4,0,0,0,0,0
10307,150.61,CASH_IN,1712,3,0,1,14,1,1
10308,218.36,TRANSFER,592,6,0,1,10,1,1
10309,127.14,PAYMENT,2926,3,0,0,15,0,0
10310,303.04,CASH_OUT,287,2,1,1,18,0,0
10311,163.86,CASH_OUT,2599,1,0,0,17,0,0
10312,88.02,PAYMENT,994,3,0,0,7,0,0
10313,84.2,TRANSFER,675,2,0,1,13,1,1
10314,333.92,PAYMENT,219,2,0,0,1,1,1
10315,77.19,TRANSFER,607,3,0,0,8,0,0
10316,370.7,PAYMENT,1317,6,1,0,8,1,0
10317,504.07,TRANSFER,865,7,0,0,6,0,0
10318,27.97,TRANSFER,1871,3,1,0,18,0,0
10319,460.78,CASH_OUT,2940,3,1,0,10,0,0
10320,1164.94,TRANSFER,2725,1,0,0,18,0,1
10321,190.95,TRANSFER,2684,3,0,0,22,0,0
10322,270.18,PAYMENT,534,2,0,0,20,0,0
10323,418.64,CASH_OUT,2059,4,0,0,22,1,0
10324,112.68,CASH_IN,1899,2,0,1,6,0,0
10325,178.09,CASH_OUT,1957,4,0,0,13,0,0
10326,39.88,DEBIT,407,2,0,0,7,0,0
10327,170.48,PAYMENT,2422,2,0,0,14,0,0
10328,244.23,PAYMENT,1259,3,0,0,3,0,0
10329,248.68,TRANSFER,2888,5,0,0,18,0,0
10330,430.71,PAYMENT,2140,1,0,0,2,1,0
10331,68.39,PAYMENT,878,4,0,0,4,0,0
10332,87.13,TRANSFER,1422,1,1,0,21,2,0
10333,987.83,PAYMENT,809,2,0,0,9,0,0
10334,127.7,PAYMENT,895,0,0,0,16,2,1
10335,181.28,DEBIT,1960,6,0,0,12,1,0
10336,138.79,PAYMENT,568,2,0,0,7,1,0
10337,65.26,PAYMENT,2982,3,0,1,14,0,1
10338,752.6,PAYMENT,1135,2,0,0,18,0,0
10339,87.56,CASH_IN,1795,3,0,0,1,0,0
10340,48.07,CASH_OUT,2625,4,0,1,9,0,0
10341,94.56,PAYMENT,1995,2,0,0,14,0,0
10342,20.05,PAYMENT,1785,1,1,0,10,1,1
10343,77.38,CASH_OUT,2545,4,0,0,14,2,0
10344,56.37,PAYMENT,263,2,0,0,7,0,0
10345,275.18,DEBIT,1210,3,0,0,8,1,0
10346,75.69,TRANSFER,2017,4,0,0,15,1,0
10347,360.61,PAYMENT,2156,5,1,0,3,0,0
10348,600.93,CASH_IN,1350,7,0,0,6,0,0
10349,324.14,PAYMENT,819,3,0,1,8,0,0
10350,119.65,PAYMENT,558,5,0,0,15,1,0
10351,170.91,PAYMENT,926,1,0,1,4,1,0
10352,32.3,CASH_OUT,2422,3,0,0,7,0,0
10353,129.83,PAYMENT,305,3,0,0,22,0,0
10354,62.78,PAYMENT,432,5,0,0,2,1,0
10355,297.18,PAYMENT,2331,1,0,0,20,0,1
10356,1944.48,CASH_IN,1068,4,1,0,14,0,0
10357,244.65,PAYMENT,2614,7,0,0,7,0,0
10358,20.26,PAYMENT,192,2,0,0,12,0,0
10359,103.42,TRANSFER,1161,2,0,0,10,1,0
10360,167.75,CASH_OUT,2140,3,0,0,22,1,0
10361,161.96,CASH_IN,272,3,1,0,9,0,0
10362,71.46,PAYMENT,2380,4,0,0,21,0,0
10363,189.67,CASH_IN,992,1,0,0,17,0,0
10364,42.84,TRANSFER,1169,1,0,0,18,0,0
10365,57.69,PAYMENT,2031,1,0,0,4,0,0
10366,283.1,CASH_IN,2397,2,0,0,18,0,0
10367,53.75,TRANSFER,1075,2,0,1,14,0,0
10368,254.22,CASH_OUT,1517,2,0,0,11,1,0
10369,37.73,DEBIT,1516,2,0,0,3,0,0
10370,866.82,TRANSFER,994,3,0,0,3,0,0
10371,68.42,PAYMENT,2567,4,0,1,13,0,0
10372,118.67,CASH_IN,2695,5,0,0,18,0,0
10373,206.56,PAYMENT,2063,5,0,0,23,0,1
10374,84.32,TRANSFER,2041,2,0,0,6,0,0
10375,171.3,PAYMENT,871,2,0,0,15,0,0
10376,263.84,PAYMENT,2460,3,0,0,13,1,1
10377,387.85,CASH_OUT,1179,7,0,0,4,1,0
10378,327.5,TRANSFER,399,3,0,0,17,0,1
10379,124.98,CASH_OUT,2817,2,0,0,20,0,0
10380,128.17,CASH_IN,1424,3,0,0,0,0,0
10381,1554.81,PAYMENT,2486,1,1,0,8,1,0
10382,383.71,TRANSFER,858,6,1,0,10,0,1
10383,59.04,CASH_OUT,2338,1,0,1,5,0,0
10384,164.02,CASH_OUT,2105,4,0,0,16,0,0
10385,106.15,TRANSFER,2926,2,1,0,15,0,0
10386,129.63,PAYMENT,479,4,0,0,7,0,0
10387,43.4,TRANSFER,556,4,0,1,15,0,0
10388,98.31,TRANSFER,212,1,0,0,10,1,0
10389,908.28,PAYMENT,405,5,0,0,8,1,1
10390,264.83,CASH_OUT,1859,7,0,0,22,0,0
10391,12.29,PAYMENT,2042,5,1,0,6,0,1
10392,501.06,DEBIT,239,5,0,0,5,0,0
10393,441.26,CASH_OUT,2603,1,0,0,16,1,0
10394,103.62,PAYMENT,61,2,0,0,0,0,0
10395,304.07,PAYMENT,2121,2,0,0,11,1,0
10396,62.84,CASH_OUT,1401,1,1,0,22,0,1
10397,92.73,CASH_OUT,915,9,0,1,16,1,1
10398,664.18,DEBIT,2193,2,0,0,5,0,0
10399,113.1,PAYMENT,401,1,0,0,14,1,0
10400,22.88,PAYMENT,1024,6,0,0,9,1,0
10401,139.31,DEBIT,2519,1,0,0,15,0,0
10402,137.2,PAYMENT,2691,3,0,0,22,0,0
10403,491.95,CASH_OUT,1424,6,0,0,10,0,0
10404,150.56,PAYMENT,1755,1,1,0,16,1,0
10405,97.36,CASH_OUT,1768,3,0,0,4,0,1
10406,422.02,PAYMENT,267,6,0,0,2,2,1
10407,167.47,CASH_OUT,2136,1,0,0,9,0,1
10408,70.1,TRANSFER,1384,5,1,0,9,0,0
10409,471.07,DEBIT,944,1,1,0,8,1,0
10410,180.13,PAYMENT,1569,3,1,0,2,0,0
10411,148.85,PAYMENT,1993,2,0,0,2,1,1
10412,177.31,PAYMENT,2849,2,0,0,4,0,0
10413,50.87,CASH_IN,1449,1,0,0,2,0,0
10414,87.56,TRANSFER,332,4,0,0,4,0,0
10415,148.95,TRANSFER,1956,2,0,0,1,0,0
10416,122.16,PAYMENT,1010,6,1,1,23,0,1
10417,529.76,TRANSFER,2558,2,1,0,4,1,1
10418,184.46,PAYMENT,258,5,0,0,7,0,0
10419,348.94,PAYMENT,83,3,0,0,0,0,0
10420,149.81,CASH_OUT,2519,1,0,1,2,2,1
10421,426.79,PAYMENT,2652,2,1,1,5,1,0
10422,220.86,CASH_OUT,1986,3,0,0,9,1,1
10423,150.42,CASH_IN,1621,1,0,0,1,0,0
10424,146.45,DEBIT,2662,3,0,0,15,0,0
10425,57.14,CASH_OUT,1150,4,0,0,8,1,0
10426,246.39,PAYMENT,2669,5,0,0,1,1,0
10427,142.56,CASH_OUT,1324,3,0,0,16,0,0
10428,89.84,PAYMENT,159,6,0,0,9,0,0
10429,448.75,PAYMENT,1578,1,0,0,8,1,0
10430,42.51,CASH_OUT,1813,1,0,0,6,1,0
10431,97.27,CASH_IN,546,4,0,1,14,0,0
10432,414.77,PAYMENT,973,3,0,0,9,0,0
10433,203.47,PAYMENT,2258,1,0,0,13,0,0
10434,141.48,TRANSFER,2695,2,0,0,11,0,0
10435,190.76,PAYMENT,2314,5,0,0,1,0,0
10436,177.58,CASH_OUT,541,4,0,0,3,0,0
10437,32.57,PAYMENT,2610,4,0,0,18,0,0
10438,104.66,PAYMENT,2010,3,1,0,2,0,1
10439,747.34,TRANSFER,1491,3,1,0,20,0,0
10440,76.76,CASH_IN,254,2,0,0,17,0,0
10441,107.95,CASH_OUT,2280,0,0,0,1,0,0
10442,86.35,CASH_IN,2932,4,0,0,10,1,0
10443,136.04,PAYMENT,165,4,0,0,1,0,0
10444,82.84,CASH_IN,1537,1,1,0,8,0,1
10445,241.47,PAYMENT,1086,4,0,1,22,1,0
10446,180.79,CASH_IN,1082,0,0,0,1,1,1
10447,321.68,TRANSFER,1404,3,0,0,10,0,0
10448,51.89,PAYMENT,1381,4,0,0,21,2,0
10449,105.6,PAYMENT,2522,2,1,1,2,0,1
10450,118.42,TRANSFER,1524,3,0,0,0,1,1
10451,234.08,PAYMENT,1423,4,0,0,0,0,0
10452,67.14,DEBIT,400,0,1,0,12,0,0
10453,370.8,PAYMENT,667,1,0,0,22,0,0
10454,486.1,PAYMENT,1689,6,0,0,8,0,0
10455,55.21,PAYMENT,951,0,1,0,16,0,0
10456,90.84,PAYMENT,1306,1,0,0,19,0,0
10457,87.19,CASH_OUT,2563,3,0,0,22,0,0
10458,2063.97,TRANSFER,2335,3,0,0,15,0,1
10459,96.55,CASH_IN,2516,3,0,0,12,0,0
10460,794.43,PAYMENT,631,3,0,0,6,0,1
10461,41.82,DEBIT,2095,3,1,0,7,0,0
10462,55.17,PAYMENT,248,2,0,0,7,1,0
10463,74.69,DEBIT,541,3,0,0,19,2,0
10464,63.71,PAYMENT,1231,0,0,0,8,0,0
10465,113.53,CASH_OUT,238,3,0,0,7,2,1
10466,73.06,TRANSFER,1866,3,0,0,20,0,0
10467,65.41,PAYMENT,2604,0,0,0,12,0,0
10468,472.71,PAYMENT,2312,4,0,0,2,0,0
10469,504.61,CASH_OUT,1262,2,0,1,1,0,1
10470,383.48,PAYMENT,240,3,0,0,15,0,0
10471,250.64,TRANSFER,302,2,0,0,8,0,0
10472,162.84,CASH_OUT,2221,2,0,0,5,0,0
10473,90.28,CASH_OUT,1756,6,0,1,16,0,0
10474,57.22,DEBIT,2811,1,0,0,7,0,0
10475,213.36,PAYMENT,531,4,0,0,7,0,0
10476,45.9,PAYMENT,2521,1,1,0,17,0,0
10477,54.93,PAYMENT,1903,6,0,0,3,0,0
10478,470.08,CASH_OUT,1139,2,0,0,8,1,0
10479,992.92,DEBIT,2257,6,0,0,10,0,0
10480,219.93,DEBIT,1870,3,0,0,16,0,0
10481,448.75,DEBIT,1614,3,0,0,19,1,0
10482,116.07,CASH_IN,1207,6,0,0,23,0,0
10483,38.95,DEBIT,2256,2,1,0,12,0,1
10484,273.74,PAYMENT,2376,6,0,0,6,0,0
10485,262.25,DEBIT,1379,3,0,0,0,0,0
10486,159.44,CASH_OUT,784,2,0,0,4,0,0
10487,116.47,PAYMENT,38,3,0,0,8,0,0
10488,388.47,PAYMENT,221,3,0,0,11,0,0
10489,55.38,PAYMENT,1143,2,0,0,1,0,0
10490,68.46,CASH_OUT,1056,3,1,0,23,0,0
10491,54.16,CASH_OUT,521,3,1,1,23,0,1
10492,161.58,PAYMENT,1318,1,0,0,22,0,0
10493,50.0,CASH_OUT,2857,5,0,0,19,0,0
10494,74.87,PAYMENT,706,3,0,0,15,1,0
10495,73.28,CASH_IN,2802,4,0,0,16,1,0
10496,114.36,CASH_OUT,1986,2,0,0,18,0,0
10497,33.54,DEBIT,1413,5,0,0,7,1,0
10498,161.94,PAYMENT,2272,2,0,0,10,0,0
10499,516.62,DEBIT,528,3,0,0,6,0,0
10500,169.95,PAYMENT,2645,4,0,0,20,2,0
10501,693.2,TRANSFER,1670,1,0,0,20,0,0
10502,563.4,TRANSFER,1884,5,0,0,20,0,0
10503,323.03,CASH_OUT,183,3,1,0,5,1,1
10504,159.92,DEBIT,1099,3,1,0,4,1,0
10505,151.79,TRANSFER,210,2,0,0,0,0,0
10506,318.56,DEBIT,1625,4,0,1,16,0,0
10507,100.32,PAYMENT,255,4,0,0,1,0,0
10508,22.59,PAYMENT,376,3,0,0,11,0,0
10509,242.74,TRANSFER,2523,2,1,0,3,0,0
10510,47.89,PAYMENT,2252,3,0,0,3,1,0
10511,56.7,DEBIT,858,3,0,1,15,1,1
10512,148.45,CASH_OUT,1659,3,0,0,2,0,0
10513,134.95,TRANSFER,1953,1,0,0,9,0,0
10514,36.16,CASH_OUT,1716,6,0,0,8,0,0
10515,175.12,TRANSFER,1876,2,0,0,13,0,0
10516,390.0,PAYMENT,281,2,0,0,9,1,0
10517,48.02,TRANSFER,1505,3,0,0,5,0,0
10518,529.79,CASH_OUT,1474,3,0,0,3,0,0
10519,31.18,DEBIT,2728,2,0,0,21,0,0
10520,1233.15,PAYMENT,1985,2,0,0,20,2,0
10521,98.37,TRANSFER,2561,6,0,0,8,0,0
10522,171.68,PAYMENT,1836,7,0,0,4,0,0
10523,22.38,PAYMENT,653,3,0,0,2,0,0
10524,139.47,CASH_OUT,187,1,0,0,23,0,0
10525,186.51,PAYMENT,598,1,0,0,9,0,0
10526,136.16,CASH_OUT,1755,2,0,0,4,1,0
10527,84.51,TRANSFER,1696,3,1,0,22,0,1
10528,57.59,PAYMENT,38,2,1,0,15,1,1
10529,459.68,TRANSFER,538,4,0,1,10,1,0
10530,153.06,PAYMENT,573,0,0,1,9,0,0
10531,692.81,CASH_IN,2666,2,0,1,23,0,0
10532,87.66,PAYMENT,2069,1,0,1,0,0,0
10533,96.08,PAYMENT,2890,1,0,0,0,0,0
10534,335.49,CASH_OUT,124,3,0,0,22,0,0
10535,29.28,DEBIT,2774,3,0,1,19,0,0
10536,44.1,CASH_IN,1330,5,0,0,23,0,0
10537,444.74,PAYMENT,1588,1,0,1,16,1,1
10538,45.97,PAYMENT,1002,1,1,1,20,1,0
10539,24.07,CASH_OUT,2999,3,0,1,2,1,1
10540,961.53,CASH_IN,146,3,0,0,14,0,0
10541,36.83,PAYMENT,1509,4,0,0,21,0,1
10542,178.42,TRANSFER,389,3,0,1,13,0,1
10543,159.03,PAYMENT,1083,3,0,0,3,0,0
10544,8.93,PAYMENT,2402,4,0,1,12,0,1
10545,113.6,TRANSFER,1973,2,0,0,20,0,0
10546,232.39,PAYMENT,103,7,0,0,6,0,0
10547,211.52,PAYMENT,1008,4,0,0,12,0,0
10548,366.32,PAYMENT,1472,1,1,0,12,0,0
10549,100.74,TRANSFER,836,3,0,0,8,0,0
10550,302.63,PAYMENT,1316,2,1,0,5,0,0
10551,74.49,TRANSFER,580,1,0,0,5,0,0
10552,36.22,DEBIT,2481,1,0,0,5,0,0
10553,40.54,PAYMENT,2181,5,0,0,12,2,1
10554,34.39,CASH_OUT,1917,1,0,0,0,1,1
10555,407.31,CASH_IN,2783,5,0,0,1,0,0
10556,32.64,PAYMENT,2220,1,0,0,12,1,0
10557,195.2,PAYMENT,2791,5,0,0,19,0,0
10558,113.76,PAYMENT,946,2,1,0,15,0,0
10559,133.93,CASH_OUT,236,3,0,0,20,0,0
10560,580.34,TRANSFER,2623,4,0,0,20,1,0
10561,95.73,PAYMENT,1936,0,0,1,22,0,0
10562,273.58,CASH_IN,1314,2,0,0,1,0,0
10563,154.09,CASH_OUT,853,3,0,0,20,1,1
10564,127.48,PAYMENT,1136,2,1,0,16,1,0
10565,1480.25,CASH_OUT,2340,1,0,0,19,1,0
10566,35.12,PAYMENT,2249,7,0,0,11,0,0
10567,538.69,CASH_OUT,391,2,0,0,4,1,1
10568,286.12,PAYMENT,71,6,0,0,11,1,0
10569,91.88,CASH_OUT,1793,2,0,0,15,0,0
10570,756.97,PAYMENT,2351,0,0,0,12,0,0
10571,23.38,TRANSFER,1827,2,0,0,14,0,0
10572,88.08,PAYMENT,529,5,0,0,14,0,0
10573,44.32,CASH_OUT,161,4,0,0,8,0,0
10574,224.1,PAYMENT,2987,6,0,0,7,1,1
10575,48.76,PAYMENT,2502,4,0,1,2,1,0
10576,228.85,PAYMENT,2686,4,1,1,17,1,0
10577,123.17,PAYMENT,1106,4,1,0,15,0,0
10578,91.89,CASH_OUT,2866,4,0,0,6,0,0
10579,218.91,DEBIT,1450,3,1,0,8,0,1
10580,113.45,CASH_OUT,2271,3,0,0,3,1,0
10581,49.97,CASH_IN,1036,6,0,1,0,1,0
10582,2443.96,PAYMENT,493,4,0,0,16,1,1
10583,91.18,PAYMENT,1408,3,0,0,11,0,0
10584,16.16,TRANSFER,1226,1,0,1,3,0,0
10585,63.94,DEBIT,2270,3,0,1,8,1,0
10586,41.79,CASH_OUT,1483,4,0,0,21,0,0
10587,339.05,PAYMENT,2464,3,0,0,2,0,0
10588,204.72,PAYMENT,686,3,1,0,4,0,0
10589,221.12,PAYMENT,1030,3,0,0,5,1,0
10590,102.51,PAYMENT,1841,5,0,0,17,0,0
10591,112.24,CASH_OUT,1825,4,0,0,18,0,0
10592,102.42,PAYMENT,1384,4,0,0,4,0,0
10593,136.84,CASH_IN,824,2,1,0,9,0,1
10594,342.18,DEBIT,1329,7,0,1,13,0,1
10595,207.7,CASH_IN,137,6,1,0,21,0,0
10596,244.72,DEBIT,285,0,1,1,3,0,0
10597,244.58,PAYMENT,1132,3,1,1,6,0,1
10598,359.4,DEBIT,2467,2,0,0,2,1,0
10599,197.98,PAYMENT,754,6,0,0,17,1,0
10600,212.48,CASH_IN,1973,4,0,0,11,1,0
10601,487.26,PAYMENT,1262,1,0,0,21,0,0
10602,76.32,TRANSFER,1620,3,0,0,5,0,0
10603,63.07,PAYMENT,569,3,0,0,23,0,0
10604,45.33,PAYMENT,2933,1,1,0,5,0,0
10605,178.2,DEBIT,138,4,0,0,13,1,0
10606,23.25,CASH_IN,2101,3,0,0,12,0,0
10607,235.6,TRANSFER,1726,2,0,0,12,0,0
10608,133.06,TRANSFER,528,3,0,1,14,0,0
10609,461.57,CASH_OUT,2449,3,1,0,5,1,1
10610,75.8,PAYMENT,1218,1,0,0,10,0,0
10611,121.11,CASH_OUT,2474,3,0,0,19,0,0
10612,455.87,TRANSFER,2349,9,0,0,14,0,1
10613,591.78,CASH_OUT,79,1,0,0,19,0,0
10614,75.18,DEBIT,100,0,0,1,13,0,1
10615,178.0,TRANSFER,1984,1,0,0,23,0,0
10616,199.22,TRANSFER,521,3,0,0,9,1,0
10617,215.65,DEBIT,503,0,0,0,23,2,0
10618,114.14,DEBIT,1254,5,0,0,4,0,0
10619,534.53,DEBIT,53,2,1,0,5,0,0
10620,22.43,TRANSFER,498,3,0,0,20,1,0
10621,97.4,PAYMENT,1490,5,0,0,21,0,0
10622,232.28,PAYMENT,243,3,0,0,14,0,1
10623,234.45,PAYMENT,1348,5,0,0,8,0,0
10624,574.07,CASH_OUT,176,4,1,0,13,0,0
10625,491.88,PAYMENT,2459,3,0,0,4,0,0
10626,111.55,CASH_OUT,1739,4,0,0,13,0,0
10627,544.5,DEBIT,1469,3,0,0,19,0,0
10628,72.67,DEBIT,1058,4,0,0,14,0,0
10629,376.49,PAYMENT,873,2,0,0,16,0,1
10630,907.34,PAYMENT,901,0,0,0,7,0,0
10631,500.17,CASH_IN,2467,1,0,0,22,1,0
10632,164.97,TRANSFER,2927,4,1,0,20,2,0
10633,106.51,CASH_IN,1060,2,0,0,23,0,0
10634,32.18,CASH_IN,752,5,0,0,21,2,1
10635,202.46,TRANSFER,2860,3,0,0,19,1,0
10636,48.66,PAYMENT,1329,5,0,0,14,0,0
10637,67.15,TRANSFER,2904,9,0,0,1,0,0
10638,45.12,CASH_OUT,2033,2,0,0,1,1,0
10639,93.65,PAYMENT,2081,5,0,0,3,0,0
10640,144.32,CASH_OUT,1767,1,0,0,3,1,1
10641,195.12,DEBIT,2183,3,0,1,4,0,0
10642,81.41,PAYMENT,69,4,0,0,9,0,0
10643,432.37,DEBIT,2654,3,1,0,19,0,0
10644,120.52,CASH_OUT,2624,4,0,0,13,0,1
10645,67.51,CASH_IN,2633,7,0,0,15,0,0
10646,186.1,PAYMENT,1316,4,1,0,4,0,1
10647,1057.38,PAYMENT,2739,3,0,0,9,0,0
10648,207.51,PAYMENT,606,6,0,0,17,3,0
10649,103.25,PAYMENT,2421,6,0,0,6,1,1
10650,32.22,PAYMENT,817,5,0,0,19,0,0
10651,119.17,CASH_IN,1597,4,0,0,11,0,0
10652,187.72,TRANSFER,1918,3,0,0,6,1,1
10653,100.73,DEBIT,193,6,0,0,20,1,0
10654,28.07,TRANSFER,431,2,0,0,15,0,0
10655,63.4,PAYMENT,2562,4,0,0,21,0,0
10656,635.58,TRANSFER,382,5,0,0,2,0,0
10657,622.66,DEBIT,702,4,0,0,8,0,0
10658,61.15,TRANSFER,2914,5,0,0,6,0,0
10659,290.84,PAYMENT,294,0,0,0,18,0,0
10660,45.67,DEBIT,1095,2,0,0,12,0,0
10661,604.45,PAYMENT,1252,4,1,0,8,0,1
10662,189.66,CASH_OUT,236,0,0,0,20,1,0
10663,383.62,TRANSFER,139,1,0,0,5,0,0
10664,26.71,PAYMENT,1697,2,0,0,16,1,0
10665,292.26,PAYMENT,1796,6,0,0,16,0,1
10666,147.28,DEBIT,2149,6,0,0,12,0,0
10667,347.9,DEBIT,437,3,0,0,16,0,0
10668,370.51,TRANSFER,869,3,0,0,23,0,0
10669,158.5,PAYMENT,1689,2,0,0,6,0,0
10670,81.38,PAYMENT,2786,2,0,0,17,0,0
10671,323.66,PAYMENT,308,0,0,0,5,0,0
10672,139.75,TRANSFER,1919,4,0,1,12,0,0
10673,62.01,PAYMENT,80,3,0,1,9,0,0
10674,59.14,PAYMENT,1176,1,0,0,18,0,0
10675,33.88,TRANSFER,460,3,0,0,20,0,0
10676,89.1,CASH_OUT,1904,0,1,0,4,0,1
10677,447.06,CASH_IN,2628,2,0,0,10,0,0
10678,177.3,TRANSFER,353,4,0,0,21,0,1
10679,87.38,CASH_OUT,1893,4,0,0,8,1,0
10680,331.91,PAYMENT,2452,4,0,0,18,0,0
10681,64.56,TRANSFER,903,1,0,0,3,0,0
10682,163.26,CASH_OUT,1834,2,0,1,2,0,0
10683,124.01,CASH_OUT,577,2,0,0,0,0,0
10684,323.48,TRANSFER,1474,7,0,0,6,0,0
10685,30.65,TRANSFER,405,1,0,0,11,0,0
10686,63.42,DEBIT,2186,2,0,0,10,1,0
10687,28.84,CASH_OUT,1808,1,0,0,20,0,0
10688,114.48,CASH_OUT,2568,5,0,0,9,0,0
10689,498.41,CASH_OUT,1072,5,1,1,11,1,0
10690,89.53,PAYMENT,2626,2,0,0,8,0,0
10691,89.06,TRANSFER,1270,2,0,0,20,0,0
10692,354.86,DEBIT,1758,4,0,1,4,0,0
10693,432.05,PAYMENT,2310,0,0,0,22,0,0
10694,135.83,PAYMENT,1604,2,0,0,2,0,0
10695,294.33,CASH_OUT,2054,3,0,0,23,0,1
10696,50.55,PAYMENT,1463,4,1,0,13,0,0
10697,588.73,TRANSFER,2631,2,0,0,21,1,0
10698,1272.46,PAYMENT,1565,2,0,0,11,0,1
10699,249.94,TRANSFER,1874,0,0,1,9,1,0
10700,18.46,CASH_OUT,992,3,0,0,1,1,0
10701,84.93,TRANSFER,1359,1,1,1,20,0,1
10702,273.92,PAYMENT,2950,5,0,0,5,0,0
10703,97.37,PAYMENT,136,3,0,0,5,0,0
10704,529.64,PAYMENT,1722,2,0,0,18,0,1
10705,267.24,TRANSFER,1278,2,0,0,18,0,0
10706,73.22,PAYMENT,1439,5,0,0,17,0,0
10707,153.28,CASH_OUT,1583,3,0,0,12,0,0
10708,60.71,CASH_OUT,89,2,0,0,5,0,0
10709,123.65,PAYMENT,2449,3,0,0,20,1,0
10710,85.23,PAYMENT,147,4,1,0,20,0,0
10711,480.47,PAYMENT,2757,2,0,0,5,1,0
10712,1231.53,TRANSFER,315,2,0,0,5,0,0
10713,35.47,PAYMENT,1594,3,0,0,4,0,0
10714,21.69,PAYMENT,1722,7,0,0,22,2,0
10715,116.14,PAYMENT,48,1,1,1,19,0,0
10716,32.51,DEBIT,1035,2,0,0,14,0,0
10717,155.43,CASH_OUT,2679,1,1,0,5,0,0
10718,313.86,CASH_IN,1623,4,0,0,4,0,0
10719,661.26,PAYMENT,1043,4,0,0,18,0,0
10720,181.53,PAYMENT,145,4,0,1,16,0,0
10721,122.34,PAYMENT,150,0,0,0,22,0,0
10722,20.52,DEBIT,2699,5,0,1,10,0,0
10723,152.35,PAYMENT,2441,4,0,0,23,0,0
10724,159.38,TRANSFER,2282,3,1,0,0,0,0
10725,281.17,PAYMENT,2563,6,0,0,15,1,1
10726,73.08,CASH_OUT,700,1,0,0,15,0,0
10727,96.06,PAYMENT,2923,2,0,0,17,0,0
10728,33.85,TRANSFER,124,3,0,0,21,0,0
10729,15.01,DEBIT,2623,0,1,0,5,0,0
10730,48.98,TRANSFER,2831,1,0,0,2,2,0
10731,30.87,TRANSFER,1883,1,0,0,9,0,0
10732,207.83,TRANSFER,2407,4,0,0,18,0,0
10733,88.4,CASH_IN,854,3,0,0,19,0,0
10734,86.64,PAYMENT,2738,1,0,0,13,1,0
10735,55.46,PAYMENT,644,5,1,0,13,1,0
10736,5.86,CASH_OUT,339,4,1,0,13,0,1
10737,670.69,TRANSFER,1270,2,0,0,22,1,0
10738,54.58,DEBIT,706,4,0,0,1,0,1
10739,98.26,CASH_OUT,197,4,0,0,2,0,1
10740,34.64,TRANSFER,2609,6,0,0,3,0,1
10741,392.26,PAYMENT,1162,2,0,0,12,1,0
10742,171.3,CASH_OUT,228,2,0,0,0,0,0
10743,64.95,CASH_OUT,431,3,0,0,12,0,0
10744,100.26,CASH_OUT,2822,7,0,0,9,0,0
10745,794.87,PAYMENT,2249,0,1,0,11,0,1
10746,137.97,DEBIT,213,2,0,0,7,0,0
10747,123.75,PAYMENT,46,4,0,0,9,0,0
10748,57.89,PAYMENT,583,3,0,0,14,0,0
10749,22.32,DEBIT,2233,1,0,0,22,0,0
10750,126.46,CASH_OUT,1074,3,0,0,12,1,0
10751,205.51,TRANSFER,1474,3,0,0,15,0,0
10752,445.67,DEBIT,1204,2,0,0,11,0,0
10753,15.67,PAYMENT,1164,5,0,0,13,0,0
10754,48.18,PAYMENT,1869,3,0,0,15,0,0
10755,83.03,CASH_OUT,1368,1,0,0,15,0,0
10756,147.9,PAYMENT,669,3,0,0,0,1,0
10757,128.38,DEBIT,487,4,0,0,8,1,1
10758,131.41,CASH_IN,1035,4,0,0,19,0,0
10759,223.21,PAYMENT,1105,2,0,0,5,1,0
10760,60.14,CASH_IN,835,2,0,1,9,0,0
10761,377.72,PAYMENT,414,1,0,0,12,0,0
10762,228.94,TRANSFER,616,5,0,0,16,0,1
10763,107.79,DEBIT,892,1,0,0,4,0,0
10764,735.76,CASH_IN,1484,4,1,0,2,1,1
10765,703.74,PAYMENT,2658,4,0,0,10,0,0
10766,377.25,PAYMENT,1223,0,1,0,0,1,1
10767,7.25,PAYMENT,695,6,1,0,16,0,0
10768,719.78,TRANSFER,2894,6,0,0,20,1,0
10769,328.57,TRANSFER,2183,4,0,0,2,0,1
10770,1103.68,PAYMENT,356,0,0,0,22,2,0
10771,511.56,TRANSFER,2863,2,0,0,8,0,0
10772,719.35,CASH_IN,1923,2,0,0,1,0,0
10773,357.33,TRANSFER,1660,4,0,0,6,0,0
10774,571.75,PAYMENT,294,4,0,0,22,0,1
10775,1090.21,DEBIT,351,6,1,0,23,0,1
10776,184.3,PAYMENT,2393,6,0,1,13,0,0
10777,30.81,CASH_OUT,137,3,0,0,11,0,1
10778,109.13,PAYMENT,1858,2,0,0,15,0,0
10779,219.19,TRANSFER,1996,5,0,0,19,0,0
10780,159.95,TRANSFER,1802,2,1,0,14,0,0
10781,42.67,TRANSFER,2618,1,0,0,20,0,0
10782,29.05,TRANSFER,2652,3,1,0,22,0,0
10783,70.73,PAYMENT,1580,1,0,0,21,1,1
10784,332.87,TRANSFER,267,4,1,0,23,0,1
10785,720.78,TRANSFER,1062,2,0,0,19,0,1
10786,371.14,PAYMENT,2413,1,0,0,6,1,0
10787,427.27,DEBIT,2078,2,0,1,6,0,0
10788,136.89,CASH_IN,150,4,0,0,16,0,0
10789,26.0,CASH_IN,342,3,1,0,10,0,0
10790,94.14,CASH_OUT,213,3,0,0,10,0,0
10791,114.58,PAYMENT,1291,3,0,0,7,0,0
10792,90.28,TRANSFER,918,1,0,0,15,1,1
10793,156.76,CASH_IN,1823,3,0,0,8,0,0
10794,230.77,PAYMENT,798,4,0,0,23,0,1
10795,348.28,TRANSFER,359,2,0,0,18,0,0
10796,112.38,PAYMENT,2548,2,1,1,21,0,0
10797,22.11,PAYMENT,851,6,1,1,7,3,1
10798,91.57,PAYMENT,1072,1,0,0,8,1,0
10799,155.04,DEBIT,1071,2,0,0,4,0,0
10800,504.12,CASH_OUT,1333,4,0,0,19,1,0
10801,84.12,PAYMENT,156,2,0,0,22,0,0
10802,247.78,CASH_OUT,1050,3,1,0,6,1,0
10803,198.36,PAYMENT,1382,4,0,0,5,0,0
10804,155.07,CASH_OUT,1772,2,0,0,0,1,1
10805,376.36,CASH_IN,2777,3,0,0,6,2,0
10806,76.64,TRANSFER,45,1,0,1,1,2,1
10807,83.5,CASH_OUT,2730,4,0,0,2,0,0
10808,146.66,TRANSFER,2514,1,0,0,22,0,0
10809,78.25,TRANSFER,35,1,0,0,2,1,0
10810,246.66,CASH_OUT,2358,3,0,0,22,0,0
10811,72.73,CASH_IN,2092,4,0,0,4,0,0
10812,186.1,CASH_OUT,2543,4,0,0,1,0,0
10813,134.27,DEBIT,1480,1,0,0,10,0,0
10814,184.0,CASH_IN,1693,1,0,0,16,0,0
10815,93.72,CASH_OUT,1814,4,0,1,22,1,0
10816,105.73,CASH_IN,1599,3,0,0,10,0,0
10817,163.37,PAYMENT,415,2,0,1,21,1,0
10818,181.65,TRANSFER,1585,5,1,0,20,0,0
10819,147.79,TRANSFER,791,6,1,0,5,0,0
10820,816.77,TRANSFER,2951,3,0,0,5,1,0
10821,55.11,CASH_IN,2315,1,0,0,16,1,0
10822,139.18,PAYMENT,2548,3,0,0,14,0,0
10823,30.76,PAYMENT,1296,6,0,0,9,1,0
10824,215.31,CASH_IN,244,2,1,0,23,0,0
10825,48.65,PAYMENT,2976,4,1,0,0,0,1
10826,112.36,PAYMENT,2154,5,0,0,9,0,0
10827,102.3,PAYMENT,2461,4,1,0,18,0,0
10828,196.54,CASH_OUT,2198,3,0,0,0,0,1
10829,85.39,TRANSFER,1867,2,0,0,1,1,1
10830,81.83,DEBIT,1594,2,1,0,10,1,0
10831,623.82,PAYMENT,1972,2,0,0,5,0,0
10832,197.27,CASH_IN,2821,3,0,0,4,1,1
10833,84.69,PAYMENT,174,3,0,0,19,0,0
10834,115.49,PAYMENT,2034,1,0,0,9,0,0
10835,769.2,TRANSFER,1146,2,0,0,11,0,0
10836,117.31,PAYMENT,2562,3,0,0,1,1,0
10837,74.49,PAYMENT,866,2,0,0,5,0,0
10838,74.81,PAYMENT,534,4,0,0,8,0,0
10839,85.7,PAYMENT,1375,2,0,0,15,0,0
10840,81.9,CASH_IN,1811,2,1,0,2,0,1
10841,41.28,PAYMENT,1128,1,0,0,10,2,0
10842,48.22,DEBIT,492,2,0,0,22,1,1
10843,64.76,CASH_IN,2228,2,0,0,5,0,0
10844,268.16,PAYMENT,1243,2,0,0,17,0,0
10845,101.37,TRANSFER,398,1,0,1,6,0,0
10846,120.64,CASH_OUT,201,5,0,0,23,0,0
10847,528.52,CASH_IN,749,1,0,0,16,0,0
10848,541.86,CASH_IN,2516,0,0,0,14,0,0
10849,111.93,CASH_OUT,2647,1,1,0,17,0,1
10850,78.98,PAYMENT,1173,2,0,0,21,1,1
10851,62.53,TRANSFER,712,2,0,0,6,0,1
10852,296.72,CASH_IN,140,3,0,0,21,0,1
10853,120.94,CASH_OUT,1626,4,0,0,7,0,0
10854,100.84,CASH_IN,1475,4,0,0,3,0,0
10855,65.78,CASH_OUT,185,4,0,0,0,0,0
10856,68.74,PAYMENT,2630,1,1,0,12,0,0
10857,204.4,DEBIT,742,2,0,0,12,0,0
10858,39.83,DEBIT,1911,4,0,1,6,0,0
10859,401.36,PAYMENT,1556,5,0,0,10,1,1
10860,87.02,PAYMENT,2926,2,0,0,10,0,0
10861,127.79,TRANSFER,1847,6,0,0,8,0,0
10862,38.98,CASH_OUT,532,1,0,0,8,1,0
10863,146.59,PAYMENT,1719,5,1,0,23,0,1
10864,106.88,PAYMENT,1928,2,0,0,9,1,0
10865,141.16,TRANSFER,486,0,0,0,9,0,0
10866,646.59,PAYMENT,2484,2,1,0,11,0,1
10867,177.27,PAYMENT,721,4,0,0,22,0,0
10868,67.04,CASH_OUT,1048,1,0,0,0,0,0
10869,72.87,CASH_IN,1158,1,0,0,9,0,0
10870,269.11,TRANSFER,1638,4,0,0,8,0,0
10871,543.86,CASH_OUT,2961,2,0,0,4,0,0
10872,196.75,CASH_OUT,995,0,0,0,10,0,0
10873,295.51,TRANSFER,1953,4,1,0,18,0,1
10874,273.07,PAYMENT,286,4,0,0,7,0,0
10875,613.43,PAYMENT,1187,2,1,0,12,1,1
10876,21.12,PAYMENT,981,1,0,0,13,1,0
10877,289.23,DEBIT,1801,1,0,1,11,1,0
10878,396.92,CASH_IN,416,2,0,0,15,0,0
10879,38.91,TRANSFER,2973,3,0,0,6,1,0
10880,61.21,DEBIT,650,3,0,0,16,0,0
10881,63.38,CASH_IN,2421,4,0,0,6,1,0
10882,71.61,DEBIT,455,0,0,0,2,0,0
10883,91.68,PAYMENT,878,2,1,0,14,0,0
10884,189.16,CASH_OUT,2824,4,1,0,20,0,0
10885,352.72,CASH_OUT,323,7,1,0,10,0,0
10886,437.61,CASH_OUT,1813,5,1,0,23,0,0
10887,64.21,PAYMENT,1103,3,0,1,5,0,0
10888,63.77,CASH_OUT,811,7,0,0,21,0,0
10889,553.26,TRANSFER,1921,1,0,0,4,0,0
10890,283.37,CASH_IN,1226,6,1,0,13,1,1
10891,161.24,CASH_OUT,318,2,0,0,20,0,0
10892,238.25,PAYMENT,1969,0,0,0,17,0,0
10893,144.06,PAYMENT,1215,4,0,0,14,0,0
10894,250.78,CASH_OUT,2656,1,0,0,16,0,0
10895,106.05,TRANSFER,352,6,1,0,22,1,1
10896,194.18,TRANSFER,2403,3,0,0,14,2,0
10897,32.77,CASH_OUT,2810,2,1,0,4,0,0
10898,74.61,CASH_IN,2812,6,0,0,14,0,0
10899,75.41,PAYMENT,196,6,0,0,15,0,0
10900,102.07,TRANSFER,114,2,0,0,19,0,0
10901,58.76,CASH_IN,144,3,0,0,10,0,0
10902,87.05,CASH_IN,1950,3,0,1,20,0,0
10903,32.64,PAYMENT,894,5,0,0,8,0,0
10904,256.9,PAYMENT,487,4,0,0,14,0,0
10905,136.66,PAYMENT,401,2,0,0,11,1,0
10906,26.97,DEBIT,1271,6,0,0,14,0,0
10907,64.4,TRANSFER,288,5,0,0,20,0,1
10908,207.81,TRANSFER,2027,2,0,0,0,2,0
10909,86.23,PAYMENT,2893,3,0,0,23,0,0
10910,73.93,PAYMENT,1528,2,0,1,19,0,0
10911,137.75,CASH_OUT,1878,4,0,1,21,1,1
10912,209.26,TRANSFER,254,4,0,1,9,0,1
10913,35.29,TRANSFER,1394,4,1,0,17,2,0
10914,257.27,PAYMENT,1899,2,1,0,14,0,0
10915,66.67,PAYMENT,2561,4,0,0,23,0,0
10916,145.78,CASH_IN,377,2,1,0,3,0,0
10917,143.25,PAYMENT,2418,2,0,0,9,0,0
10918,87.61,CASH_IN,1933,1,0,0,14,0,0
10919,53.32,PAYMENT,728,3,0,0,20,1,0
10920,111.53,PAYMENT,2054,3,0,0,10,0,1
10921,753.95,TRANSFER,1427,4,0,0,6,0,0
10922,38.03,DEBIT,442,0,0,1,21,0,0
10923,806.18,PAYMENT,1035,5,1,1,6,0,1
10924,114.47,CASH_OUT,1471,1,0,0,7,3,0
10925,153.76,TRANSFER,2910,1,0,0,5,1,0
10926,50.06,PAYMENT,2993,2,1,0,12,0,0
10927,68.63,PAYMENT,311,2,0,0,0,1,0
10928,89.76,DEBIT,1296,5,1,0,11,1,0
10929,52.16,PAYMENT,2616,5,0,0,21,0,0
10930,120.43,CASH_OUT,692,5,0,0,18,0,0
10931,98.79,DEBIT,228,2,0,0,9,1,0
10932,944.62,PAYMENT,2867,4,0,0,4,0,1
10933,46.25,PAYMENT,1484,3,0,0,2,0,0
10934,164.46,PAYMENT,256,4,0,0,0,0,0
10935,190.16,PAYMENT,1036,2,0,0,14,0,0
10936,50.89,PAYMENT,1249,4,0,0,6,0,0
10937,294.96,CASH_OUT,762,3,1,0,17,0,1
10938,99.65,CASH_OUT,2946,3,1,0,0,0,1
10939,12.28,CASH_OUT,257,2,0,0,8,0,1
10940,287.11,DEBIT,2144,4,0,1,20,0,0
10941,48.57,PAYMENT,1378,1,0,0,10,0,0
10942,52.05,PAYMENT,2415,1,0,1,10,0,0
10943,295.27,PAYMENT,639,0,1,0,17,0,0
10944,104.88,PAYMENT,1580,2,0,0,14,1,0
10945,371.58,PAYMENT,1947,2,0,0,17,0,0
10946,497.78,TRANSFER,143,2,0,0,21,1,1
10947,77.87,CASH_IN,2181,3,0,0,20,1,0
10948,328.08,DEBIT,457,3,0,0,15,0,0
10949,69.72,PAYMENT,532,1,0,0,8,0,0
10950,1384.53,CASH_IN,2054,6,0,0,12,0,0
10951,74.22,CASH_IN,1246,6,1,0,6,0,0
10952,414.09,PAYMENT,2291,3,0,0,22,0,0
10953,345.08,PAYMENT,1974,3,1,0,2,0,1
10954,203.59,DEBIT,986,1,0,0,15,0,0
10955,75.9,CASH_OUT,174,2,0,0,11,1,0
10956,127.56,DEBIT,638,1,1,0,6,1,0
10957,17.23,TRANSFER,1617,3,0,0,8,0,0
10958,185.75,PAYMENT,2135,3,0,0,15,0,0
10959,210.53,PAYMENT,1750,2,0,1,16,1,0
10960,169.61,DEBIT,707,2,0,0,6,0,0
10961,7.59,PAYMENT,2658,3,0,0,21,1,0
10962,41.86,PAYMENT,152,4,0,0,13,1,0
10963,70.24,TRANSFER,2626,2,1,0,1,0,0
10964,198.67,PAYMENT,2312,3,0,0,7,2,0
10965,198.21,PAYMENT,2568,2,0,0,1,1,0
10966,125.18,CASH_OUT,2152,3,0,0,19,1,0
10967,280.13,PAYMENT,2025,1,0,0,1,0,0
10968,53.18,TRANSFER,1673,6,0,0,16,0,0
10969,273.21,PAYMENT,1983,4,0,0,3,0,0
10970,238.59,TRANSFER,1856,6,0,0,14,0,0
10971,216.49,PAYMENT,2372,3,1,1,5,1,0
10972,123.71,PAYMENT,529,1,0,0,3,0,0
10973,925.88,CASH_OUT,2763,4,1,0,6,0,0
10974,243.03,PAYMENT,1171,3,0,1,6,0,0
10975,56.35,PAYMENT,2733,4,0,0,20,0,0
10976,190.24,TRANSFER,373,4,0,0,2,0,0
10977,314.97,PAYMENT,2236,3,0,1,2,0,0
10978,82.43,PAYMENT,811,3,0,0,21,0,0
10979,441.1,CASH_OUT,1806,2,0,1,3,0,1
10980,217.46,CASH_OUT,76,6,0,0,23,0,0
10981,14.26,CASH_OUT,1981,3,0,1,12,0,1
10982,200.27,TRANSFER,2440,2,0,1,15,1,0
10983,98.89,TRANSFER,643,3,0,0,21,0,0
10984,253.96,CASH_OUT,814,2,0,0,16,0,0
10985,381.54,PAYMENT,1433,3,0,0,10,0,0
10986,180.4,PAYMENT,1177,7,0,0,6,0,0
10987,784.66,CASH_OUT,1217,3,0,0,13,0,1
10988,124.13,TRANSFER,2962,3,0,0,5,1,0
10989,277.22,CASH_OUT,199,4,1,0,4,0,1
10990,331.94,PAYMENT,623,2,0,0,0,0,0
10991,134.65,PAYMENT,1700,3,0,0,8,0,0
10992,323.36,CASH_IN,2900,3,0,0,5,2,0
10993,81.89,TRANSFER,541,3,0,0,5,0,0
10994,97.26,TRANSFER,1211,2,1,0,23,0,0
10995,39.95,PAYMENT,1385,5,0,0,23,0,0
10996,188.94,PAYMENT,1256,4,1,0,1,0,1
10997,205.46,PAYMENT,1173,1,0,0,6,1,0
10998,482.64,TRANSFER,2106,7,0,0,1,0,0
10999,327.39,DEBIT,2239,1,1,0,16,1,0
11000,111.63,CASH_IN,588,2,0,0,19,0,0
11001,45.69,CASH_OUT,2177,3,0,0,5,0,0
11002,228.8,CASH_IN,1789,3,0,1,21,0,1
11003,450.68,TRANSFER,2134,2,0,0,2,0,0
11004,315.82,PAYMENT,2560,3,0,0,17,1,0
11005,438.99,PAYMENT,1198,4,0,0,20,0,0
11006,120.07,CASH_OUT,2943,4,0,0,22,1,0
11007,93.07,PAYMENT,1434,7,0,0,17,1,0
11008,71.03,TRANSFER,2727,2,0,0,5,1,0
11009,140.34,CASH_IN,2116,6,0,0,17,0,0
11010,137.2,PAYMENT,1846,3,0,0,3,0,1
11011,182.49,PAYMENT,1201,7,0,0,2,1,0
11012,130.41,PAYMENT,1580,6,0,0,8,0,0
11013,129.85,TRANSFER,2190,1,1,0,12,0,0
11014,68.26,PAYMENT,680,3,0,0,20,0,0
11015,380.55,TRANSFER,1709,2,0,0,3,0,0
11016,160.22,PAYMENT,1531,3,0,1,16,1,0
11017,124.66,TRANSFER,1459,6,0,0,10,0,0
11018,70.29,PAYMENT,1295,3,0,0,19,0,0
11019,39.18,DEBIT,1525,2,0,1,19,0,0
11020,548.93,TRANSFER,1985,4,0,0,0,0,0
11021,258.43,CASH_OUT,431,2,0,0,19,1,0
11022,29.26,CASH_OUT,1713,1,0,0,21,0,0
11023,318.35,TRANSFER,1642,6,0,0,7,0,0
11024,373.34,PAYMENT,410,2,0,0,18,0,0
11025,168.07,TRANSFER,2155,3,0,0,17,0,0
11026,733.71,CASH_OUT,2060,5,1,0,14,0,0
11027,184.33,TRANSFER,660,1,0,0,1,0,0
11028,35.99,PAYMENT,2306,4,0,0,4,0,0
11029,213.83,PAYMENT,1205,4,0,0,16,0,0
11030,189.6,PAYMENT,1583,2,0,0,5,2,0
11031,81.18,PAYMENT,1521,2,0,0,22,0,0
11032,263.37,DEBIT,1149,2,0,0,9,1,0
11033,28.0,PAYMENT,2562,1,0,0,23,1,1
11034,399.64,PAYMENT,706,5,0,0,4,1,0
11035,61.67,CASH_OUT,1293,4,0,0,22,0,1
11036,55.43,CASH_IN,2937,1,0,0,19,1,0
11037,132.45,TRANSFER,2668,4,0,0,18,0,0
11038,228.83,PAYMENT,2428,5,0,0,9,0,0
11039,174.85,PAYMENT,703,3,0,0,4,0,0
11040,70.62,TRANSFER,2336,3,0,0,9,1,0
11041,89.47,PAYMENT,2133,7,1,0,0,1,1
11042,47.8,PAYMENT,1881,5,0,0,12,1,0
11043,118.55,PAYMENT,1111,1,0,0,3,0,1
11044,434.86,DEBIT,2341,2,0,0,3,0,0
11045,147.78,PAYMENT,1816,2,1,0,15,0,0
11046,350.52,TRANSFER,1257,2,0,0,6,1,0
11047,636.13,DEBIT,1510,3,1,0,5,0,1
11048,82.43,CASH_OUT,2615,4,0,0,13,0,0
11049,123.15,PAYMENT,1931,2,0,0,6,2,0
11050,1301.4,PAYMENT,451,3,0,0,0,0,0
11051,629.13,DEBIT,1864,2,1,0,23,1,0
11052,27.87,PAYMENT,2520,5,0,0,4,1,1
11053,218.58,CASH_OUT,1264,2,0,0,18,0,0
11054,148.5,CASH_IN,50,3,0,0,22,0,0
11055,339.15,PAYMENT,426,4,0,0,0,0,0
11056,70.46,CASH_OUT,2432,1,0,0,8,0,0
11057,64.1,DEBIT,2464,5,0,0,9,0,0
11058,75.48,CASH_OUT,1142,8,0,1,2,1,0
11059,83.77,TRANSFER,1842,1,0,0,2,0,0
11060,335.4,CASH_IN,2556,1,0,0,8,0,0
11061,45.55,TRANSFER,36,3,0,0,16,1,0
11062,79.63,CASH_OUT,769,4,0,0,17,0,0
11063,24.8,TRANSFER,128,5,0,0,9,1,0
11064,406.31,PAYMENT,1520,1,0,0,10,2,0
11065,529.02,PAYMENT,2776,0,0,0,16,0,0
11066,107.01,PAYMENT,159,3,0,0,1,0,0
11067,110.17,PAYMENT,1378,1,1,0,10,0,0
11068,233.51,PAYMENT,2761,3,0,0,17,1,0
11069,648.38,TRANSFER,1119,5,0,0,21,0,0
11070,223.32,PAYMENT,47,3,0,0,2,1,0
11071,73.88,CASH_IN,748,2,0,0,1,0,0
11072,29.41,CASH_OUT,2345,4,0,0,22,0,0
11073,48.66,TRANSFER,2441,2,0,0,11,0,1
11074,159.69,TRANSFER,2393,4,0,0,15,1,1
11075,77.07,PAYMENT,2561,2,0,0,11,2,0
11076,180.36,TRANSFER,1523,5,0,0,6,0,0
11077,85.38,CASH_OUT,1017,1,0,0,5,0,0
11078,51.51,CASH_OUT,2387,1,1,0,15,0,0
11079,45.74,PAYMENT,1093,1,0,0,19,0,0
11080,707.94,CASH_OUT,2760,0,1,0,12,0,0
11081,361.04,CASH_OUT,531,2,0,0,13,0,0
11082,837.58,TRANSFER,2081,3,0,0,15,0,0
11083,254.67,PAYMENT,489,3,0,0,5,1,0
11084,96.54,TRANSFER,2484,3,0,0,17,0,0
11085,557.43,TRANSFER,2247,3,0,0,12,0,0
11086,143.59,TRANSFER,2936,3,0,0,6,0,0
11087,185.09,TRANSFER,2886,1,0,0,19,0,0
11088,142.19,PAYMENT,637,4,0,0,15,0,0
11089,7.79,PAYMENT,2625,1,0,1,22,1,1
11090,738.58,PAYMENT,1687,7,0,0,23,0,0
11091,242.5,PAYMENT,1326,2,0,0,15,0,1
11092,206.4,PAYMENT,2259,3,0,0,21,0,0
11093,139.52,PAYMENT,2543,3,0,0,1,0,0
11094,174.76,PAYMENT,2424,1,0,0,12,0,0
11095,81.67,CASH_OUT,2980,1,0,0,19,0,0
11096,274.95,CASH_IN,1939,2,0,0,20,1,0
11097,40.16,PAYMENT,2502,9,0,0,12,0,0
11098,178.76,PAYMENT,899,4,1,0,8,0,1
11099,260.23,CASH_IN,2707,4,0,0,7,0,0
11100,121.67,CASH_OUT,2417,5,0,0,16,0,0
11101,215.05,PAYMENT,281,4,0,1,16,2,1
11102,55.07,CASH_OUT,128,5,0,0,19,0,0
11103,56.5,PAYMENT,2572,2,0,0,11,0,0
11104,188.05,TRANSFER,1342,1,0,0,14,0,0
11105,292.52,DEBIT,792,7,1,1,7,1,0
11106,22.76,PAYMENT,1591,3,1,1,11,0,0
11107,250.14,DEBIT,629,2,0,0,11,1,0
11108,86.21,PAYMENT,2872,1,0,1,19,0,0
11109,122.39,TRANSFER,1102,2,0,0,7,1,1
11110,38.88,TRANSFER,614,2,0,0,10,0,0
11111,63.33,CASH_OUT,1247,7,0,0,11,1,0
11112,389.99,PAYMENT,2787,4,1,0,0,1,1
11113,153.37,CASH_OUT,2492,1,0,0,4,0,0
11114,101.21,CASH_OUT,2742,3,0,0,17,0,1
11115,132.09,TRANSFER,1069,1,0,0,23,0,0
11116,242.07,PAYMENT,138,4,0,1,0,1,1
11117,230.56,PAYMENT,1443,5,0,0,10,0,0
11118,137.69,CASH_OUT,116,3,0,0,7,0,0
11119,442.73,CASH_IN,2444,5,0,0,5,0,0
11120,391.69,TRANSFER,1762,2,1,0,13,1,1
11121,224.39,TRANSFER,686,7,0,0,3,0,0
11122,156.74,PAYMENT,2086,0,0,0,4,1,1
11123,286.38,TRANSFER,1399,3,0,0,0,0,0
11124,203.22,PAYMENT,932,0,1,0,17,1,0
11125,428.72,CASH_OUT,2607,5,1,0,18,1,1
11126,364.88,DEBIT,437,5,1,0,3,0,0
11127,53.61,CASH_IN,2004,3,0,0,16,0,0
11128,50.1,PAYMENT,1341,0,0,0,2,0,0
11129,73.61,TRANSFER,305,1,0,0,22,0,0
11130,393.92,PAYMENT,2826,1,0,0,18,0,0
11131,30.68,PAYMENT,2967,2,0,0,6,1,0
11132,220.25,PAYMENT,2480,3,0,0,12,0,0
11133,213.27,PAYMENT,395,5,0,0,20,0,0
11134,474.68,CASH_OUT,2779,6,0,0,9,0,0
11135,177.74,TRANSFER,1067,2,0,0,2,0,1
11136,38.74,DEBIT,957,3,0,0,2,0,0
11137,56.86,PAYMENT,1830,1,1,0,2,1,0
11138,45.51,PAYMENT,2945,3,0,0,19,0,0
11139,86.67,PAYMENT,718,2,1,0,13,0,0
11140,123.61,PAYMENT,631,1,0,0,14,0,1
11141,46.27,DEBIT,1658,5,0,0,21,0,0
11142,645.91,PAYMENT,764,5,0,0,8,1,0
11143,39.44,DEBIT,165,1,0,1,0,1,1
11144,570.27,PAYMENT,1783,5,1,0,5,0,0
11145,485.49,PAYMENT,1815,4,0,0,16,1,1
11146,364.42,PAYMENT,2959,3,0,0,14,1,0
11147,74.16,CASH_IN,2215,5,0,0,21,0,0
11148,209.02,PAYMENT,449,2,0,0,22,0,0
11149,41.37,DEBIT,1540,4,0,0,12,0,0
11150,369.04,TRANSFER,53,2,0,0,14,0,1
11151,137.83,PAYMENT,1294,1,0,0,6,0,0
11152,98.56,CASH_OUT,2590,4,0,1,1,0,1
11153,43.65,PAYMENT,1043,2,0,0,6,0,0
11154,12.46,PAYMENT,1810,2,0,0,8,0,0
11155,52.53,CASH_IN,2407,1,0,0,1,0,0
11156,451.6,TRANSFER,1411,5,0,0,6,1,0
11157,99.2,TRANSFER,487,3,1,0,11,0,0
11158,125.3,PAYMENT,2075,5,1,0,23,0,0
11159,285.87,PAYMENT,2494,1,0,0,18,0,0
11160,902.95,PAYMENT,1596,3,0,0,9,0,0
11161,558.36,TRANSFER,2819,1,0,0,15,1,1
11162,56.13,CASH_OUT,106,2,0,1,13,0,1
11163,21.27,TRANSFER,2761,3,0,0,22,1,1
11164,1571.23,CASH_OUT,2252,4,0,0,14,0,0
11165,1435.1,PAYMENT,1981,2,0,0,8,0,0
11166,179.19,PAYMENT,2524,3,1,0,22,0,1
11167,41.66,PAYMENT,2099,3,0,0,20,0,0
11168,388.86,CASH_OUT,1700,5,0,0,3,0,0
11169,133.22,CASH_OUT,1187,8,0,0,2,0,0
11170,132.56,PAYMENT,553,2,0,0,5,0,0
11171,363.02,PAYMENT,998,5,0,0,5,0,0
11172,207.34,CASH_OUT,2007,7,0,0,21,1,0
11173,45.34,CASH_IN,928,2,1,0,19,0,0
11174,107.26,CASH_OUT,129,3,0,0,19,0,0
11175,287.48,PAYMENT,2919,4,0,0,20,0,0
11176,247.21,TRANSFER,2853,2,0,0,19,0,0
11177,192.87,CASH_OUT,1706,5,0,0,11,0,0
11178,377.44,PAYMENT,213,5,0,0,8,1,0
11179,103.37,TRANSFER,1200,5,0,0,7,1,0
11180,177.45,PAYMENT,308,4,1,0,22,1,0
11181,5.08,PAYMENT,2376,2,1,0,19,1,0
11182,94.67,DEBIT,2357,2,1,0,18,0,0
11183,318.59,DEBIT,416,3,0,0,14,0,0
11184,100.44,TRANSFER,254,3,0,0,22,0,0
11185,93.11,PAYMENT,427,1,0,0,16,0,0
11186,52.38,CASH_OUT,1470,4,0,0,11,1,0
11187,404.79,PAYMENT,884,2,0,0,23,1,0
11188,256.84,PAYMENT,184,3,0,0,19,0,0
11189,338.8,PAYMENT,681,1,0,0,6,0,0
11190,26.41,TRANSFER,1099,3,0,0,15,0,0
11191,126.41,PAYMENT,740,1,0,0,20,0,0
11192,112.16,TRANSFER,257,4,0,0,15,0,0
11193,112.1,PAYMENT,331,2,0,0,10,0,0
11194,80.16,CASH_IN,1135,4,0,0,9,1,0
11195,104.99,DEBIT,2647,2,0,0,18,0,0
11196,347.11,CASH_OUT,2219,4,0,0,10,1,0
11197,21.91,TRANSFER,1394,0,0,0,11,0,0
11198,877.69,PAYMENT,456,4,0,0,1,2,0
11199,240.77,CASH_OUT,504,0,0,0,2,0,0
11200,142.26,DEBIT,2614,1,0,0,2,0,0
11201,367.54,PAYMENT,1667,1,0,0,12,0,0
11202,34.75,TRANSFER,1196,3,0,1,1,0,0
11203,76.35,PAYMENT,1639,5,0,0,17,0,0
11204,131.49,PAYMENT,1467,1,0,1,18,0,0
11205,581.47,TRANSFER,1097,3,0,0,4,0,0
11206,141.67,DEBIT,934,1,0,0,5,0,0
11207,232.77,PAYMENT,2937,0,0,0,6,0,0
11208,82.3,TRANSFER,2318,4,0,0,15,1,0
11209,241.49,DEBIT,1135,0,0,0,7,1,0
11210,794.12,TRANSFER,2472,1,1,0,13,0,0
11211,401.63,CASH_IN,307,1,0,0,19,0,0
11212,136.8,PAYMENT,2676,6,0,0,9,1,0
11213,291.63,DEBIT,1969,2,0,0,5,1,0
11214,264.41,PAYMENT,887,6,0,0,1,1,0
11215,246.31,DEBIT,2630,5,0,0,18,0,0
11216,451.22,PAYMENT,2968,3,0,0,12,0,0
11217,447.86,TRANSFER,1402,1,0,1,22,0,0
11218,130.69,PAYMENT,1904,3,0,0,17,1,0
11219,281.99,TRANSFER,767,2,0,0,14,1,1
11220,101.18,PAYMENT,2125,3,1,0,2,0,0
11221,58.96,DEBIT,2360,2,0,0,5,0,0
11222,113.35,PAYMENT,1403,5,0,0,20,0,0
11223,137.51,CASH_OUT,770,1,0,0,19,0,0
11224,28.17,PAYMENT,1980,7,0,0,11,0,0
11225,350.84,CASH_IN,1913,3,0,0,9,2,0
11226,9.32,TRANSFER,974,3,0,0,14,0,0
11227,2241.31,DEBIT,1757,3,1,1,14,0,1
11228,666.39,TRANSFER,1365,2,0,0,16,1,1
11229,114.32,PAYMENT,2659,3,0,1,17,0,0
11230,149.82,PAYMENT,1014,3,1,0,5,0,0
11231,200.93,CASH_OUT,1586,2,1,0,17,1,0
11232,82.34,CASH_OUT,1881,2,0,0,22,0,0
11233,179.94,CASH_OUT,2957,3,0,0,3,0,0
11234,128.51,PAYMENT,1966,2,0,0,23,0,0
11235,135.06,TRANSFER,262,3,1,0,8,0,0
11236,177.94,DEBIT,774,4,0,0,2,0,0
11237,39.9,PAYMENT,814,4,1,0,16,0,0
11238,154.4,PAYMENT,794,5,0,0,22,1,0
11239,174.77,CASH_OUT,740,1,1,0,9,0,0
11240,168.82,PAYMENT,1718,1,1,0,17,1,0
11241,119.6,CASH_OUT,1727,5,0,0,15,0,0
11242,463.06,TRANSFER,1847,5,0,0,17,1,0
11243,104.2,DEBIT,2083,2,0,0,15,1,1
11244,186.29,CASH_IN,1063,7,0,1,12,0,1
11245,543.1,CASH_OUT,1390,7,0,0,20,1,0
11246,137.09,PAYMENT,2720,4,0,0,9,0,0
11247,183.91,PAYMENT,2189,1,0,0,3,0,0
11248,134.78,CASH_IN,2157,0,0,0,14,0,0
11249,511.51,TRANSFER,2530,1,0,0,16,1,0
11250,114.69,CASH_OUT,2125,4,0,0,10,0,0
11251,535.58,TRANSFER,120,1,0,0,16,0,0
11252,133.81,PAYMENT,1698,3,0,0,23,0,0
11253,62.84,PAYMENT,725,2,0,0,21,2,0
11254,292.77,PAYMENT,2153,1,0,0,20,0,0
11255,109.44,CASH_OUT,292,1,0,0,14,0,0
11256,276.03,CASH_OUT,430,0,0,0,5,0,0
11257,9.69,PAYMENT,1287,6,0,0,14,0,0
11258,149.19,CASH_OUT,1030,4,1,0,15,0,0
11259,93.73,CASH_IN,245,5,0,0,10,0,0
11260,51.25,CASH_OUT,2024,4,1,0,16,1,0
11261,85.35,TRANSFER,1398,7,0,0,2,0,0
11262,83.62,PAYMENT,1227,3,0,0,12,1,0
11263,141.46,CASH_IN,2114,2,0,1,11,1,1
11264,37.81,TRANSFER,932,4,0,0,20,0,0
11265,203.62,CASH_IN,1582,6,0,0,17,0,0
11266,581.85,CASH_OUT,2964,3,0,0,17,0,0
11267,196.55,CASH_IN,1862,1,0,0,6,0,0
11268,333.28,DEBIT,2397,1,0,0,2,0,0
11269,443.44,CASH_OUT,1904,4,0,0,4,1,1
11270,511.06,PAYMENT,2546,2,0,0,22,0,0
11271,963.08,PAYMENT,2122,1,0,0,3,0,1
11272,90.09,PAYMENT,907,1,0,0,19,0,0
11273,72.35,PAYMENT,933,2,0,0,3,2,0
11274,324.88,PAYMENT,1931,5,0,0,11,0,0
11275,301.35,TRANSFER,1162,1,0,0,10,0,0
11276,322.36,PAYMENT,376,5,0,0,18,0,0
11277,981.7,TRANSFER,2932,3,0,0,16,0,0
11278,150.11,CASH_IN,1191,3,0,0,18,0,0
11279,227.27,CASH_OUT,991,3,1,0,2,1,1
11280,55.68,DEBIT,2889,4,0,0,10,0,0
11281,1255.54,PAYMENT,2404,2,1,0,22,0,0
11282,106.0,TRANSFER,2591,1,0,0,5,1,1
11283,109.05,PAYMENT,2157,3,0,1,0,2,0
11284,104.93,TRANSFER,1171,4,0,0,9,2,1
11285,77.87,TRANSFER,2339,2,0,1,6,0,1
11286,71.56,PAYMENT,1133,2,0,0,23,0,0
11287,87.91,PAYMENT,630,1,0,1,13,0,0
11288,37.87,CASH_OUT,586,3,0,0,8,1,0
11289,67.67,CASH_OUT,2343,4,0,0,12,1,1
11290,1042.07,TRANSFER,785,3,0,0,20,2,0
11291,309.72,PAYMENT,422,3,1,0,4,1,1
11292,374.62,TRANSFER,2079,2,0,0,9,1,0
11293,481.65,PAYMENT,1842,2,0,0,10,0,0
11294,929.02,DEBIT,2573,4,0,0,5,1,0
11295,25.24,CASH_IN,2815,2,0,0,5,0,0
11296,43.39,PAYMENT,2823,2,0,1,12,0,0
11297,66.44,PAYMENT,662,3,0,0,20,0,0
11298,92.78,TRANSFER,1009,4,0,1,17,0,0
11299,109.88,PAYMENT,564,2,0,0,22,0,0
11300,94.92,DEBIT,2498,3,0,0,1,0,1
11301,184.81,CASH_OUT,1801,3,0,0,0,1,1
11302,153.75,PAYMENT,1601,2,0,0,0,0,0
11303,72.04,PAYMENT,555,5,0,0,5,1,0
11304,16.85,CASH_OUT,2548,3,1,0,23,0,0
11305,54.99,TRANSFER,1580,2,0,0,15,0,1
11306,85.69,CASH_OUT,786,3,0,0,13,0,0
11307,115.92,PAYMENT,320,1,1,0,19,1,0
11308,47.96,PAYMENT,1740,3,0,0,14,0,0
11309,90.85,CASH_OUT,1345,8,0,1,2,0,0
11310,47.9,TRANSFER,1836,4,0,0,22,2,0
11311,130.87,PAYMENT,2710,4,0,0,3,1,1
11312,50.75,PAYMENT,2031,1,0,0,22,2,0
11313,63.5,TRANSFER,1751,1,0,0,18,1,0
11314,40.1,CASH_OUT,522,3,0,0,8,0,0
11315,127.29,PAYMENT,1468,2,0,0,15,0,0
11316,62.4,CASH_OUT,897,3,0,0,18,0,0
11317,367.52,PAYMENT,2934,4,0,0,2,1,1
11318,222.71,PAYMENT,1802,6,0,0,15,0,0
11319,138.4,CASH_OUT,1895,4,0,0,22,1,0
11320,66.85,CASH_OUT,491,1,0,1,0,0,0
11321,217.14,PAYMENT,525,0,0,0,0,0,0
11322,296.1,PAYMENT,55,5,0,0,15,0,0
11323,171.18,PAYMENT,795,2,0,0,18,0,0
11324,737.82,CASH_IN,2107,2,1,0,20,0,1
11325,235.01,PAYMENT,2473,0,1,0,6,0,0
11326,370.04,PAYMENT,1852,2,0,0,22,1,0
11327,169.62,PAYMENT,1162,5,0,0,5,0,0
11328,291.68,TRANSFER,1932,3,0,0,21,0,0
11329,66.9,CASH_OUT,879,3,0,0,10,0,0
11330,93.84,PAYMENT,363,4,1,0,20,0,0
11331,210.47,TRANSFER,1457,3,0,0,10,0,0
11332,208.95,PAYMENT,1495,3,0,0,23,0,0
11333,246.56,TRANSFER,1284,2,0,0,13,0,0
11334,446.03,PAYMENT,2225,3,0,0,21,1,0
11335,35.7,PAYMENT,601,3,0,1,21,0,0
11336,56.01,PAYMENT,831,7,0,0,10,0,0
11337,186.71,CASH_OUT,1218,6,0,1,9,1,0
11338,71.93,CASH_OUT,224,8,0,0,19,0,0
11339,4349.29,TRANSFER,512,2,0,0,23,0,1
11340,248.57,PAYMENT,156,4,0,0,22,0,0
11341,137.23,PAYMENT,254,5,0,0,2,1,1
11342,88.64,TRANSFER,2864,3,0,0,21,0,0
11343,91.82,CASH_IN,2641,4,1,0,20,0,0
11344,152.95,DEBIT,585,0,1,0,6,0,0
11345,166.0,CASH_OUT,1651,5,0,0,8,0,0
11346,94.0,PAYMENT,184,3,0,0,8,0,0
11347,112.94,CASH_OUT,2115,1,0,0,1,0,0
11348,569.23,PAYMENT,633,0,0,0,1,0,0
11349,592.59,CASH_OUT,2090,4,0,0,1,0,0
11350,190.95,PAYMENT,2426,3,0,0,9,0,0
11351,38.81,PAYMENT,2482,1,0,0,19,0,0
11352,254.3,PAYMENT,839,2,0,0,15,0,0
11353,702.25,TRANSFER,254,3,0,0,10,0,0
11354,583.93,CASH_OUT,2941,5,0,0,12,1,0
11355,309.34,CASH_OUT,333,5,1,0,8,0,1
11356,615.49,CASH_IN,249,4,0,0,5,0,0
11357,156.55,DEBIT,2155,1,0,0,13,0,0
11358,278.13,PAYMENT,2902,1,0,1,13,0,0
11359,75.13,TRANSFER,2055,4,0,0,18,0,1
11360,198.79,TRANSFER,307,3,0,0,22,1,0
11361,560.9,CASH_IN,2050,1,1,0,21,0,0
11362,82.32,PAYMENT,2047,3,0,0,12,0,1
11363,62.71,PAYMENT,558,3,0,0,4,0,1
11364,163.61,PAYMENT,1150,1,0,0,22,1,0
11365,118.31,DEBIT,510,5,0,0,14,0,0
11366,284.05,CASH_IN,2871,3,1,0,5,1,1
11367,94.32,PAYMENT,708,2,0,0,18,0,0
11368,827.53,CASH_IN,1124,4,0,0,12,0,0
11369,40.87,PAYMENT,2012,0,1,0,17,0,0
11370,519.95,PAYMENT,2806,1,1,0,0,0,0
11371,69.07,CASH_OUT,2829,4,1,0,3,1,1
11372,24.63,PAYMENT,1744,4,0,0,0,0,0
11373,188.27,PAYMENT,1211,2,0,0,21,0,0
11374,115.05,CASH_IN,582,4,0,0,23,0,0
11375,48.93,CASH_OUT,2127,1,0,0,23,0,0
11376,27.62,DEBIT,1849,4,0,0,1,1,0
11377,147.18,PAYMENT,2479,7,1,1,23,1,1
11378,393.8,PAYMENT,1752,5,0,0,0,1,0
11379,266.39,PAYMENT,2833,2,0,0,2,0,0
11380,157.07,CASH_IN,2973,4,0,0,6,1,0
11381,239.57,PAYMENT,2143,0,0,0,18,0,0
11382,144.43,PAYMENT,1288,1,0,0,17,0,0
11383,35.53,PAYMENT,2703,4,0,0,1,1,0
11384,35.84,CASH_OUT,2346,6,1,0,1,0,0
11385,121.13,PAYMENT,1310,3,0,0,20,0,0
11386,126.39,PAYMENT,445,3,1,0,16,0,0
11387,347.58,TRANSFER,2599,3,1,1,6,1,0
11388,316.49,PAYMENT,2576,3,1,0,9,1,0
11389,271.82,PAYMENT,2478,2,1,0,19,0,0
11390,112.14,PAYMENT,2643,4,0,0,17,0,0
11391,37.31,CASH_IN,2053,3,0,0,0,0,1
11392,224.1,PAYMENT,1716,3,0,0,6,1,0
11393,250.93,PAYMENT,868,4,0,0,4,0,0
11394,13.62,PAYMENT,2383,1,1,0,8,0,0
11395,64.44,DEBIT,961,1,0,0,4,1,0
11396,74.36,PAYMENT,2339,5,0,0,15,0,0
11397,167.06,CASH_IN,479,4,0,0,14,0,0
11398,66.46,CASH_IN,906,3,0,0,4,0,0
11399,142.86,PAYMENT,2109,1,0,0,18,0,0
11400,120.24,PAYMENT,2898,2,0,0,22,2,0
11401,126.58,CASH_OUT,98,3,0,0,6,1,0
11402,72.5,CASH_OUT,112,1,1,0,11,0,0
11403,78.34,CASH_OUT,799,2,1,0,11,1,0
11404,50.39,CASH_IN,840,3,0,0,20,1,0
11405,217.04,PAYMENT,500,4,0,0,0,1,0
11406,262.72,CASH_OUT,2017,6,0,0,2,0,0
11407,68.67,PAYMENT,1057,4,0,0,6,0,0
11408,679.01,TRANSFER,2664,0,0,0,5,0,1
11409,108.35,CASH_OUT,1158,0,0,0,2,0,0
11410,685.53,PAYMENT,2225,5,0,0,18,0,0
11411,78.09,PAYMENT,151,4,0,0,18,0,0
11412,19.56,PAYMENT,1561,5,0,0,4,0,0
11413,221.89,TRANSFER,1920,4,1,0,3,1,1
11414,190.29,CASH_IN,2584,2,0,0,4,1,0
11415,153.61,TRANSFER,1963,3,0,1,5,1,1
11416,78.08,CASH_OUT,718,2,0,0,7,0,0
11417,143.37,PAYMENT,1440,6,1,0,17,0,0
11418,89.01,PAYMENT,2028,2,1,0,8,0,0
11419,109.69,PAYMENT,562,3,1,0,23,0,1
11420,344.34,PAYMENT,346,3,1,0,20,0,0
11421,178.43,TRANSFER,1823,3,0,0,22,1,1
11422,273.13,CASH_IN,178,7,0,0,22,0,0
11423,117.7,TRANSFER,534,4,0,0,6,0,0
11424,105.42,TRANSFER,2855,3,0,0,1,0,0
11425,46.83,PAYMENT,1912,4,0,0,6,0,0
11426,102.51,PAYMENT,2572,0,1,0,0,0,0
11427,5.36,PAYMENT,944,2,0,0,13,1,0
11428,82.25,CASH_OUT,462,4,0,0,21,0,0
11429,136.75,TRANSFER,621,4,0,0,3,0,0
11430,260.78,PAYMENT,2341,3,0,1,2,1,0
11431,113.45,TRANSFER,2774,4,0,0,17,0,0
11432,210.12,TRANSFER,630,7,0,0,6,0,0
11433,16.78,PAYMENT,2053,0,0,0,8,0,0
11434,140.21,CASH_OUT,2482,4,1,0,17,0,0
11435,27.67,CASH_OUT,1177,0,0,0,19,0,1
11436,44.33,PAYMENT,293,3,0,1,6,0,0
11437,123.08,CASH_OUT,688,3,0,0,21,0,0
11438,531.8,PAYMENT,2875,6,0,0,21,0,0
11439,215.12,CASH_OUT,1144,2,0,0,2,0,0
11440,151.14,DEBIT,2305,3,0,0,4,0,0
11441,145.54,TRANSFER,1025,1,0,0,10,0,0
11442,72.7,PAYMENT,1207,3,0,0,2,1,0
11443,86.14,PAYMENT,2993,3,0,0,9,1,0
11444,227.55,PAYMENT,2449,0,0,1,4,0,0
11445,37.14,PAYMENT,390,3,1,1,12,0,0
11446,268.55,CASH_OUT,2840,1,0,0,8,0,0
11447,100.63,PAYMENT,2411,3,0,0,20,0,0
11448,338.85,PAYMENT,1534,4,0,0,18,0,0
11449,388.03,CASH_OUT,2292,2,0,0,5,0,0
11450,27.85,CASH_OUT,1738,6,0,0,19,0,0
11451,82.97,PAYMENT,1629,1,0,0,22,0,0
11452,63.08,CASH_OUT,1595,0,0,0,9,2,0
11453,24.22,DEBIT,207,1,0,0,11,1,0
11454,52.85,PAYMENT,1499,0,0,1,23,0,0
11455,1704.89,TRANSFER,1209,2,1,1,2,0,1
11456,273.01,CASH_OUT,1084,2,0,0,4,0,0
11457,1009.58,CASH_OUT,2935,2,0,0,6,1,0
11458,340.05,PAYMENT,1665,2,0,0,21,0,0
11459,70.68,PAYMENT,669,4,0,0,1,0,1
11460,101.31,CASH_OUT,2444,2,0,0,7,0,0
11461,267.32,DEBIT,2305,3,0,1,17,0,0
11462,229.87,CASH_OUT,145,3,0,0,10,0,0
11463,83.32,DEBIT,488,4,0,0,20,2,0
11464,32.79,CASH_OUT,1354,4,0,0,12,0,0
11465,3974.93,DEBIT,351,1,0,0,18,0,0
11466,128.88,CASH_OUT,2949,3,0,0,18,0,1
11467,107.15,DEBIT,1249,4,0,0,11,0,0
11468,166.22,PAYMENT,1469,2,0,0,18,1,0
11469,116.43,CASH_IN,2502,4,0,1,9,1,0
11470,167.79,PAYMENT,212,3,0,0,6,0,0
11471,537.51,PAYMENT,546,3,0,1,16,2,1
11472,131.03,TRANSFER,1372,5,0,1,3,0,0
11473,46.4,PAYMENT,1313,3,0,0,15,0,0
11474,126.26,PAYMENT,2448,2,0,0,23,0,0
11475,93.28,DEBIT,2374,1,0,0,23,0,0
11476,616.4,CASH_OUT,330,4,0,0,10,0,0
11477,478.72,DEBIT,2745,3,0,0,1,1,0
11478,165.26,DEBIT,1753,3,1,0,13,0,0
11479,41.32,PAYMENT,2333,3,0,0,23,2,0
11480,43.56,PAYMENT,1234,4,0,0,15,0,0
11481,150.67,PAYMENT,2757,3,0,1,17,0,0
11482,207.75,TRANSFER,2458,2,0,0,4,0,0
11483,102.04,CASH_OUT,552,4,0,0,13,0,0
11484,91.82,TRANSFER,1033,0,0,0,2,0,1
11485,82.04,PAYMENT,719,4,0,0,17,0,1
11486,144.98,PAYMENT,2200,4,0,0,9,0,0
11487,13.7,TRANSFER,508,1,0,0,12,1,1
11488,49.34,PAYMENT,589,4,0,0,12,0,0
11489,79.28,CASH_IN,497,1,0,0,1,0,0
11490,496.46,PAYMENT,2259,6,0,0,0,0,0
11491,65.77,PAYMENT,2467,0,0,0,1,0,1
11492,177.77,PAYMENT,1359,2,0,0,18,0,0
11493,186.15,CASH_OUT,2830,1,1,0,3,0,0
11494,543.44,PAYMENT,2333,2,0,0,20,2,0
11495,524.57,PAYMENT,1391,4,0,0,15,1,0
11496,140.12,TRANSFER,242,8,0,0,3,0,0
11497,92.25,DEBIT,928,1,0,1,16,0,0
11498,76.41,DEBIT,1350,3,0,0,4,0,0
11499,116.62,PAYMENT,2297,6,0,0,4,0,0
11500,96.16,CASH_OUT,2617,7,0,0,15,0,0
11501,258.17,PAYMENT,452,6,0,0,3,1,0
11502,225.95,PAYMENT,2805,1,0,0,2,0,0
11503,268.22,TRANSFER,2276,4,0,0,7,0,0
11504,522.84,PAYMENT,1244,5,0,1,11,1,0
11505,956.11,CASH_OUT,158,3,0,0,8,0,0
11506,168.12,DEBIT,190,6,0,0,0,0,0
11507,445.62,PAYMENT,1086,0,0,1,11,0,0
11508,104.41,PAYMENT,40,6,0,0,5,0,0
11509,485.42,TRANSFER,2584,3,0,0,0,0,0
11510,429.02,TRANSFER,1497,5,0,0,1,0,0
11511,406.84,DEBIT,1807,3,0,0,4,0,0
11512,163.05,CASH_IN,1811,1,0,0,14,0,0
11513,76.07,CASH_OUT,2267,5,0,0,7,1,0
11514,36.8,PAYMENT,1868,3,0,1,10,0,0
11515,142.59,CASH_OUT,1454,4,0,0,4,0,0
11516,687.47,PAYMENT,871,4,0,0,15,1,1
11517,108.87,DEBIT,1637,6,0,0,21,0,0
11518,325.42,PAYMENT,2322,3,0,0,17,0,1
11519,345.14,TRANSFER,2470,3,0,1,22,1,0
11520,111.76,PAYMENT,1136,1,0,1,6,0,0
11521,553.55,TRANSFER,1167,4,0,0,9,1,1
11522,8.1,CASH_OUT,2853,4,0,0,6,0,0
11523,43.7,CASH_OUT,1122,4,0,0,5,0,0
11524,59.4,CASH_OUT,842,2,0,0,18,0,0
11525,65.38,TRANSFER,136,1,0,0,15,1,0
11526,207.73,PAYMENT,2912,3,0,0,0,0,0
11527,198.35,CASH_IN,389,3,0,0,10,1,0
11528,220.08,CASH_IN,2227,2,1,0,3,1,1
11529,269.37,PAYMENT,959,5,1,0,13,0,0
11530,57.39,CASH_IN,1891,2,0,0,4,0,1
11531,43.9,DEBIT,128,1,1,0,3,0,0
11532,220.59,CASH_OUT,2733,3,0,0,17,1,0
11533,79.03,PAYMENT,1998,1,0,0,11,0,0
11534,30.86,CASH_OUT,841,1,0,0,19,0,1
11535,392.03,PAYMENT,2540,4,1,1,3,0,0
11536,598.9,CASH_OUT,1867,3,0,0,12,0,0
11537,704.27,TRANSFER,1950,2,0,1,23,0,1
11538,178.93,DEBIT,2967,3,0,0,17,1,0
11539,277.53,CASH_OUT,1905,4,0,0,20,1,1
11540,583.98,PAYMENT,628,2,0,0,11,0,1
11541,78.15,CASH_OUT,2379,4,0,0,5,0,1
11542,450.64,PAYMENT,1270,4,0,0,21,1,0
11543,195.47,PAYMENT,2828,6,0,0,11,0,0
11544,370.08,PAYMENT,1637,4,0,0,2,0,0
11545,178.77,PAYMENT,2258,1,0,0,20,1,0
11546,542.54,DEBIT,1470,4,0,0,3,0,0
11547,185.59,TRANSFER,714,8,0,0,1,0,0
11548,33.65,CASH_OUT,2269,4,0,0,0,1,1
11549,633.92,PAYMENT,2171,2,0,0,14,0,0
11550,57.54,CASH_OUT,928,4,0,0,2,0,1
11551,519.6,TRANSFER,1717,5,0,0,13,0,0
11552,135.61,TRANSFER,1001,3,0,0,13,0,1
11553,481.07,DEBIT,2748,2,0,0,20,0,0
11554,461.63,TRANSFER,1380,3,0,0,12,0,0
11555,228.18,CASH_OUT,1861,2,0,1,2,0,0
11556,246.79,PAYMENT,1518,1,0,1,4,1,1
11557,226.47,PAYMENT,2511,1,0,0,4,0,0
11558,19.81,CASH_IN,359,3,0,0,14,0,0
11559,167.06,CASH_OUT,2604,1,0,0,5,1,1
11560,48.62,TRANSFER,1172,1,1,0,0,1,1
11561,176.12,DEBIT,50,2,0,0,19,0,0
11562,47.33,TRANSFER,2098,4,0,0,15,0,0
11563,45.38,TRANSFER,345,4,0,0,18,0,0
11564,738.73,PAYMENT,647,1,0,0,4,1,1
11565,432.44,CASH_OUT,774,5,0,0,10,0,0
11566,147.8,PAYMENT,1118,3,0,0,13,0,1
11567,178.53,PAYMENT,178,0,0,0,12,0,0
11568,115.83,DEBIT,1236,5,0,0,12,0,0
11569,262.4,PAYMENT,311,3,0,0,6,0,0
11570,75.49,PAYMENT,142,1,0,0,17,1,0
11571,400.91,PAYMENT,1266,5,0,0,7,0,0
11572,115.23,PAYMENT,1099,1,1,0,17,0,0
11573,97.53,PAYMENT,2523,3,0,0,8,0,0
11574,151.67,PAYMENT,1123,2,0,0,20,0,0
11575,82.18,TRANSFER,2259,2,0,0,13,0,0
11576,206.17,TRANSFER,1226,2,0,0,11,0,0
11577,86.72,CASH_OUT,1010,1,0,0,7,0,0
11578,237.11,DEBIT,2387,5,0,0,2,0,0
11579,500.7,CASH_OUT,1276,2,0,0,15,0,0
11580,72.29,PAYMENT,1993,4,0,1,5,0,0
11581,130.25,PAYMENT,372,3,0,0,3,1,0
11582,235.41,CASH_OUT,2685,3,0,0,2,0,1
11583,95.98,CASH_OUT,1173,7,0,0,17,0,0
11584,236.12,PAYMENT,2625,1,0,0,11,0,0
11585,258.63,PAYMENT,2111,3,0,0,1,0,1
11586,438.46,CASH_OUT,2001,5,1,0,12,2,1
11587,80.96,TRANSFER,419,4,0,0,9,1,0
11588,57.81,TRANSFER,318,2,0,0,23,0,0
11589,109.12,PAYMENT,1000,4,0,0,18,1,0
11590,56.39,CASH_OUT,596,3,0,0,16,0,0
11591,260.99,CASH_OUT,2612,4,1,0,5,0,0
11592,46.44,CASH_IN,794,4,0,0,10,0,0
11593,1529.99,CASH_OUT,585,4,0,0,12,0,1
11594,542.36,TRANSFER,1153,2,0,0,23,1,1
11595,150.29,CASH_OUT,1081,5,1,0,5,0,1
11596,353.33,TRANSFER,605,5,0,0,16,0,0
11597,28.88,PAYMENT,845,2,0,0,20,0,0
11598,1850.8,CASH_IN,2392,5,0,0,3,2,0
11599,82.25,TRANSFER,1008,4,0,0,23,0,0
11600,131.57,TRANSFER,1880,3,0,0,13,0,0
11601,23.2,DEBIT,2888,1,0,0,17,0,0
11602,241.36,DEBIT,712,5,0,0,11,2,0
11603,49.09,TRANSFER,2730,6,0,0,11,0,1
11604,164.29,PAYMENT,2632,1,0,0,0,0,0
11605,86.12,PAYMENT,1293,3,0,0,21,0,0
11606,50.51,DEBIT,810,2,0,0,7,0,1
11607,66.4,PAYMENT,533,1,0,1,21,0,0
11608,186.01,DEBIT,1472,2,0,0,17,0,0
11609,41.2,PAYMENT,2808,1,0,0,8,1,0
11610,70.19,TRANSFER,434,2,0,0,20,0,0
11611,288.09,TRANSFER,2789,3,0,0,9,0,0
11612,2003.16,PAYMENT,1927,1,0,1,15,0,1
11613,239.27,DEBIT,2231,4,0,0,7,0,0
11614,59.31,CASH_OUT,2291,3,0,0,10,0,1
11615,102.81,PAYMENT,1412,2,0,0,16,0,0
11616,153.18,PAYMENT,2575,5,0,0,19,0,0
11617,104.65,CASH_OUT,1809,3,0,0,21,1,0
11618,366.16,PAYMENT,1400,4,0,0,22,0,1
11619,184.47,CASH_IN,2419,6,0,0,20,0,0
11620,367.92,PAYMENT,2858,4,0,1,3,0,0
11621,108.37,PAYMENT,2500,2,0,0,22,0,0
11622,558.64,PAYMENT,1492,3,0,0,10,0,0
11623,125.65,PAYMENT,2321,1,0,1,13,0,0
11624,56.19,PAYMENT,1736,5,0,0,11,1,0
11625,1309.39,DEBIT,583,6,0,0,21,0,0
11626,23.93,PAYMENT,2007,3,1,0,9,1,0
11627,70.9,PAYMENT,2985,5,0,1,9,1,0
11628,79.28,PAYMENT,2602,2,0,0,12,0,0
11629,1823.12,CASH_OUT,1833,3,1,0,10,1,1
11630,904.03,CASH_OUT,745,1,0,0,5,0,0
11631,661.12,CASH_OUT,229,1,0,0,19,0,0
11632,106.63,PAYMENT,1038,4,0,0,16,0,0
11633,1679.38,CASH_OUT,1253,1,0,0,22,1,0
11634,214.51,CASH_OUT,1346,0,0,1,0,0,0
11635,394.36,TRANSFER,2357,4,0,0,14,0,0
11636,177.63,PAYMENT,1197,3,0,0,11,0,0
11637,141.25,CASH_OUT,2863,2,0,0,11,0,0
11638,115.38,PAYMENT,1633,2,1,0,0,1,0
11639,120.34,PAYMENT,1367,2,0,1,3,0,1
11640,272.73,PAYMENT,1022,5,0,0,2,0,0
11641,214.26,TRANSFER,2130,3,0,0,23,0,0
11642,143.82,PAYMENT,2451,2,0,0,5,0,0
11643,671.51,CASH_OUT,65,2,0,1,13,3,1
11644,7.64,CASH_IN,2689,3,0,0,1,0,0
11645,247.12,TRANSFER,1194,2,0,0,0,1,0
11646,304.22,TRANSFER,976,1,0,0,8,1,1
11647,467.3,CASH_OUT,2765,2,0,0,14,0,0
11648,139.09,CASH_OUT,1241,3,0,0,4,0,1
11649,182.71,PAYMENT,747,3,0,0,22,1,0
11650,397.8,CASH_OUT,647,0,0,0,17,0,0
11651,659.29,CASH_OUT,2690,1,0,0,21,0,1
11652,109.89,PAYMENT,652,3,0,0,4,0,0
11653,193.83,PAYMENT,2531,1,0,0,9,0,0
11654,795.18,PAYMENT,208,0,0,0,23,0,1
11655,17.74,DEBIT,1067,7,0,0,10,0,0
11656,74.44,PAYMENT,712,3,0,0,10,1,0
11657,642.8,PAYMENT,1718,1,1,0,21,0,0
11658,442.54,TRANSFER,2111,4,0,0,9,0,0
11659,250.25,CASH_IN,739,6,0,0,5,1,0
11660,94.77,PAYMENT,2005,4,0,0,8,1,0
11661,61.45,CASH_OUT,2587,6,0,0,4,0,0
11662,82.17,CASH_OUT,2265,1,0,0,15,0,0
11663,697.85,CASH_OUT,2827,2,0,0,8,0,0
11664,79.17,CASH_IN,1869,2,1,0,22,0,0
11665,164.26,PAYMENT,357,4,0,0,8,0,0
11666,69.85,DEBIT,746,1,0,1,19,0,0
11667,344.73,CASH_IN,2368,4,0,0,8,1,0
11668,86.6,DEBIT,2174,8,1,0,16,0,0
11669,134.61,CASH_OUT,1930,3,0,0,11,0,0
11670,27.57,CASH_IN,521,1,0,0,1,0,0
11671,29.57,PAYMENT,830,1,0,0,17,0,0
11672,149.56,PAYMENT,144,2,0,0,12,1,0
11673,39.44,PAYMENT,339,2,0,0,5,0,0
11674,1218.15,PAYMENT,2628,2,0,0,2,0,0
11675,18.89,CASH_OUT,1245,4,0,0,19,1,0
11676,66.67,PAYMENT,1731,2,0,1,17,0,0
11677,150.91,PAYMENT,835,4,0,0,5,1,0
11678,103.01,CASH_OUT,2662,4,0,0,2,0,0
11679,49.2,DEBIT,141,1,1,0,19,0,0
11680,56.94,CASH_OUT,1922,0,0,0,1,0,0
11681,55.11,CASH_IN,1356,14,0,0,14,0,0
11682,111.42,TRANSFER,1947,7,0,0,14,0,1
11683,1045.16,CASH_IN,2654,5,1,0,11,1,1
11684,160.44,TRANSFER,2433,2,0,0,3,2,1
11685,484.39,DEBIT,1863,2,0,0,7,0,0
11686,246.4,PAYMENT,1155,5,0,0,15,1,0
11687,452.08,CASH_IN,1620,4,0,0,15,0,0
11688,9.03,CASH_OUT,344,2,0,0,2,2,1
11689,109.46,TRANSFER,2271,4,0,0,4,0,0
11690,548.47,CASH_OUT,2003,1,0,0,16,2,0
11691,83.79,CASH_IN,1872,2,1,0,19,0,0
11692,864.78,CASH_IN,1460,4,0,0,20,0,0
11693,654.51,PAYMENT,1345,4,0,0,21,0,0
11694,92.84,PAYMENT,1237,5,0,0,20,0,0
11695,89.73,PAYMENT,1693,1,0,0,15,0,0
11696,53.86,PAYMENT,2602,2,0,0,4,0,0
11697,79.08,PAYMENT,1008,3,0,0,1,0,0
11698,43.27,CASH_OUT,640,2,0,0,4,0,0
11699,227.88,TRANSFER,2897,4,0,0,0,0,0
11700,34.6,CASH_OUT,1519,1,0,0,16,0,0
11701,271.44,TRANSFER,2729,3,0,0,4,0,0
11702,278.13,TRANSFER,233,3,0,0,10,0,0
11703,28.19,PAYMENT,2482,2,1,0,4,1,1
11704,699.12,CASH_OUT,1429,4,0,0,21,1,0
11705,248.04,CASH_OUT,2297,5,0,0,18,0,1
11706,314.1,PAYMENT,1402,5,0,1,2,0,1
11707,69.5,PAYMENT,1476,6,0,0,8,0,1
11708,276.55,PAYMENT,1286,2,0,0,0,0,0
11709,457.78,CASH_IN,2377,1,0,0,15,0,0
11710,134.48,CASH_OUT,1040,4,0,0,23,0,0
11711,1098.74,CASH_OUT,1724,0,1,0,20,1,1
11712,155.1,PAYMENT,949,6,0,0,13,0,0
11713,464.42,PAYMENT,2503,0,0,0,8,0,0
11714,198.94,PAYMENT,2712,3,0,1,12,0,0
11715,266.54,PAYMENT,1007,1,0,0,19,0,0
11716,27.9,PAYMENT,263,8,0,0,5,1,0
11717,215.09,PAYMENT,2167,5,1,0,16,0,0
11718,71.17,TRANSFER,2836,3,1,0,16,0,0
11719,63.66,PAYMENT,2737,4,0,0,2,0,1
11720,849.04,TRANSFER,1957,4,1,0,23,0,1
11721,119.85,TRANSFER,784,2,0,0,14,0,0
11722,54.42,CASH_OUT,1470,2,0,1,2,1,1
11723,103.63,CASH_OUT,2529,1,0,0,8,0,0
11724,40.43,PAYMENT,1987,4,0,0,3,1,0
11725,622.59,CASH_IN,1523,3,0,0,0,0,0
11726,74.02,DEBIT,961,4,1,0,23,0,0
11727,251.97,PAYMENT,77,2,0,0,21,0,0
11728,576.0,PAYMENT,2300,1,1,0,5,0,0
11729,90.0,CASH_IN,1701,5,0,1,4,0,1
11730,252.65,DEBIT,2790,5,0,0,15,0,1
11731,52.98,PAYMENT,495,3,0,0,4,0,0
11732,1712.6,PAYMENT,2048,4,0,0,20,1,0
11733,378.56,CASH_IN,1113,5,0,0,11,0,0
11734,122.41,PAYMENT,1333,4,1,0,16,0,0
11735,68.52,DEBIT,2094,1,1,0,6,0,0
11736,132.42,PAYMENT,708,5,0,0,13,0,0
11737,105.64,CASH_IN,2028,6,1,0,13,0,0
11738,1046.23,PAYMENT,1620,3,0,0,6,0,1
11739,43.57,PAYMENT,2548,3,0,0,17,0,0
11740,169.83,DEBIT,858,0,0,0,22,0,0
11741,145.72,PAYMENT,1596,8,0,0,18,0,0
11742,131.97,PAYMENT,1154,3,0,0,8,1,0
11743,133.14,CASH_IN,2617,1,0,0,19,0,0
11744,132.15,PAYMENT,1597,2,0,0,12,2,0
11745,355.34,PAYMENT,235,7,0,0,10,0,0
11746,272.87,PAYMENT,1835,4,1,0,7,0,0
11747,225.63,CASH_OUT,509,2,1,0,20,1,0
11748,7.14,CASH_OUT,2150,3,0,1,20,1,1
11749,200.3,CASH_IN,1491,2,0,0,13,1,1
11750,28.34,TRANSFER,2659,5,0,1,6,0,1
11751,283.25,PAYMENT,1744,2,0,0,13,1,1
11752,648.39,PAYMENT,2796,3,0,0,2,1,0
11753,58.78,CASH_IN,2619,6,0,0,21,0,0
11754,114.23,CASH_OUT,1467,0,0,1,22,0,1
11755,81.5,DEBIT,2733,2,0,0,20,0,0
11756,510.52,DEBIT,1972,5,0,0,6,1,0
11757,163.21,PAYMENT,2835,3,0,0,10,0,0
11758,835.75,TRANSFER,2857,4,0,0,0,0,1
11759,224.47,CASH_OUT,800,2,1,0,15,0,0
11760,189.13,PAYMENT,96,3,0,0,10,0,0
11761,158.89,PAYMENT,1475,5,0,0,1,1,1
11762,336.3,CASH_IN,2931,4,0,0,19,0,0
11763,26.11,TRANSFER,2448,2,0,0,17,0,0
11764,161.64,TRANSFER,393,2,0,0,9,0,0
11765,138.37,TRANSFER,429,4,0,0,1,1,0
11766,306.56,CASH_OUT,2927,3,1,0,1,0,0
11767,123.01,PAYMENT,289,4,0,0,8,1,0
11768,52.52,CASH_OUT,1098,3,0,0,18,0,0
11769,149.51,TRANSFER,1962,3,1,0,6,0,0
11770,50.26,CASH_IN,927,2,0,0,20,0,0
11771,21.64,TRANSFER,1340,2,0,0,17,0,0
11772,307.08,DEBIT,2392,4,0,0,20,0,1
11773,264.82,PAYMENT,2984,5,0,0,12,0,0
11774,236.77,DEBIT,1472,1,0,0,15,0,0
11775,546.17,CASH_IN,1358,1,1,1,0,1,0
11776,76.32,TRANSFER,258,5,0,0,2,0,1
11777,35.48,PAYMENT,779,7,0,0,14,0,0
11778,138.38,PAYMENT,1239,2,0,0,20,0,0
11779,104.85,CASH_OUT,2000,3,1,0,2,0,0
11780,63.92,TRANSFER,2195,1,0,0,19,0,1
11781,137.02,TRANSFER,155,4,0,0,15,0,0
11782,80.51,CASH_OUT,161,3,0,0,23,0,0
11783,23.66,CASH_OUT,1755,5,0,0,23,1,1
11784,95.47,PAYMENT,1646,1,0,0,22,0,0
11785,47.64,PAYMENT,1927,1,0,0,9,0,0
11786,187.1,PAYMENT,375,4,0,0,0,0,0
11787,77.01,PAYMENT,1992,3,0,0,9,0,0
11788,451.07,TRANSFER,2161,5,0,0,18,1,1
11789,737.94,CASH_IN,2119,4,0,0,11,0,0
11790,292.77,PAYMENT,2512,1,0,0,10,1,0
11791,31.47,PAYMENT,1219,2,0,0,0,0,1
11792,668.61,TRANSFER,1480,3,0,1,16,1,0
11793,717.46,DEBIT,2125,2,1,0,11,0,0
11794,151.23,PAYMENT,1095,3,0,0,17,1,0
11795,557.2,DEBIT,214,5,1,0,2,0,0
11796,85.48,PAYMENT,1875,8,0,0,3,0,0
11797,22.96,PAYMENT,1285,3,0,0,20,0,0
11798,69.39,CASH_OUT,430,4,0,0,17,0,0
11799,836.56,TRANSFER,1744,0,0,0,15,2,1
11800,33.41,CASH_OUT,1190,5,0,0,23,0,0
11801,148.34,CASH_IN,1777,6,0,1,13,0,0
11802,153.57,PAYMENT,1573,2,0,0,16,0,0
11803,88.86,CASH_OUT,1286,3,0,0,5,0,1
11804,95.25,CASH_OUT,2012,3,0,0,5,0,0
11805,159.53,CASH_IN,1421,4,0,1,6,3,0
11806,84.59,TRANSFER,2005,3,0,0,23,1,1
11807,35.8,PAYMENT,1000,2,0,1,14,2,0
11808,184.02,TRANSFER,2579,0,0,0,13,0,0
11809,434.14,DEBIT,2444,2,0,0,8,0,0
11810,354.1,PAYMENT,2338,4,0,1,17,1,0
11811,66.04,PAYMENT,1117,1,1,0,15,0,0
11812,42.47,PAYMENT,2769,4,0,0,11,1,0
11813,111.7,CASH_OUT,2577,1,0,0,4,1,0
11814,711.8,PAYMENT,2433,7,0,0,14,0,0
11815,283.04,PAYMENT,1604,4,0,0,10,0,0
11816,300.05,CASH_OUT,1422,1,0,0,19,0,0
11817,361.35,PAYMENT,1545,11,0,0,13,0,0
11818,226.05,PAYMENT,2723,3,0,0,23,0,0
11819,167.44,TRANSFER,2933,7,0,0,3,1,0
11820,287.81,PAYMENT,434,4,0,0,13,0,0
11821,85.96,PAYMENT,1985,2,1,0,2,0,0
11822,36.07,PAYMENT,2095,0,0,0,3,1,0
11823,305.82,PAYMENT,397,1,0,0,16,0,0
11824,511.7,CASH_OUT,1310,4,0,1,9,1,0
11825,48.51,TRANSFER,250,2,0,0,21,0,0
11826,337.62,TRANSFER,2350,4,0,1,21,1,0
11827,796.93,PAYMENT,1300,3,0,1,0,0,0
11828,148.08,PAYMENT,1623,4,0,0,10,0,0
11829,65.5,CASH_IN,1300,4,0,0,17,3,0
11830,167.84,PAYMENT,202,3,0,0,14,1,0
11831,85.58,PAYMENT,1381,4,0,0,21,0,0
11832,80.1,CASH_IN,152,6,0,0,3,0,1
11833,228.88,CASH_OUT,1782,0,0,0,9,0,0
11834,29.85,CASH_OUT,2544,0,0,0,2,0,0
11835,35.03,CASH_OUT,665,6,0,0,0,0,1
11836,151.3,PAYMENT,2893,3,1,0,9,0,0
11837,145.14,DEBIT,2767,3,0,0,5,0,0
11838,209.26,DEBIT,1284,3,0,0,11,0,0
11839,967.99,PAYMENT,1365,1,0,0,20,0,0
11840,164.76,CASH_IN,2726,5,0,0,6,0,0
11841,269.93,TRANSFER,1529,5,0,1,23,2,1
11842,55.95,CASH_OUT,530,7,0,0,23,0,0
11843,319.88,PAYMENT,1686,4,0,0,20,0,0
11844,87.67,TRANSFER,2398,5,0,0,18,0,0
11845,159.4,PAYMENT,1926,2,0,0,21,0,0
11846,133.11,TRANSFER,2138,3,0,0,18,1,0
11847,416.95,PAYMENT,1191,4,0,0,4,0,0
11848,40.05,TRANSFER,155,1,0,0,7,0,0
11849,15.13,CASH_OUT,221,2,0,0,9,1,0
11850,119.89,CASH_IN,1999,1,0,0,9,0,0
11851,237.11,PAYMENT,2270,6,0,0,10,0,0
11852,172.82,CASH_IN,618,4,0,0,9,0,0
11853,508.88,PAYMENT,772,2,0,0,18,0,0
11854,229.84,CASH_IN,2460,3,0,0,21,2,0
11855,84.45,TRANSFER,1146,5,0,0,13,0,0
11856,14.51,CASH_IN,855,3,0,0,8,1,0
11857,117.06,CASH_OUT,1733,2,0,0,1,0,0
11858,414.87,TRANSFER,2781,3,0,0,18,0,1
11859,100.28,PAYMENT,2686,3,0,0,15,1,0
11860,152.68,DEBIT,1183,3,0,0,8,2,0
11861,226.19,CASH_IN,2302,1,0,1,10,1,0
11862,53.77,PAYMENT,1781,4,1,0,14,0,1
11863,276.78,PAYMENT,2089,5,0,0,13,0,0
11864,762.9,CASH_OUT,2425,1,0,1,19,0,0
11865,124.86,DEBIT,2880,1,0,0,13,1,1
11866,47.99,PAYMENT,2151,1,0,0,10,0,0
11867,138.85,DEBIT,1164,1,0,0,4,0,0
11868,16.05,PAYMENT,1535,2,0,0,11,0,0
11869,207.87,DEBIT,2966,5,0,1,17,1,0
11870,233.29,CASH_OUT,2274,2,0,0,12,0,0
11871,792.85,PAYMENT,2268,4,0,0,3,0,1
11872,122.24,PAYMENT,1839,1,0,0,10,0,0
11873,223.29,CASH_OUT,2019,1,0,0,23,0,1
11874,62.72,TRANSFER,2728,1,0,0,8,0,0
11875,103.91,DEBIT,523,4,0,0,9,0,0
11876,32.29,CASH_OUT,2740,1,0,0,22,0,0
11877,122.15,TRANSFER,2337,3,1,0,5,0,1
11878,109.36,DEBIT,198,5,0,0,5,0,0
11879,200.18,TRANSFER,206,3,0,0,19,0,0
11880,79.55,CASH_IN,1198,3,0,0,5,0,0
11881,161.31,CASH_IN,616,2,0,1,14,0,1
11882,106.34,DEBIT,84,2,0,0,20,0,0
11883,106.54,PAYMENT,2711,2,0,0,17,0,0
11884,160.83,TRANSFER,2616,2,0,0,4,0,0
11885,154.55,TRANSFER,2764,3,0,0,22,1,0
11886,317.72,TRANSFER,165,3,0,0,4,0,0
11887,131.55,TRANSFER,1076,1,0,0,0,0,1
11888,104.6,CASH_IN,567,4,0,0,2,0,0
11889,123.87,PAYMENT,2239,1,0,0,18,0,0
11890,72.63,TRANSFER,2237,2,0,0,21,0,0
11891,103.55,PAYMENT,2595,3,0,1,15,0,0
11892,1131.34,PAYMENT,1758,4,0,0,19,0,0
11893,59.58,CASH_OUT,1430,4,0,0,3,2,0
11894,112.32,PAYMENT,344,2,0,0,5,0,0
11895,100.74,PAYMENT,2767,1,0,0,18,0,0
11896,115.91,TRANSFER,737,1,0,0,5,2,1
11897,106.57,PAYMENT,1270,4,0,0,2,0,0
11898,196.22,PAYMENT,293,1,0,0,15,0,1
11899,26.84,CASH_IN,1605,5,0,0,0,0,0
11900,418.71,CASH_IN,2417,3,0,0,5,0,0
11901,279.38,PAYMENT,491,3,0,1,8,0,0
11902,42.83,PAYMENT,2077,1,0,0,8,0,0
11903,15.35,DEBIT,1214,5,0,0,9,0,0
11904,55.86,PAYMENT,343,4,0,0,17,1,0
11905,116.44,TRANSFER,913,5,0,0,13,0,0
11906,1959.2,TRANSFER,160,3,0,0,5,0,0
11907,255.51,CASH_OUT,2156,4,0,0,5,0,0
11908,24.35,DEBIT,696,3,0,0,13,0,0
11909,74.47,PAYMENT,1520,5,0,0,22,0,0
11910,140.72,TRANSFER,94,5,1,0,14,1,0
11911,191.27,CASH_OUT,598,4,1,0,23,0,1
11912,39.86,DEBIT,1472,5,0,0,19,0,0
11913,129.67,CASH_IN,2046,4,0,0,3,0,0
11914,72.41,CASH_OUT,976,3,0,0,16,0,0
11915,49.22,CASH_IN,2862,2,1,0,6,0,0
11916,192.4,PAYMENT,81,4,1,0,9,2,1
11917,321.78,PAYMENT,973,3,0,0,12,1,0
11918,344.14,PAYMENT,2903,4,0,0,2,1,0
11919,263.59,PAYMENT,1557,2,0,1,0,0,0
11920,90.25,CASH_OUT,2414,4,0,0,7,0,1
11921,303.25,CASH_IN,168,2,0,0,3,0,0
11922,202.16,CASH_OUT,421,0,0,0,16,0,0
11923,169.68,CASH_OUT,263,3,0,0,17,1,0
11924,80.5,PAYMENT,461,2,0,1,7,0,0
11925,90.3,CASH_OUT,317,3,1,0,17,0,0
11926,159.79,TRANSFER,2106,0,0,0,22,0,0
11927,1702.54,CASH_OUT,1159,3,0,0,20,0,0
11928,200.59,PAYMENT,637,0,0,0,17,1,0
11929,80.54,TRANSFER,2581,6,0,0,18,0,0
11930,64.56,TRANSFER,662,2,0,0,18,0,0
11931,90.76,TRANSFER,645,1,1,0,18,0,1
11932,1309.36,PAYMENT,1954,0,0,0,14,0,0
11933,99.56,PAYMENT,2730,0,0,0,2,2,0
11934,367.55,PAYMENT,2375,3,0,0,0,0,0
11935,101.91,CASH_OUT,1319,0,0,0,4,0,0
11936,192.71,CASH_OUT,1207,5,1,0,22,0,0
11937,327.58,DEBIT,823,4,0,0,23,2,0
11938,83.77,CASH_OUT,2802,4,0,0,20,2,0
11939,78.17,PAYMENT,948,4,0,0,15,0,0
11940,779.67,CASH_OUT,1129,5,0,0,12,1,0
11941,397.26,TRANSFER,789,2,0,0,23,0,0
11942,327.23,PAYMENT,855,2,1,0,11,0,0
11943,326.12,CASH_OUT,2921,0,0,0,11,0,0
11944,235.0,PAYMENT,2177,5,0,0,13,0,0
11945,1116.3,PAYMENT,1981,5,0,0,17,0,0
11946,155.07,CASH_OUT,303,3,0,0,0,0,0
11947,264.35,CASH_OUT,2375,1,0,0,19,0,0
11948,34.78,CASH_OUT,241,6,0,0,14,1,0
11949,65.04,PAYMENT,985,2,1,0,20,1,0
11950,44.66,CASH_IN,2366,4,0,0,19,1,0
11951,530.63,CASH_OUT,2286,4,0,0,11,0,0
11952,11.56,CASH_IN,1624,4,0,1,2,0,0
11953,99.25,CASH_OUT,2689,3,0,0,10,0,0
11954,7.44,TRANSFER,726,2,1,0,23,1,1
11955,64.63,PAYMENT,2523,4,0,0,7,1,0
11956,90.84,CASH_OUT,2268,2,0,0,19,0,0
11957,592.81,CASH_OUT,2918,4,0,0,5,1,1
11958,220.66,PAYMENT,2748,1,0,0,3,0,1
11959,64.51,CASH_OUT,1732,4,1,0,21,0,0
11960,430.94,TRANSFER,626,0,1,0,20,0,0
11961,151.08,TRANSFER,2350,4,0,0,16,0,0
11962,154.09,PAYMENT,318,2,0,0,9,1,0
11963,44.58,PAYMENT,2269,3,0,0,18,0,0
11964,55.15,PAYMENT,295,2,0,0,7,0,0
11965,65.03,CASH_OUT,865,2,0,0,8,0,0
11966,155.47,PAYMENT,2320,3,0,1,5,0,0
11967,160.43,PAYMENT,707,5,0,0,10,2,0
11968,695.13,DEBIT,1021,5,0,0,12,0,0
11969,218.12,PAYMENT,710,0,1,0,14,0,0
11970,9.9,CASH_OUT,2289,6,0,0,0,0,0
11971,192.99,DEBIT,730,2,0,0,17,0,0
11972,34.81,TRANSFER,940,4,0,0,5,0,0
11973,56.49,CASH_OUT,849,5,0,1,16,1,0
11974,65.88,DEBIT,2085,3,0,0,23,0,0
11975,76.45,CASH_IN,1493,5,1,0,20,0,0
11976,37.52,TRANSFER,1663,3,1,0,5,0,0
11977,181.9,PAYMENT,615,1,1,0,16,0,0
11978,36.21,TRANSFER,107,5,1,0,3,0,1
11979,212.02,CASH_IN,921,1,0,0,5,0,0
11980,1389.88,CASH_IN,2776,1,0,0,12,0,0
11981,39.28,CASH_IN,1962,6,0,0,13,0,0
11982,111.66,TRANSFER,2073,2,0,0,14,0,0
11983,11.9,TRANSFER,2648,1,0,0,3,0,1
11984,109.84,PAYMENT,2682,3,0,0,18,1,0
11985,282.23,PAYMENT,2139,4,0,0,20,1,0
11986,305.1,CASH_OUT,1188,5,0,0,19,0,0
11987,160.35,PAYMENT,2505,5,0,0,10,1,1
11988,361.14,PAYMENT,2560,3,0,0,0,0,0
11989,1893.26,CASH_IN,859,5,0,0,16,0,0
11990,822.46,PAYMENT,1794,0,0,0,11,1,0
11991,88.01,DEBIT,1121,5,0,0,16,1,0
11992,34.77,PAYMENT,1515,1,1,0,17,1,1
11993,98.87,DEBIT,794,4,0,1,11,0,0
11994,57.57,TRANSFER,2531,3,0,0,9,0,0
11995,233.07,PAYMENT,46,6,0,0,13,0,0
11996,45.55,CASH_OUT,181,2,0,0,12,0,0
11997,137.99,CASH_IN,490,5,0,1,21,2,0
11998,343.1,TRANSFER,277,4,0,0,8,0,0
11999,134.2,CASH_OUT,2234,5,0,0,19,0,0
12000,57.61,DEBIT,629,1,0,0,12,0,0
12001,480.49,PAYMENT,127,4,0,1,12,0,0
12002,22.67,CASH_IN,1131,4,0,0,10,1,0
12003,106.93,PAYMENT,568,3,0,1,15,0,1
12004,142.36,TRANSFER,325,3,0,1,9,0,0
12005,150.79,PAYMENT,1958,3,0,0,15,0,0
12006,177.77,TRANSFER,2477,5,0,0,8,0,0
12007,273.26,PAYMENT,2090,3,0,0,5,0,0
12008,143.25,PAYMENT,467,4,1,0,21,1,0
12009,102.71,TRANSFER,1452,5,0,0,16,0,0
12010,98.73,CASH_OUT,2049,1,0,1,6,1,1
12011,80.52,CASH_OUT,694,2,0,0,21,0,0
12012,326.21,TRANSFER,2477,2,0,0,12,2,0
12013,77.75,PAYMENT,2451,2,1,0,18,1,0
12014,346.12,DEBIT,1033,3,1,0,10,0,0
12015,151.26,PAYMENT,588,4,0,0,4,0,1
12016,88.12,PAYMENT,2562,6,0,0,12,1,0
12017,275.45,TRANSFER,2494,0,0,0,21,0,0
12018,71.7,CASH_OUT,1137,9,0,0,2,0,1
12019,280.95,PAYMENT,695,1,0,0,6,0,0
12020,183.59,PAYMENT,512,3,0,0,23,2,0
12021,81.75,CASH_IN,868,4,0,0,3,2,1
12022,251.8,TRANSFER,1994,2,0,0,3,1,0
12023,256.36,TRANSFER,135,5,0,0,6,1,0
12024,472.26,DEBIT,1262,1,0,0,7,1,0
12025,390.0,PAYMENT,1736,4,0,0,5,0,0
12026,242.57,CASH_OUT,820,4,0,1,1,0,1
12027,48.06,PAYMENT,841,4,0,0,23,0,0
12028,1717.43,PAYMENT,879,0,0,0,1,0,1
12029,36.47,PAYMENT,199,4,0,0,22,1,1
12030,383.47,CASH_OUT,2857,3,0,0,6,1,0
12031,228.44,PAYMENT,2587,5,0,0,17,0,0
12032,45.87,TRANSFER,379,3,0,0,17,1,1
12033,131.07,DEBIT,1729,3,0,0,1,0,0
12034,137.17,CASH_OUT,1644,4,0,0,5,1,0
12035,547.62,PAYMENT,2543,4,0,0,21,0,0
12036,72.73,PAYMENT,2038,1,0,1,16,1,1
12037,114.21,TRANSFER,1962,1,0,0,4,0,0
12038,14.35,PAYMENT,1781,4,0,0,0,0,0
12039,841.14,DEBIT,1134,1,0,0,9,0,0
12040,50.88,DEBIT,478,0,0,1,18,0,0
12041,205.8,TRANSFER,2709,2,0,0,20,1,0
12042,134.1,PAYMENT,1154,2,0,0,4,0,0
12043,134.56,DEBIT,1422,4,0,0,8,0,0
12044,333.57,CASH_OUT,1848,3,0,0,4,0,1
12045,789.39,TRANSFER,1713,3,0,0,22,0,0
12046,190.85,PAYMENT,1885,3,0,0,7,1,0
12047,285.74,TRANSFER,794,2,0,0,16,0,1
12048,206.21,DEBIT,1318,4,0,1,14,0,0
12049,410.56,PAYMENT,2279,1,1,0,13,1,0
12050,93.42,CASH_IN,1171,3,1,1,20,0,0
12051,435.02,PAYMENT,1176,1,0,0,5,0,0
12052,450.56,DEBIT,1078,2,0,0,2,1,0
12053,438.14,TRANSFER,2446,1,0,0,5,1,1
12054,76.7,PAYMENT,414,4,1,0,7,0,0
12055,125.42,PAYMENT,1624,4,0,0,13,1,0
12056,188.57,TRANSFER,1985,0,0,0,11,1,0
12057,37.68,PAYMENT,2351,2,0,0,21,0,1
12058,731.37,CASH_OUT,2412,2,1,0,2,0,0
12059,146.6,PAYMENT,563,4,0,0,20,1,0
12060,197.14,PAYMENT,2421,3,0,0,10,0,0
12061,83.35,TRANSFER,1192,3,1,0,2,0,1
12062,39.37,TRANSFER,136,1,1,0,3,0,0
12063,81.12,TRANSFER,951,5,0,0,8,0,0
12064,184.79,TRANSFER,2423,3,0,0,1,0,1
12065,291.03,TRANSFER,739,3,0,1,1,0,0
12066,174.48,TRANSFER,1022,2,0,0,16,0,0
12067,209.92,PAYMENT,476,0,0,0,9,0,0
12068,105.95,PAYMENT,2539,2,0,0,8,0,0
12069,243.78,PAYMENT,2883,2,0,0,20,0,0
12070,653.82,CASH_OUT,1102,0,1,0,21,1,0
12071,300.3,TRANSFER,2734,1,1,0,15,0,1
12072,333.47,TRANSFER,368,0,0,0,13,0,0
12073,199.14,CASH_OUT,2773,3,1,0,22,0,0
12074,33.01,PAYMENT,52,3,0,0,3,0,0
12075,52.21,TRANSFER,1097,2,0,0,20,3,1
12076,233.9,PAYMENT,1824,2,0,0,21,0,0
12077,146.8,CASH_OUT,466,0,0,0,14,0,0
12078,230.41,CASH_OUT,938,5,0,0,14,0,0
12079,793.48,CASH_IN,1122,2,0,1,12,0,0
12080,306.75,CASH_IN,623,5,0,1,23,0,0
12081,522.64,CASH_OUT,2590,7,0,0,9,0,1
12082,163.15,CASH_IN,1026,5,0,0,1,0,0
12083,66.21,PAYMENT,306,2,0,0,13,0,0
12084,140.07,PAYMENT,521,3,1,0,7,0,0
12085,66.37,DEBIT,112,3,0,1,23,1,1
12086,705.07,DEBIT,2179,4,0,0,23,2,0
12087,327.14,TRANSFER,1279,4,0,0,0,1,1
12088,249.76,PAYMENT,497,1,1,0,16,0,0
12089,510.78,CASH_IN,2876,5,1,0,12,0,0
12090,19.69,PAYMENT,1194,5,1,0,2,0,0
12091,267.24,PAYMENT,1027,1,0,0,13,0,0
12092,40.02,CASH_OUT,2409,2,0,0,16,1,0
12093,147.34,PAYMENT,982,8,1,0,11,0,0
12094,108.67,PAYMENT,1322,6,0,0,8,0,0
12095,287.65,CASH_IN,1397,5,1,0,7,0,0
12096,186.45,PAYMENT,1029,1,0,0,4,0,0
12097,569.7,DEBIT,2959,4,0,0,12,0,1
12098,81.3,DEBIT,123,3,0,0,23,0,0
12099,301.6,CASH_IN,952,2,0,0,1,0,0
12100,174.55,DEBIT,1939,3,0,1,12,0,0
12101,28.93,TRANSFER,1241,2,0,0,21,0,0
12102,59.23,TRANSFER,2583,1,0,0,23,0,0
12103,127.76,CASH_IN,2659,2,0,0,2,1,0
12104,451.37,TRANSFER,2988,5,0,0,8,0,0
12105,235.97,TRANSFER,2389,4,0,0,3,1,0
12106,46.18,CASH_OUT,1909,6,0,0,13,0,0
12107,128.98,CASH_OUT,1834,5,0,0,22,0,0
12108,1116.34,CASH_OUT,1188,7,0,0,18,0,1
12109,165.87,CASH_OUT,1155,1,1,0,21,0,1
12110,106.98,CASH_OUT,387,2,0,0,23,0,0
12111,242.68,CASH_OUT,171,5,0,0,17,0,1
12112,318.43,TRANSFER,1824,3,1,0,9,0,0
12113,94.05,PAYMENT,2908,1,1,0,1,0,0
12114,245.32,CASH_OUT,2248,1,0,0,0,0,0
12115,106.82,PAYMENT,2089,1,0,0,9,0,0
12116,304.7,DEBIT,1108,8,0,0,12,2,0
12117,175.86,CASH_IN,531,1,0,0,0,0,0
12118,240.32,CASH_OUT,1010,3,0,0,13,0,0
12119,69.46,DEBIT,2008,3,0,0,13,0,0
12120,65.28,CASH_OUT,915,2,0,0,23,1,0
12121,382.03,PAYMENT,2993,1,0,0,23,0,0
12122,137.09,TRANSFER,2969,4,0,0,23,0,0
12123,197.36,PAYMENT,632,4,0,0,12,1,0
12124,109.25,PAYMENT,354,1,0,0,7,0,0
12125,364.57,TRANSFER,1994,1,0,0,17,0,0
12126,80.82,CASH_OUT,1752,2,0,0,5,1,0
12127,129.59,TRANSFER,2574,2,0,1,0,0,0
12128,325.71,TRANSFER,345,6,0,1,5,0,0
12129,479.61,PAYMENT,1754,4,0,0,5,0,0
12130,87.9,TRANSFER,1863,7,0,1,7,0,0
12131,1053.3,PAYMENT,201,2,0,1,12,1,1
12132,203.01,PAYMENT,1443,4,0,0,10,0,0
12133,52.3,CASH_OUT,610,6,0,0,13,1,0
12134,214.66,PAYMENT,1331,3,1,0,2,1,0
12135,101.19,PAYMENT,1374,2,0,0,15,0,0
12136,229.08,PAYMENT,113,3,0,0,23,0,0
12137,142.19,CASH_OUT,2165,3,0,0,12,0,0
12138,159.86,CASH_IN,1201,3,0,1,22,0,1
12139,59.64,DEBIT,2843,2,0,0,19,0,0
12140,399.44,CASH_OUT,1868,6,1,0,11,1,0
12141,46.71,TRANSFER,973,2,0,0,10,0,0
12142,48.97,PAYMENT,762,3,0,0,13,0,0
12143,214.3,PAYMENT,2823,3,0,0,17,1,0
12144,737.19,CASH_OUT,2613,1,0,0,15,0,0
12145,104.31,TRANSFER,1816,3,1,0,2,0,0
12146,299.16,CASH_OUT,2405,2,0,0,3,1,0
12147,434.13,PAYMENT,127,0,0,0,15,0,0
12148,335.19,PAYMENT,243,5,1,0,0,0,1
12149,108.72,PAYMENT,836,8,0,0,5,0,0
12150,49.85,CASH_OUT,340,3,0,0,2,0,0
12151,16.32,PAYMENT,1790,3,0,0,23,0,0
12152,114.11,CASH_OUT,1425,6,0,1,4,0,0
12153,482.07,PAYMENT,1531,4,0,0,10,0,0
12154,48.22,TRANSFER,2260,3,0,0,7,0,0
12155,298.93,PAYMENT,2275,1,0,0,1,0,0
12156,57.39,PAYMENT,2012,2,0,1,19,0,0
12157,165.02,PAYMENT,1386,6,1,0,7,1,1
12158,301.21,PAYMENT,2487,0,0,0,17,0,1
12159,76.75,PAYMENT,2798,5,0,0,16,1,0
12160,176.0,CASH_IN,386,4,0,0,11,0,0
12161,97.99,PAYMENT,885,5,0,0,10,1,0
12162,300.41,PAYMENT,1228,1,0,0,1,0,0
12163,187.79,CASH_OUT,2731,3,0,0,11,1,0
12164,157.04,CASH_OUT,672,0,0,0,9,0,0
12165,705.11,PAYMENT,994,3,0,0,14,0,0
12166,287.81,CASH_OUT,668,2,0,0,7,0,0
12167,74.41,CASH_OUT,2838,3,0,1,1,0,0
12168,136.2,PAYMENT,1451,3,0,0,0,0,0
12169,137.57,TRANSFER,2341,2,0,0,3,0,0
12170,160.83,PAYMENT,1544,2,0,0,19,1,0
12171,1852.9,PAYMENT,2806,3,1,1,4,1,1
12172,215.05,DEBIT,556,2,0,0,11,1,0
12173,19.38,PAYMENT,2818,4,0,0,23,0,0
12174,86.25,PAYMENT,394,3,0,1,13,0,0
12175,21.49,DEBIT,38,5,0,0,16,0,0
12176,106.72,CASH_OUT,142,1,1,0,18,0,1
12177,20.34,TRANSFER,2552,3,0,0,10,0,0
12178,62.08,CASH_OUT,508,3,0,0,6,0,0
12179,32.44,CASH_OUT,1231,1,0,0,0,0,0
12180,217.93,CASH_OUT,877,2,1,0,16,0,0
12181,148.49,PAYMENT,2559,3,0,0,4,0,0
12182,200.93,TRANSFER,1699,4,0,0,6,0,0
12183,133.68,PAYMENT,2505,3,0,0,2,1,0
12184,36.81,PAYMENT,2262,3,0,0,3,0,0
12185,248.02,TRANSFER,1870,4,0,0,21,2,0
12186,1014.57,CASH_OUT,745,3,0,0,22,0,0
12187,223.46,PAYMENT,610,1,1,1,14,1,0
12188,96.94,PAYMENT,405,5,1,0,3,0,0
12189,35.59,CASH_OUT,2756,2,0,0,5,0,0
12190,59.86,TRANSFER,475,3,0,0,23,1,1
12191,233.47,CASH_IN,1065,3,0,0,15,0,0
12192,434.03,CASH_OUT,1250,4,0,0,6,0,0
12193,192.65,DEBIT,2643,1,0,0,21,1,0
12194,330.26,TRANSFER,901,5,0,0,18,0,1
12195,301.17,CASH_OUT,514,5,0,0,12,0,0
12196,246.3,CASH_IN,2413,2,0,0,19,0,0
12197,76.82,CASH_IN,1382,2,0,0,16,0,0
12198,176.61,CASH_OUT,2814,3,0,0,23,2,1
12199,63.54,TRANSFER,706,3,0,0,5,1,0
12200,151.02,PAYMENT,1566,3,0,0,12,0,0
12201,206.62,CASH_IN,1740,7,0,0,19,1,0
12202,795.35,CASH_OUT,1190,5,0,0,6,0,1
12203,40.06,CASH_IN,2351,2,0,0,13,0,0
12204,240.21,PAYMENT,1411,0,0,0,4,1,0
12205,652.78,PAYMENT,1737,2,0,0,8,1,0
12206,316.98,TRANSFER,260,1,0,0,14,0,0
12207,341.36,CASH_IN,2308,5,0,0,1,0,0
12208,267.12,CASH_IN,2787,1,0,0,20,0,0
12209,543.67,PAYMENT,2592,2,0,0,22,0,0
12210,50.02,CASH_OUT,2061,3,1,0,22,0,1
12211,37.12,PAYMENT,141,0,0,0,4,0,1
12212,147.48,TRANSFER,962,1,0,0,4,1,0
12213,17.1,TRANSFER,1841,8,0,0,14,1,0
12214,508.08,CASH_OUT,1402,3,1,1,14,0,0
12215,503.06,CASH_IN,1089,4,1,0,22,1,0
12216,96.22,PAYMENT,1261,0,0,0,0,0,1
12217,102.44,TRANSFER,33,4,0,0,5,0,0
12218,138.06,CASH_OUT,1173,4,0,0,0,0,1
12219,156.34,PAYMENT,2186,1,0,0,23,0,0
12220,168.54,DEBIT,1582,5,0,0,22,1,1
12221,259.36,CASH_IN,1792,2,0,0,18,0,0
12222,124.88,PAYMENT,1750,5,0,0,16,0,0
12223,381.15,TRANSFER,768,1,0,0,3,1,0
12224,231.82,PAYMENT,2126,1,0,0,11,0,0
12225,80.89,TRANSFER,1162,0,1,0,18,0,0
12226,564.03,CASH_OUT,2557,6,0,0,1,1,0
12227,38.16,PAYMENT,1746,0,1,0,18,1,0
12228,135.35,CASH_IN,551,2,1,0,10,0,0
12229,390.3,TRANSFER,2453,5,0,0,22,0,1
12230,72.02,DEBIT,1176,4,1,0,20,1,1
12231,202.26,PAYMENT,2665,2,0,0,7,0,0
12232,255.53,CASH_IN,664,2,0,0,20,0,0
12233,62.77,CASH_OUT,678,0,0,0,17,1,1
12234,138.04,PAYMENT,1202,0,0,0,5,2,0
12235,126.91,PAYMENT,1054,2,0,0,6,1,0
12236,85.48,CASH_IN,752,3,0,0,18,0,0
12237,1482.78,TRANSFER,396,1,0,0,7,0,0
12238,69.19,TRANSFER,2223,5,1,0,10,0,0
12239,405.42,DEBIT,2690,5,0,0,1,0,0
12240,100.2,PAYMENT,1960,2,0,0,21,0,0
12241,50.07,TRANSFER,2914,4,0,0,13,0,0
12242,164.48,CASH_OUT,2309,3,1,0,11,0,0
12243,284.03,CASH_OUT,648,2,0,0,1,0,0
12244,372.6,PAYMENT,2546,4,1,0,9,0,0
12245,707.87,TRANSFER,241,3,0,0,20,1,0
12246,2822.13,CASH_OUT,294,2,0,0,7,0,0
12247,190.66,TRANSFER,1311,3,0,0,4,0,1
12248,76.47,CASH_OUT,654,4,0,0,10,1,0
12249,233.43,PAYMENT,1697,3,0,0,16,1,0
12250,113.73,CASH_IN,1833,3,0,0,14,0,0
12251,374.64,TRANSFER,1264,2,0,0,7,0,0
12252,40.56,DEBIT,1046,3,0,0,23,0,0
12253,1584.99,PAYMENT,1136,2,0,0,4,0,1
12254,349.34,PAYMENT,791,1,0,0,8,0,0
12255,27.55,PAYMENT,378,3,0,0,17,0,0
12256,73.04,TRANSFER,2372,6,0,0,11,0,0
12257,335.65,PAYMENT,2265,1,0,0,1,1,1
12258,481.23,CASH_OUT,2904,4,0,0,13,1,0
12259,41.59,CASH_IN,925,4,1,0,3,1,1
12260,302.79,PAYMENT,2979,2,0,0,22,0,0
12261,21.17,PAYMENT,1981,4,0,0,23,1,0
12262,135.73,CASH_IN,360,3,0,0,9,0,0
12263,451.26,PAYMENT,2118,2,0,0,6,0,0
12264,85.5,TRANSFER,2033,2,0,0,23,1,1
12265,32.89,PAYMENT,1653,3,0,0,12,0,0
12266,171.78,TRANSFER,2833,6,0,0,6,0,0
12267,81.07,PAYMENT,952,5,0,0,14,0,0
12268,278.54,CASH_OUT,1548,2,0,0,15,0,0
12269,61.23,TRANSFER,1362,3,0,1,1,0,0
12270,68.54,CASH_OUT,1047,2,0,0,0,0,0
12271,19.67,PAYMENT,2316,2,0,1,10,0,0
12272,175.91,TRANSFER,2676,3,0,0,19,1,0
12273,126.35,PAYMENT,2739,4,0,0,1,0,0
12274,45.22,DEBIT,34,3,0,0,11,1,0
12275,180.15,TRANSFER,2395,1,0,0,8,3,0
12276,414.5,PAYMENT,700,5,0,0,5,2,0
12277,119.63,PAYMENT,76,5,0,0,23,1,0
12278,194.06,PAYMENT,1346,0,1,0,20,0,1
12279,195.06,PAYMENT,1079,3,0,0,9,0,0
12280,44.51,TRANSFER,1268,6,1,0,21,1,0
12281,1160.48,PAYMENT,328,4,1,0,14,1,1
12282,92.68,DEBIT,90,5,0,0,22,2,0
12283,286.04,PAYMENT,2461,3,0,0,2,0,0
12284,320.29,CASH_OUT,1890,5,0,0,9,1,0
12285,129.08,PAYMENT,1692,4,0,0,20,1,0
12286,272.27,PAYMENT,1974,7,0,0,5,1,0
12287,189.77,DEBIT,1854,5,1,0,5,1,1
12288,35.96,CASH_IN,785,2,0,1,19,0,0
12289,106.46,CASH_OUT,605,6,0,0,18,0,0
12290,80.43,CASH_OUT,2254,5,0,0,19,0,0
12291,93.53,DEBIT,122,2,0,0,11,1,0
12292,40.29,TRANSFER,1561,4,0,0,4,0,0
12293,457.8,PAYMENT,1580,2,0,0,21,1,0
12294,736.56,PAYMENT,2353,4,0,0,17,0,0
12295,394.65,CASH_OUT,563,4,0,0,5,0,0
12296,528.76,CASH_OUT,1831,6,0,0,18,1,0
12297,105.15,CASH_OUT,2021,5,1,0,20,0,0
12298,78.55,PAYMENT,2260,1,1,0,23,0,1
12299,68.13,DEBIT,893,5,0,0,19,0,0
12300,282.61,TRANSFER,441,4,0,0,13,0,0
12301,186.25,CASH_OUT,1702,5,0,0,9,0,0
12302,137.38,PAYMENT,1084,4,0,0,6,1,1
12303,541.94,DEBIT,2292,0,0,0,1,0,0
12304,222.5,TRANSFER,2429,3,0,0,20,0,0
12305,64.16,TRANSFER,1895,3,0,1,10,0,0
12306,75.12,DEBIT,1792,4,0,0,17,0,0
12307,293.53,DEBIT,1238,1,0,0,14,0,0
12308,420.62,PAYMENT,956,2,1,0,10,0,0
12309,257.67,DEBIT,1640,1,0,0,6,1,1
12310,989.19,CASH_OUT,261,4,0,0,22,0,0
12311,761.28,PAYMENT,1127,2,0,0,4,1,0
12312,230.68,PAYMENT,282,6,0,0,3,1,0
12313,64.16,TRANSFER,2982,4,0,1,23,2,1
12314,40.05,TRANSFER,463,5,0,0,2,0,0
12315,100.75,CASH_OUT,1986,0,0,0,17,1,0
12316,315.2,PAYMENT,2818,1,0,0,1,0,0
12317,922.09,CASH_IN,1252,4,0,0,21,0,0
12318,225.3,CASH_IN,2801,4,0,0,17,0,0
12319,477.58,CASH_OUT,113,1,0,0,14,0,0
12320,116.13,DEBIT,741,4,0,0,1,1,0
12321,276.65,CASH_IN,1710,5,1,0,15,0,1
12322,338.11,PAYMENT,246,5,0,0,10,1,0
12323,20.5,CASH_OUT,1290,4,0,0,19,1,1
12324,98.16,DEBIT,2588,3,1,0,6,0,0
12325,383.64,PAYMENT,2335,1,0,0,4,1,0
12326,195.29,DEBIT,2306,4,1,0,17,0,1
12327,44.86,PAYMENT,327,4,0,0,22,0,0
12328,13.06,TRANSFER,2695,5,0,0,17,1,0
12329,102.95,CASH_OUT,534,2,0,0,16,0,0
12330,138.16,CASH_OUT,680,1,0,0,21,0,0
12331,61.32,CASH_OUT,1777,1,0,0,11,0,0
12332,171.24,TRANSFER,1692,1,0,0,21,1,0
12333,246.26,CASH_OUT,1814,2,0,0,23,0,1
12334,290.23,CASH_OUT,2517,4,0,1,10,0,1
12335,14.07,TRANSFER,1638,4,1,0,4,0,1
12336,39.87,TRANSFER,2250,5,0,0,13,0,0
12337,109.44,CASH_IN,970,0,0,0,17,0,0
12338,263.01,PAYMENT,2746,3,0,0,12,0,0
12339,242.07,TRANSFER,191,5,0,0,19,4,0
12340,237.9,PAYMENT,2071,2,1,0,22,0,0
12341,101.15,CASH_OUT,636,0,0,0,6,0,0
12342,106.95,PAYMENT,887,4,0,0,5,0,0
12343,71.64,TRANSFER,1942,4,0,0,6,1,1
12344,319.96,PAYMENT,1801,4,0,0,12,0,0
12345,59.12,PAYMENT,49,3,0,0,15,0,0
12346,347.25,TRANSFER,2659,1,0,0,9,2,0
12347,182.7,TRANSFER,431,5,0,0,6,0,0
12348,141.88,TRANSFER,741,5,0,0,4,1,1
12349,76.96,PAYMENT,1497,3,1,0,2,0,1
12350,38.26,DEBIT,1748,3,0,0,12,0,0
12351,77.66,PAYMENT,2385,3,0,1,21,0,0
12352,106.7,CASH_IN,1590,2,0,1,20,1,1
12353,13.89,CASH_OUT,1543,2,0,0,16,0,1
12354,121.83,PAYMENT,1398,5,0,0,18,0,0
12355,374.04,TRANSFER,1379,1,0,0,14,0,0
12356,261.7,DEBIT,2626,1,1,0,22,1,0
12357,90.36,CASH_OUT,1984,2,1,0,3,0,1
12358,155.55,PAYMENT,2260,1,0,0,2,0,0
12359,85.1,TRANSFER,897,4,0,0,12,0,1
12360,172.22,TRANSFER,1821,2,0,0,12,1,1
12361,692.36,CASH_IN,53,3,0,0,1,0,0
12362,390.92,DEBIT,2883,6,0,0,13,0,0
12363,249.83,PAYMENT,2313,5,0,0,3,0,0
12364,90.66,PAYMENT,2927,3,1,0,14,0,0
12365,314.17,PAYMENT,1830,8,0,0,20,0,0
12366,27.47,DEBIT,2580,4,0,0,5,2,0
12367,115.31,TRANSFER,284,3,1,0,4,0,1
12368,266.06,CASH_IN,406,2,0,0,20,0,0
12369,311.2,TRANSFER,1162,4,0,0,5,0,0
12370,290.0,CASH_OUT,1872,2,0,0,5,0,0
12371,199.3,PAYMENT,1371,2,0,1,0,0,0
12372,122.03,DEBIT,2844,4,0,1,11,0,0
12373,254.16,TRANSFER,451,2,1,0,8,1,1
12374,57.23,CASH_IN,160,3,0,0,22,0,0
12375,63.77,PAYMENT,973,1,0,1,8,0,0
12376,157.86,CASH_OUT,1478,4,0,0,13,0,0
12377,176.48,TRANSFER,248,3,1,1,10,0,1
12378,23.91,PAYMENT,1638,3,0,0,18,0,0
12379,233.96,TRANSFER,226,5,0,0,9,0,0
12380,321.41,TRANSFER,2672,3,1,0,13,0,0
12381,137.38,PAYMENT,1914,4,0,0,2,0,0
12382,1594.74,PAYMENT,2860,5,0,0,19,0,0
12383,74.97,TRANSFER,647,2,0,0,17,1,0
12384,103.43,PAYMENT,1665,3,0,0,1,0,0
12385,99.98,TRANSFER,2773,2,0,0,2,1,1
12386,137.53,TRANSFER,873,3,0,0,21,0,0
12387,106.83,PAYMENT,1131,6,0,0,21,1,1
12388,36.35,PAYMENT,1708,5,0,0,23,0,0
12389,85.92,CASH_IN,1424,2,0,0,10,0,0
12390,134.61,PAYMENT,1148,1,0,0,17,0,1
12391,507.03,CASH_OUT,2466,6,0,0,1,0,0
12392,1342.44,TRANSFER,1865,7,0,0,8,0,0
12393,564.24,DEBIT,2592,6,0,0,8,1,0
12394,68.35,PAYMENT,76,1,0,0,20,0,0
12395,74.01,CASH_IN,1211,1,0,0,10,0,0
12396,126.55,TRANSFER,780,2,0,0,19,0,0
12397,884.09,PAYMENT,2348,5,1,1,20,2,1
12398,125.79,PAYMENT,2499,0,0,0,6,0,1
12399,39.35,TRANSFER,1081,2,0,0,19,0,0
12400,89.91,PAYMENT,1230,7,0,0,18,0,0
12401,316.42,PAYMENT,2164,1,0,0,8,1,0
12402,295.88,DEBIT,716,4,0,0,14,1,1
12403,121.48,PAYMENT,2796,6,1,0,22,0,0
12404,293.95,TRANSFER,1640,6,0,0,8,0,0
12405,15.28,CASH_OUT,2939,1,1,0,17,0,0
12406,164.65,CASH_OUT,787,2,0,0,9,0,0
12407,350.96,PAYMENT,83,5,1,0,21,0,1
12408,64.53,CASH_OUT,2160,2,1,0,11,2,1
12409,64.31,TRANSFER,2621,2,1,0,14,0,0
12410,22.96,PAYMENT,2462,3,0,0,5,0,1
12411,727.7,PAYMENT,1965,3,0,0,7,0,0
12412,72.23,PAYMENT,2600,3,0,0,2,2,0
12413,188.87,PAYMENT,2300,3,0,0,21,0,0
12414,271.49,PAYMENT,1918,2,0,0,10,0,0
12415,673.22,PAYMENT,2363,4,0,0,0,0,0
12416,127.24,TRANSFER,2051,3,0,0,6,1,1
12417,86.54,CASH_OUT,1633,3,0,0,5,0,0
12418,176.46,CASH_OUT,2901,1,0,0,0,0,0
12419,535.97,CASH_OUT,473,3,0,0,13,0,0
12420,125.19,CASH_IN,2166,4,0,1,22,0,0
12421,57.12,CASH_IN,1582,1,0,0,20,0,0
12422,31.79,CASH_IN,2844,7,1,0,16,0,1
12423,43.76,PAYMENT,1211,6,0,0,7,0,0
12424,352.27,PAYMENT,298,3,0,0,1,0,0
12425,107.7,TRANSFER,937,2,0,0,15,0,0
12426,80.84,PAYMENT,1085,2,0,0,0,1,0
12427,72.53,PAYMENT,2164,1,0,0,6,0,0
12428,161.59,PAYMENT,2170,6,0,0,15,0,0
12429,116.81,DEBIT,2879,4,0,0,4,0,0
12430,112.94,PAYMENT,624,4,0,0,5,1,0
12431,572.11,TRANSFER,1569,2,0,0,14,1,0
12432,690.91,PAYMENT,183,2,0,0,13,0,0
12433,29.67,CASH_OUT,1647,4,1,0,12,0,0
12434,205.94,TRANSFER,2973,3,0,1,8,2,0
12435,68.25,PAYMENT,2967,2,0,0,3,0,0
12436,115.79,DEBIT,447,2,1,0,17,1,1
12437,202.2,CASH_OUT,282,4,0,1,23,0,1
12438,119.97,CASH_OUT,2845,2,0,1,9,0,0
12439,186.88,DEBIT,2236,6,0,0,6,1,0
12440,290.9,TRANSFER,341,3,0,0,19,1,0
12441,199.25,CASH_OUT,1627,7,0,0,9,1,0
12442,77.72,PAYMENT,2876,2,0,0,2,0,0
12443,79.11,CASH_OUT,610,5,0,0,10,1,0
12444,35.17,PAYMENT,464,5,0,1,21,1,0
12445,63.19,PAYMENT,1035,3,0,0,17,0,0
12446,1055.82,TRANSFER,294,3,0,0,19,0,1
12447,67.22,PAYMENT,1061,2,0,0,18,0,0
12448,45.0,TRANSFER,1047,2,0,0,8,0,0
12449,204.37,TRANSFER,2184,3,0,0,15,1,0
12450,132.91,CASH_OUT,768,0,0,0,15,0,0
12451,122.05,PAYMENT,1122,4,0,0,3,0,0
12452,607.31,PAYMENT,469,2,0,0,5,0,0
12453,257.01,CASH_OUT,1867,3,0,0,6,0,0
12454,87.36,CASH_OUT,871,7,0,0,1,1,0
12455,97.08,PAYMENT,924,3,0,0,20,0,0
12456,89.78,TRANSFER,680,2,1,0,15,1,1
12457,355.93,CASH_OUT,2597,4,0,0,8,1,1
12458,109.06,PAYMENT,1121,2,0,0,6,0,0
12459,24.7,TRANSFER,2066,4,1,0,2,0,0
12460,141.41,PAYMENT,175,0,0,0,15,0,0
12461,31.91,DEBIT,413,3,0,0,11,3,1
12462,1318.47,PAYMENT,2545,2,0,1,14,1,1
12463,56.51,PAYMENT,2839,3,0,0,10,0,0
12464,126.23,CASH_IN,919,4,0,0,5,0,0
12465,192.14,PAYMENT,2592,2,0,0,3,0,0
12466,111.2,TRANSFER,1452,1,0,1,17,0,0
12467,111.05,PAYMENT,2009,5,0,0,5,0,0
12468,226.29,DEBIT,1693,3,0,0,14,1,0
12469,682.81,CASH_IN,149,4,1,0,11,0,0
12470,319.74,CASH_OUT,2827,3,0,0,2,0,0
12471,651.0,PAYMENT,84,3,1,0,6,1,1
12472,52.11,PAYMENT,1123,3,0,0,16,2,0
12473,203.85,TRANSFER,1942,2,0,1,20,0,0
12474,173.34,PAYMENT,1547,4,0,0,20,0,0
12475,210.84,CASH_OUT,385,3,0,0,3,1,0
12476,587.71,TRANSFER,1521,1,0,0,21,1,0
12477,119.01,CASH_IN,1341,4,1,0,23,0,0
12478,98.94,PAYMENT,803,2,0,0,12,0,0
12479,253.15,TRANSFER,941,4,0,0,12,0,0
12480,25.07,CASH_OUT,1038,4,0,0,11,0,0
12481,117.11,TRANSFER,1775,0,1,0,19,0,1
12482,129.78,CASH_IN,1290,3,1,0,3,1,0
12483,59.12,PAYMENT,2295,1,0,0,6,0,0
12484,427.12,CASH_OUT,753,2,1,0,6,1,0
12485,51.3,DEBIT,2058,2,0,0,3,0,0
12486,129.56,PAYMENT,1323,2,1,0,12,0,0
12487,198.97,PAYMENT,1711,2,0,1,5,0,0
12488,574.47,PAYMENT,293,4,0,0,15,0,0
12489,146.85,CASH_OUT,373,3,0,0,18,0,0
12490,378.48,TRANSFER,1530,3,0,0,5,0,0
12491,299.05,PAYMENT,2904,2,0,0,18,3,0
12492,167.91,CASH_OUT,550,7,0,0,0,0,1
12493,49.92,CASH_IN,1095,3,0,0,3,0,0
12494,35.35,DEBIT,1867,3,0,1,20,0,0
12495,165.09,TRANSFER,1944,1,0,0,8,0,0
12496,86.25,TRANSFER,461,1,0,0,14,0,0
12497,372.14,CASH_IN,1849,1,0,0,5,0,0
12498,312.89,PAYMENT,2407,6,1,0,7,0,0
12499,123.39,CASH_OUT,305,2,0,0,11,0,0
12500,46.63,CASH_OUT,1475,3,0,0,13,0,0
12501,247.33,PAYMENT,756,1,0,0,7,0,0
12502,53.63,PAYMENT,1933,4,0,0,15,0,1
12503,69.51,PAYMENT,1945,3,0,0,0,0,0
12504,55.73,TRANSFER,2824,3,0,0,14,0,0
12505,129.22,TRANSFER,1201,3,0,0,13,0,0
12506,478.28,CASH_IN,1972,2,0,0,13,0,0
12507,147.67,TRANSFER,2210,2,1,0,14,1,0
12508,95.28,PAYMENT,729,2,0,0,8,0,0
12509,32.28,TRANSFER,1016,1,0,0,22,1,0
12510,257.78,PAYMENT,614,3,0,0,13,0,1
12511,68.01,PAYMENT,2888,4,0,1,10,0,0
12512,166.92,PAYMENT,2182,1,0,1,5,0,0
12513,104.14,PAYMENT,321,7,0,1,14,0,0
12514,343.15,PAYMENT,2309,2,0,0,13,0,0
12515,126.82,PAYMENT,1154,3,0,0,9,0,0
12516,139.92,CASH_OUT,2336,5,0,0,20,0,0
12517,241.23,PAYMENT,1345,1,0,0,17,0,0
12518,1220.41,PAYMENT,141,6,0,0,19,0,0
12519,360.84,DEBIT,1098,4,1,0,8,0,0
12520,135.83,CASH_OUT,1536,1,0,0,19,0,0
12521,148.89,PAYMENT,2302,3,0,0,10,1,0
12522,87.81,PAYMENT,1975,3,0,0,19,0,0
12523,57.4,CASH_OUT,2981,0,1,0,8,0,0
12524,85.39,TRANSFER,947,3,1,0,9,0,0
12525,68.57,PAYMENT,2658,4,1,0,2,0,0
12526,285.25,PAYMENT,2813,2,0,0,19,0,0
12527,50.85,DEBIT,590,1,0,0,20,1,0
12528,562.96,TRANSFER,1674,1,0,0,23,1,0
12529,314.83,TRANSFER,1032,2,0,1,1,0,0
12530,151.49,PAYMENT,916,1,0,0,9,0,0
12531,148.46,PAYMENT,1723,0,0,0,10,0,0
12532,85.01,TRANSFER,1292,1,0,0,18,0,0
12533,194.43,DEBIT,2457,4,0,0,13,0,0
12534,440.58,PAYMENT,486,2,0,0,13,1,0
12535,73.47,DEBIT,1569,3,0,0,5,0,0
12536,32.03,PAYMENT,1257,3,0,0,8,0,0
12537,299.83,TRANSFER,113,4,0,0,2,1,1
12538,205.28,PAYMENT,1966,0,0,0,15,0,0
12539,48.41,TRANSFER,2436,2,0,0,9,1,0
12540,71.28,TRANSFER,1426,3,0,0,9,0,0
12541,62.86,CASH_OUT,1627,4,1,0,12,0,1
12542,71.91,TRANSFER,87,2,1,0,1,1,1
12543,107.37,PAYMENT,2761,0,0,0,5,1,0
12544,113.69,CASH_OUT,1879,2,0,0,9,1,0
12545,77.42,PAYMENT,466,3,0,0,23,0,0
12546,69.54,TRANSFER,1043,3,0,1,19,0,1
12547,118.06,PAYMENT,2951,5,0,0,0,0,1
12548,175.51,TRANSFER,2841,7,0,0,19,0,1
12549,108.17,CASH_OUT,2917,3,0,0,2,1,1
12550,472.8,PAYMENT,2726,3,0,0,23,0,0
12551,246.68,DEBIT,1803,2,0,0,1,0,0
12552,30.24,CASH_IN,2595,1,0,0,18,0,0
12553,250.57,TRANSFER,2864,4,0,0,17,0,1
12554,271.93,PAYMENT,2163,3,0,0,22,0,0
12555,96.09,CASH_OUT,2956,2,0,0,0,0,0
12556,33.27,CASH_IN,1629,3,0,0,7,0,0
12557,149.62,PAYMENT,1009,2,0,0,12,0,0
12558,147.27,DEBIT,2744,2,0,0,12,1,0
12559,48.34,DEBIT,1589,1,0,0,6,0,0
12560,34.77,TRANSFER,293,3,0,0,0,0,1
12561,135.97,CASH_OUT,2400,1,0,0,23,0,1
12562,117.56,TRANSFER,40,2,0,0,8,0,0
12563,97.78,TRANSFER,1950,3,0,0,6,0,0
12564,136.54,PAYMENT,292,2,1,0,21,0,0
12565,49.27,PAYMENT,937,2,1,0,2,2,0
12566,96.08,CASH_OUT,1884,1,0,0,12,0,0
12567,252.98,PAYMENT,2917,5,0,0,4,0,0
12568,104.59,TRANSFER,483,6,0,0,19,0,0
12569,27.88,CASH_IN,1284,6,0,0,16,0,0
12570,92.51,PAYMENT,2357,3,0,0,3,0,0
12571,50.9,PAYMENT,579,0,0,1,20,1,0
12572,193.86,TRANSFER,228,3,0,0,5,0,0
12573,204.15,PAYMENT,1831,3,0,0,21,0,0
12574,28.25,CASH_IN,2747,8,0,0,18,1,0
12575,317.04,PAYMENT,1909,3,0,0,20,0,0
12576,48.8,TRANSFER,315,4,0,0,20,3,0
12577,705.69,PAYMENT,1181,2,0,1,13,1,1
12578,141.35,PAYMENT,1260,1,0,0,11,0,0
12579,42.67,PAYMENT,2962,5,0,0,10,1,0
12580,47.37,PAYMENT,287,1,0,0,0,0,0
12581,210.21,TRANSFER,805,2,0,1,13,0,1
12582,100.35,TRANSFER,2734,2,0,0,13,0,0
12583,134.74,PAYMENT,540,3,0,0,17,0,0
12584,744.55,PAYMENT,589,2,0,0,8,0,0
12585,73.76,TRANSFER,2141,3,0,0,1,0,0
12586,157.58,CASH_OUT,730,4,0,0,20,0,0
12587,613.91,CASH_OUT,170,1,0,1,2,0,1
12588,194.52,PAYMENT,1007,1,0,0,1,0,0
12589,29.77,CASH_IN,1970,2,0,0,10,0,0
12590,246.01,DEBIT,769,3,0,0,20,0,0
12591,46.39,PAYMENT,2184,4,0,0,0,0,0
12592,605.96,CASH_OUT,1695,2,0,0,2,0,0
12593,65.18,TRANSFER,1905,6,0,0,1,0,0
12594,2891.44,DEBIT,242,2,0,0,15,0,1
12595,643.79,TRANSFER,1706,2,0,0,14,0,0
12596,66.91,DEBIT,417,1,1,0,3,0,0
12597,151.41,PAYMENT,2335,4,0,0,9,0,0
12598,315.34,PAYMENT,862,3,0,0,21,0,0
12599,324.95,CASH_OUT,827,3,0,0,10,0,0
12600,230.98,CASH_OUT,2963,4,0,0,1,0,0
12601,519.13,CASH_OUT,67,3,0,0,5,0,0
12602,131.24,CASH_IN,2993,3,0,0,20,0,0
12603,102.85,CASH_OUT,1078,3,0,0,19,1,0
12604,104.91,CASH_OUT,2970,3,0,0,10,0,1
12605,350.15,TRANSFER,880,3,0,0,2,0,0
12606,213.83,TRANSFER,1191,3,0,1,21,1,1
12607,198.6,TRANSFER,1990,4,0,0,11,1,1
12608,328.73,CASH_OUT,90,2,0,0,4,0,0
12609,19.09,TRANSFER,140,4,0,0,19,0,0
12610,202.36,PAYMENT,287,1,0,0,10,0,0
12611,184.67,PAYMENT,1902,3,0,0,19,1,0
12612,787.46,DEBIT,164,3,0,0,12,0,0
12613,32.18,PAYMENT,2137,4,0,0,10,0,0
12614,704.29,PAYMENT,2266,5,1,0,4,1,1
12615,160.04,TRANSFER,2413,2,0,0,8,0,0
12616,242.01,PAYMENT,2702,1,0,0,9,0,0
12617,793.08,TRANSFER,2072,3,0,0,5,1,0
12618,260.02,PAYMENT,2803,4,1,0,7,1,0
12619,221.49,PAYMENT,115,1,0,0,21,0,0
12620,189.1,CASH_IN,2744,3,0,0,21,0,0
12621,91.52,CASH_OUT,2157,1,1,0,21,0,0
12622,144.24,PAYMENT,2649,2,1,0,13,0,0
12623,72.57,CASH_OUT,1874,2,0,0,7,0,0
12624,141.94,CASH_OUT,1601,5,1,0,1,0,0
12625,14.35,CASH_OUT,2880,3,0,0,6,0,0
12626,227.93,TRANSFER,830,4,0,0,23,1,0
12627,131.4,PAYMENT,1890,3,0,0,4,0,0
12628,106.04,CASH_OUT,1520,2,0,0,9,1,1
12629,184.89,PAYMENT,2952,1,0,1,12,0,0
12630,35.39,PAYMENT,2252,0,0,0,23,1,0
12631,1021.75,TRANSFER,895,1,0,0,8,0,0
12632,133.92,CASH_OUT,2941,2,0,0,14,0,0
12633,128.27,TRANSFER,1654,1,1,0,10,0,0
12634,56.52,PAYMENT,1112,4,1,0,21,1,1
12635,152.01,CASH_IN,1626,1,0,0,6,0,0
12636,594.05,CASH_IN,435,1,0,0,9,1,0
12637,418.18,TRANSFER,2564,2,0,1,16,0,0
12638,348.78,PAYMENT,2831,2,0,0,12,0,0
12639,256.31,CASH_OUT,312,3,0,0,6,0,0
12640,103.7,PAYMENT,766,2,0,0,6,0,0
12641,34.81,CASH_OUT,485,1,0,0,0,0,0
12642,121.38,CASH_OUT,251,2,0,0,14,0,1
12643,117.23,PAYMENT,2957,5,0,0,16,0,0
12644,423.6,PAYMENT,1580,2,0,0,9,1,0
12645,202.23,PAYMENT,1985,1,0,1,4,0,1
12646,744.2,CASH_OUT,745,3,1,0,18,0,0
12647,491.51,PAYMENT,1094,3,1,0,0,0,0
12648,94.02,TRANSFER,2760,5,0,0,6,0,0
12649,24.65,PAYMENT,809,2,0,1,1,0,1
12650,593.23,PAYMENT,737,2,0,0,2,0,1
12651,577.89,TRANSFER,2327,0,1,1,23,0,1
12652,37.86,TRANSFER,2784,3,0,0,19,0,0
12653,671.32,CASH_OUT,1283,2,0,0,7,0,0
12654,217.48,PAYMENT,1661,3,0,0,3,0,0
12655,174.28,PAYMENT,1783,2,0,0,4,0,0
12656,746.04,CASH_IN,2081,4,0,0,4,1,0
12657,569.46,CASH_OUT,478,3,1,0,9,0,0
12658,284.67,CASH_OUT,2964,7,0,0,15,0,0
12659,238.23,PAYMENT,540,3,1,0,10,0,0
12660,274.9,PAYMENT,2975,5,0,0,2,0,0
12661,99.48,TRANSFER,75,4,0,0,18,0,0
12662,140.46,CASH_IN,360,3,0,0,6,1,0
12663,60.2,CASH_IN,2203,3,0,0,11,0,1
12664,106.37,CASH_IN,1190,2,1,0,11,0,0
12665,102.86,PAYMENT,1701,1,0,0,10,0,0
12666,78.63,CASH_IN,1924,4,0,0,10,0,0
12667,170.16,CASH_IN,1884,2,0,0,6,0,0
12668,107.34,PAYMENT,1196,0,0,0,8,0,0
12669,245.24,TRANSFER,614,2,0,0,4,0,0
12670,29.3,TRANSFER,1479,2,0,0,8,0,0
12671,132.51,PAYMENT,2427,4,0,0,21,1,0
12672,169.28,TRANSFER,307,2,0,0,4,1,0
12673,108.78,CASH_IN,2407,3,0,0,7,0,0
12674,124.91,CASH_IN,1762,3,0,0,7,2,0
12675,30.41,DEBIT,1503,1,0,0,22,0,0
12676,211.98,TRANSFER,507,3,0,0,21,0,0
12677,283.61,TRANSFER,1629,2,0,1,21,2,0
12678,243.12,CASH_OUT,539,2,0,0,19,0,0
12679,419.36,TRANSFER,786,2,0,0,16,0,0
12680,181.55,PAYMENT,1868,1,0,0,11,0,0
12681,239.53,CASH_OUT,1400,3,0,0,13,1,0
12682,173.48,PAYMENT,60,3,1,0,7,1,0
12683,295.17,PAYMENT,2028,5,0,0,10,1,0
12684,30.65,PAYMENT,1430,0,0,0,19,0,0
12685,60.73,DEBIT,1091,4,0,1,2,1,0
12686,725.53,PAYMENT,580,2,0,0,2,2,0
12687,12.67,TRANSFER,705,6,0,0,8,0,0
12688,129.0,DEBIT,385,1,0,0,2,0,0
12689,479.28,TRANSFER,296,3,1,0,18,0,0
12690,135.2,PAYMENT,319,1,0,0,14,0,0
12691,98.99,TRANSFER,1073,2,0,0,20,0,1
12692,168.92,PAYMENT,2140,2,0,0,8,0,0
12693,104.26,PAYMENT,1866,4,0,0,7,0,0
12694,153.06,CASH_IN,1545,5,0,0,2,0,1
12695,74.93,PAYMENT,2247,3,0,1,8,1,1
12696,449.74,CASH_OUT,42,1,0,0,1,0,0
12697,616.01,TRANSFER,2726,5,0,0,16,0,0
12698,129.88,PAYMENT,418,4,0,0,22,0,0
12699,37.1,TRANSFER,1987,7,1,0,21,1,0
12700,87.9,PAYMENT,2813,2,1,0,6,1,1
12701,123.47,PAYMENT,1742,3,0,0,16,0,0
12702,246.05,TRANSFER,2434,6,0,0,11,0,0
12703,54.16,PAYMENT,1721,5,0,0,1,0,1
12704,68.77,CASH_OUT,662,5,0,0,4,0,1
12705,247.32,PAYMENT,1945,1,0,0,18,2,0
12706,379.52,TRANSFER,2275,2,0,0,5,1,0
12707,79.71,CASH_OUT,2234,5,0,0,6,1,0
12708,39.13,TRANSFER,1377,2,0,0,20,1,1
12709,3960.47,CASH_IN,1263,2,0,0,8,0,0
12710,324.83,CASH_OUT,1249,2,0,0,17,0,0
12711,113.64,DEBIT,2347,1,0,1,5,0,0
12712,353.91,PAYMENT,91,5,0,0,6,0,0
12713,131.05,DEBIT,527,2,0,0,13,0,0
12714,353.24,CASH_OUT,767,1,0,0,5,0,0
12715,174.06,CASH_OUT,2194,6,1,0,12,0,0
12716,162.6,DEBIT,944,5,0,0,22,1,1
12717,132.48,TRANSFER,1466,4,0,0,18,0,0
12718,34.9,CASH_IN,2795,2,0,0,14,0,0
12719,1030.8,TRANSFER,897,2,1,0,6,0,1
12720,57.89,TRANSFER,2378,2,0,0,11,0,0
12721,38.09,TRANSFER,2404,2,0,0,10,0,1
12722,119.96,PAYMENT,1593,5,0,0,15,0,1
12723,56.74,TRANSFER,1368,4,0,0,7,0,0
12724,140.93,DEBIT,979,4,0,0,23,0,0
12725,295.23,CASH_OUT,2810,2,0,0,10,0,0
12726,401.54,CASH_OUT,551,6,0,0,10,0,0
12727,335.2,CASH_OUT,1856,3,0,1,15,0,0
12728,109.33,PAYMENT,1057,4,0,0,7,0,0
12729,155.96,PAYMENT,2258,3,0,0,5,1,0
12730,223.16,PAYMENT,1138,2,1,1,23,0,0
12731,25.59,PAYMENT,2563,4,0,0,15,0,1
12732,262.59,CASH_OUT,2609,3,0,1,0,0,1
12733,34.56,CASH_IN,1252,4,0,0,16,0,0
12734,1141.78,PAYMENT,2788,3,0,0,22,0,0
12735,99.04,PAYMENT,125,4,0,0,17,0,0
12736,123.36,PAYMENT,819,3,0,0,23,0,0
12737,68.74,PAYMENT,118,3,0,0,10,2,0
12738,79.05,TRANSFER,1711,6,1,0,2,0,0
12739,1442.44,PAYMENT,553,5,0,0,3,0,1
12740,380.08,PAYMENT,2105,4,1,0,0,0,0
12741,31.53,DEBIT,2352,2,1,0,2,0,1
12742,667.95,PAYMENT,2632,8,0,0,12,0,0
12743,489.43,CASH_OUT,494,2,0,0,13,0,0
12744,112.03,CASH_OUT,128,1,1,0,19,0,0
12745,201.68,PAYMENT,684,7,0,0,17,0,0
12746,146.21,CASH_IN,482,4,0,0,17,2,0
12747,1066.97,TRANSFER,321,4,0,0,17,1,0
12748,66.93,PAYMENT,1662,2,0,1,4,0,1
12749,171.74,PAYMENT,2048,3,0,1,16,0,0
12750,96.72,CASH_OUT,1863,4,0,0,4,0,1
12751,35.41,TRANSFER,1947,4,0,0,17,1,0
12752,1328.28,TRANSFER,330,3,0,0,2,0,1
12753,45.53,PAYMENT,2251,4,0,0,23,1,0
12754,184.96,PAYMENT,1239,3,0,0,16,0,0
12755,26.03,CASH_OUT,59,1,0,1,18,0,0
12756,99.58,CASH_IN,280,4,0,0,7,0,0
12757,226.32,TRANSFER,2698,3,0,0,15,1,0
12758,65.06,PAYMENT,1493,7,1,0,11,0,0
12759,266.88,DEBIT,373,5,0,0,20,0,0
12760,113.4,CASH_OUT,2423,3,1,0,0,0,0
12761,473.47,CASH_OUT,1715,2,1,1,5,0,1
12762,579.27,PAYMENT,1547,7,0,0,3,0,0
12763,82.54,TRANSFER,1150,1,0,1,23,0,0
12764,160.25,CASH_IN,2613,1,0,0,11,1,0
12765,178.3,PAYMENT,1378,1,1,0,3,0,1
12766,275.71,CASH_OUT,2421,3,0,0,13,0,0
12767,150.56,CASH_OUT,896,2,0,0,0,0,1
12768,179.51,PAYMENT,115,2,0,0,11,0,0
12769,116.35,CASH_OUT,1214,5,0,0,0,0,0
12770,166.54,PAYMENT,1070,1,0,0,4,1,0
12771,543.45,CASH_OUT,2321,2,0,0,21,0,0
12772,283.18,DEBIT,2011,3,0,0,22,1,0
12773,299.24,DEBIT,809,2,0,0,7,0,0
12774,305.84,CASH_IN,1851,3,0,0,3,0,0
12775,127.25,TRANSFER,1962,2,0,0,1,1,0
12776,204.14,CASH_OUT,2083,5,0,0,14,0,0
12777,50.14,CASH_OUT,410,7,0,0,17,1,0
12778,527.85,PAYMENT,808,3,0,0,8,0,0
12779,9.18,PAYMENT,153,0,0,1,12,1,1
12780,136.03,TRANSFER,1113,2,0,0,12,0,0
12781,464.47,PAYMENT,530,5,0,0,20,0,0
12782,37.94,DEBIT,2087,4,0,0,18,0,0
12783,221.36,TRANSFER,1000,6,0,0,0,0,0
12784,75.13,PAYMENT,2673,7,0,1,3,0,1
12785,102.64,PAYMENT,1479,2,1,0,11,0,0
12786,382.2,CASH_IN,1737,4,0,0,19,0,0
12787,180.92,DEBIT,486,1,1,0,21,1,1
12788,19.41,PAYMENT,641,3,1,0,0,0,0
12789,55.9,CASH_OUT,1836,4,0,0,15,0,0
12790,393.6,TRANSFER,756,4,0,0,16,0,0
12791,232.51,TRANSFER,2674,2,0,1,13,0,0
12792,852.47,CASH_OUT,1604,5,0,0,7,0,0
12793,798.43,PAYMENT,1558,4,0,0,0,1,0
12794,105.4,TRANSFER,316,4,0,0,19,0,0
12795,1813.91,PAYMENT,236,5,0,0,16,1,0
12796,152.09,PAYMENT,1977,4,0,0,5,0,0
12797,56.67,PAYMENT,579,4,0,0,21,0,0
12798,78.76,PAYMENT,2769,3,0,0,23,0,0
12799,15.54,CASH_OUT,2988,1,1,0,17,0,0
12800,740.27,PAYMENT,2031,6,0,0,20,0,0
12801,731.25,TRANSFER,743,3,0,0,10,1,0
12802,53.76,TRANSFER,911,2,0,0,4,0,0
12803,118.17,DEBIT,2677,3,1,0,0,0,0
12804,163.3,CASH_OUT,272,3,0,0,21,0,1
12805,56.81,DEBIT,689,5,0,1,3,0,0
12806,25.66,PAYMENT,1026,6,1,0,16,0,0
12807,120.26,CASH_OUT,1000,4,1,0,13,0,1
12808,107.65,PAYMENT,1570,3,0,0,19,2,0
12809,100.64,CASH_OUT,680,2,0,0,9,0,0
12810,185.44,PAYMENT,2963,4,0,0,20,0,0
12811,619.88,CASH_OUT,2180,1,0,0,20,0,0
12812,109.61,PAYMENT,1912,2,0,0,15,1,0
12813,175.99,PAYMENT,2847,1,0,0,9,1,0
12814,307.01,CASH_OUT,1299,4,0,0,20,0,0
12815,258.31,DEBIT,2225,3,0,0,9,0,0
12816,80.28,PAYMENT,848,9,0,0,13,0,0
12817,163.43,DEBIT,699,1,0,0,12,0,0
12818,256.61,PAYMENT,1229,3,1,0,20,0,1
12819,48.02,CASH_OUT,798,4,0,1,11,1,0
12820,525.07,DEBIT,448,2,0,0,22,0,0
12821,621.16,PAYMENT,1975,0,0,1,0,0,0
12822,72.04,TRANSFER,2854,1,0,0,17,0,0
12823,180.13,PAYMENT,562,1,0,0,16,0,0
12824,282.1,PAYMENT,937,3,0,0,3,1,0
12825,86.0,CASH_OUT,257,2,0,0,5,0,0
12826,240.23,CASH_OUT,1090,2,0,0,8,1,0
12827,174.73,DEBIT,1656,5,0,1,20,0,0
12828,34.2,PAYMENT,1380,4,0,0,3,0,0
12829,234.9,TRANSFER,207,3,0,0,19,0,0
12830,49.4,TRANSFER,2043,5,0,1,18,0,0
12831,379.63,DEBIT,497,1,0,1,8,1,0
12832,75.85,PAYMENT,651,3,0,0,3,0,0
12833,126.31,DEBIT,1925,3,0,0,18,1,0
12834,585.39,TRANSFER,2233,3,1,0,8,1,0
12835,243.81,CASH_OUT,2337,2,0,0,22,0,0
12836,50.43,PAYMENT,2473,2,0,0,14,0,0
12837,53.79,CASH_IN,1632,4,0,0,13,0,0
12838,81.51,TRANSFER,2337,4,0,0,21,0,0
12839,220.22,CASH_OUT,300,3,0,0,18,0,0
12840,212.36,CASH_OUT,441,6,1,0,22,0,0
12841,63.87,PAYMENT,422,2,0,0,20,0,0
12842,46.19,PAYMENT,2272,3,1,0,3,0,0
12843,196.68,CASH_IN,2444,4,1,0,10,0,0
12844,123.73,PAYMENT,923,6,0,1,10,1,1
12845,1283.33,CASH_IN,623,3,0,1,0,0,0
12846,153.95,CASH_OUT,2639,1,0,0,13,0,0
12847,910.74,PAYMENT,1131,3,0,0,1,0,0
12848,46.04,TRANSFER,2614,3,0,0,19,1,0
12849,30.78,CASH_OUT,1860,6,0,0,0,0,1
12850,48.42,CASH_OUT,2649,1,0,1,12,0,0
12851,487.42,CASH_IN,337,3,0,0,4,1,0
12852,859.29,PAYMENT,611,5,0,0,3,0,0
12853,67.89,DEBIT,2743,0,0,1,8,1,0
12854,93.64,TRANSFER,589,4,0,0,0,0,0
12855,46.11,CASH_IN,2643,3,0,0,1,0,0
12856,24.25,PAYMENT,1936,3,0,0,9,0,0
12857,304.42,PAYMENT,1425,2,0,0,4,1,1
12858,185.49,TRANSFER,1167,0,0,0,11,0,0
12859,149.98,PAYMENT,306,5,0,0,23,0,0
12860,36.6,DEBIT,491,2,0,0,13,1,0
12861,765.06,PAYMENT,2699,8,0,1,18,0,0
12862,89.72,PAYMENT,2068,1,0,0,15,1,0
12863,253.06,PAYMENT,2062,2,0,0,14,0,0
12864,34.65,PAYMENT,2092,6,0,0,19,1,0
12865,122.67,TRANSFER,71,5,1,0,19,0,0
12866,198.62,TRANSFER,49,4,0,1,5,0,0
12867,205.84,PAYMENT,1069,3,0,0,5,1,1
12868,173.23,PAYMENT,676,3,0,0,13,1,0
12869,243.36,PAYMENT,636,3,0,0,15,0,0
12870,47.92,PAYMENT,2170,1,1,0,2,0,0
12871,180.8,CASH_OUT,2158,0,0,0,3,0,1
12872,166.29,CASH_OUT,1967,2,1,0,14,0,0
12873,187.11,CASH_OUT,1916,3,0,0,11,1,0
12874,159.55,DEBIT,1551,6,0,0,8,0,0
12875,41.55,CASH_IN,687,3,0,0,9,0,1
12876,39.73,TRANSFER,2572,3,1,0,2,1,1
12877,16.21,TRANSFER,2103,3,0,0,21,1,0
12878,336.14,DEBIT,1762,4,0,1,0,0,0
12879,339.56,CASH_OUT,2733,4,0,0,15,0,0
12880,345.0,PAYMENT,2012,2,1,0,4,0,0
12881,201.7,TRANSFER,485,3,0,0,9,0,0
12882,17.58,DEBIT,1130,1,0,0,4,2,1
12883,53.16,CASH_IN,343,3,0,0,21,0,0
12884,175.99,PAYMENT,381,6,1,1,21,0,0
12885,169.95,DEBIT,2067,6,0,0,18,0,0
12886,118.78,DEBIT,952,1,0,0,3,0,0
12887,214.63,PAYMENT,1254,1,0,0,23,0,0
12888,150.15,CASH_IN,2380,5,0,0,10,1,0
12889,167.46,CASH_IN,356,2,1,0,7,0,0
12890,78.33,PAYMENT,152,2,0,0,1,0,0
12891,396.24,CASH_OUT,2255,2,0,0,9,1,0
12892,96.47,PAYMENT,1355,1,0,0,9,1,0
12893,39.23,CASH_OUT,1061,1,0,0,10,0,0
12894,68.65,DEBIT,31,1,0,0,12,1,1
12895,104.75,TRANSFER,1199,2,1,0,12,0,0
12896,401.02,TRANSFER,2625,8,0,0,21,1,1
12897,142.27,DEBIT,1653,7,0,0,0,0,0
12898,123.21,DEBIT,2708,2,0,0,7,1,0
12899,42.58,PAYMENT,2559,5,0,0,4,0,0
12900,325.54,DEBIT,1095,6,0,0,14,0,0
12901,77.33,PAYMENT,1411,1,0,0,7,2,1
12902,134.29,PAYMENT,1704,2,0,0,20,0,0
12903,652.09,CASH_OUT,2648,3,0,0,8,0,1
12904,246.85,CASH_OUT,2769,2,1,0,17,0,0
12905,29.13,CASH_OUT,1767,5,0,0,12,1,0
12906,25.29,PAYMENT,2298,1,0,0,0,0,0
12907,139.17,PAYMENT,2126,6,0,0,9,0,0
12908,44.14,DEBIT,981,6,0,0,6,0,0
12909,283.88,PAYMENT,389,3,0,0,19,1,0
12910,154.82,PAYMENT,781,4,0,0,23,0,0
12911,175.1,CASH_IN,669,4,0,0,11,0,0
12912,73.2,CASH_OUT,1895,8,0,0,10,0,0
12913,846.73,PAYMENT,2170,2,0,0,23,0,0
12914,2546.8,PAYMENT,2768,3,0,0,10,0,0
12915,112.33,CASH_IN,1537,2,0,0,12,1,0
12916,211.25,DEBIT,2616,3,0,0,9,2,0
12917,163.6,PAYMENT,2716,4,0,0,12,0,0
12918,114.47,TRANSFER,127,3,0,0,0,0,1
12919,64.58,PAYMENT,1361,4,0,0,7,1,0
12920,50.15,CASH_IN,447,0,0,1,22,1,1
12921,47.67,PAYMENT,1981,3,0,0,22,0,0
12922,222.57,CASH_OUT,329,2,0,0,23,0,0
12923,88.26,TRANSFER,1953,2,0,0,12,1,0
12924,11.27,TRANSFER,589,0,0,0,20,0,0
12925,231.56,CASH_IN,813,5,1,0,16,0,0
12926,142.84,TRANSFER,2892,0,0,0,9,0,0
12927,570.59,CASH_IN,2187,2,0,0,2,0,1
12928,215.53,PAYMENT,1896,6,0,0,13,0,0
12929,33.83,PAYMENT,556,2,0,0,0,1,0
12930,15.96,TRANSFER,2581,2,0,0,2,0,0
12931,72.28,TRANSFER,1155,4,1,1,8,0,0
12932,79.43,TRANSFER,2683,5,0,0,7,1,1
12933,381.14,CASH_IN,1237,2,0,0,0,1,1
12934,147.1,TRANSFER,248,3,0,0,3,0,0
12935,461.13,CASH_IN,2206,3,1,0,23,1,0
12936,39.46,TRANSFER,1718,2,0,0,15,1,1
12937,389.66,PAYMENT,633,3,0,0,20,0,0
12938,305.21,PAYMENT,584,3,0,0,10,0,0
12939,19.72,CASH_IN,2859,4,0,0,21,0,0
12940,557.03,PAYMENT,511,1,0,0,7,0,0
12941,162.95,PAYMENT,2325,3,0,0,19,1,1
12942,219.65,PAYMENT,973,4,0,0,0,0,0
12943,62.5,TRANSFER,1121,3,0,0,22,1,0
12944,531.26,TRANSFER,1773,2,0,0,15,1,0
12945,45.34,PAYMENT,1770,5,1,0,5,0,0
12946,341.07,TRANSFER,1710,3,0,0,7,0,0
12947,337.18,PAYMENT,121,1,0,0,5,0,0
12948,56.03,CASH_OUT,1703,6,0,0,3,0,0
12949,1078.55,CASH_IN,1548,2,0,0,17,0,0
12950,187.08,CASH_OUT,2606,5,0,0,11,0,0
12951,285.4,TRANSFER,1445,2,0,0,5,1,1
12952,32.23,PAYMENT,543,4,0,0,19,0,0
12953,1233.65,CASH_IN,469,4,0,0,7,2,0
12954,43.62,PAYMENT,1815,3,0,0,7,0,0
12955,413.59,PAYMENT,862,3,0,0,7,0,0
12956,54.88,DEBIT,468,3,0,0,22,1,0
12957,79.92,DEBIT,2708,6,0,0,14,0,0
12958,326.61,CASH_IN,1250,1,0,0,0,0,0
12959,414.7,DEBIT,1408,8,0,0,22,0,0
12960,41.63,CASH_IN,1160,2,0,0,17,1,1
12961,441.63,CASH_OUT,658,5,0,0,2,0,1
12962,421.99,PAYMENT,171,4,0,0,12,1,1
12963,58.09,DEBIT,1895,5,0,0,1,1,0
12964,734.1,CASH_IN,1587,2,0,0,16,0,0
12965,34.58,PAYMENT,734,3,0,0,8,0,0
12966,79.46,TRANSFER,953,6,0,0,22,0,0
12967,239.61,PAYMENT,1395,5,0,0,12,0,0
12968,63.21,DEBIT,2365,4,0,0,21,0,0
12969,193.22,TRANSFER,2344,2,1,0,20,0,0
12970,188.87,PAYMENT,1975,1,0,0,2,0,1
12971,123.09,PAYMENT,1585,0,0,0,14,0,0
12972,341.18,DEBIT,1905,2,1,0,4,0,0
12973,118.11,CASH_OUT,2302,1,1,0,12,0,0
12974,187.08,TRANSFER,994,3,0,0,14,0,0
12975,467.07,TRANSFER,2246,3,0,0,19,0,1
12976,327.24,PAYMENT,352,3,0,0,18,0,0
12977,325.71,PAYMENT,1753,2,0,0,8,1,1
12978,47.03,TRANSFER,2047,3,0,0,16,0,1
12979,250.83,TRANSFER,124,5,1,0,17,2,1
12980,61.65,PAYMENT,391,4,0,0,9,0,0
12981,41.21,TRANSFER,1659,6,0,0,5,0,0
12982,138.14,PAYMENT,1619,0,0,0,0,0,0
12983,60.08,DEBIT,1834,3,0,0,23,1,0
12984,327.22,PAYMENT,1854,2,0,0,6,0,0
12985,335.14,PAYMENT,699,6,0,0,16,0,0
12986,22.14,PAYMENT,2588,1,0,0,1,0,0
12987,64.83,PAYMENT,2344,3,0,0,8,0,0
12988,34.47,PAYMENT,1842,1,0,0,3,3,0
12989,93.44,TRANSFER,829,2,0,0,11,1,0
12990,233.97,CASH_OUT,162,1,0,0,20,0,0
12991,116.48,PAYMENT,2426,5,0,0,12,0,0
12992,82.29,TRANSFER,576,4,0,0,22,0,0
12993,544.67,DEBIT,792,1,0,0,19,0,0
12994,14.81,PAYMENT,1612,1,0,0,10,0,0
12995,511.26,CASH_OUT,2345,1,0,0,3,1,1
12996,86.12,PAYMENT,1858,6,0,0,0,1,0
12997,137.26,PAYMENT,1035,0,0,0,2,0,0
12998,87.59,TRANSFER,1097,2,1,0,21,1,0
12999,694.29,PAYMENT,1331,6,0,0,10,0,0
13000,43.34,DEBIT,1192,0,0,0,5,1,0
13001,150.17,PAYMENT,1908,2,0,0,23,0,0
13002,251.5,TRANSFER,1364,2,0,1,22,0,0
13003,29.64,CASH_OUT,295,5,0,0,18,0,0
13004,59.15,PAYMENT,2247,5,0,0,7,0,0
13005,127.97,CASH_OUT,1269,1,0,0,10,1,0
13006,61.15,TRANSFER,146,1,1,0,3,0,0
13007,65.65,CASH_OUT,2004,3,0,0,7,1,0
13008,104.6,CASH_IN,2511,3,0,0,5,0,0
13009,284.17,PAYMENT,1469,5,0,0,0,0,0
13010,105.35,TRANSFER,117,2,1,0,3,2,1
13011,436.34,PAYMENT,263,3,0,0,14,0,0
13012,54.72,PAYMENT,638,5,0,1,4,0,1
13013,42.44,PAYMENT,559,3,0,0,22,1,0
13014,1018.76,DEBIT,1906,6,0,0,21,0,0
13015,76.86,TRANSFER,1688,1,0,0,5,1,1
13016,40.01,PAYMENT,267,3,0,0,14,0,0
13017,26.0,PAYMENT,2441,6,0,0,14,2,0
13018,434.89,PAYMENT,438,4,0,1,20,1,0
13019,105.5,PAYMENT,1340,2,0,0,22,0,0
13020,115.16,PAYMENT,1032,2,0,0,23,0,1
13021,126.57,PAYMENT,2033,0,0,0,1,1,0
13022,408.68,PAYMENT,247,2,0,0,17,0,0
13023,124.02,CASH_OUT,2480,3,1,0,7,1,1
13024,1546.97,DEBIT,2422,0,1,0,2,0,0
13025,169.65,TRANSFER,2561,4,0,0,18,0,0
13026,429.14,CASH_IN,142,4,0,0,12,0,1
13027,332.03,PAYMENT,1071,1,0,0,4,0,1
13028,143.1,CASH_OUT,2296,3,0,0,22,1,0
13029,82.52,PAYMENT,190,3,0,0,5,0,0
13030,206.84,CASH_IN,1123,3,0,0,13,0,0
13031,247.18,CASH_IN,1060,4,0,0,3,1,0
13032,83.71,CASH_OUT,1054,0,0,0,20,0,0
13033,175.27,CASH_IN,2176,2,0,1,0,0,0
13034,510.92,TRANSFER,2676,5,0,0,13,0,0
13035,1176.09,PAYMENT,1645,4,0,0,13,1,1
13036,348.75,CASH_OUT,344,3,0,0,4,0,0
13037,956.0,TRANSFER,1087,2,0,0,13,0,0
13038,79.09,PAYMENT,255,1,0,0,0,0,0
13039,299.43,TRANSFER,508,2,0,0,9,1,0
13040,565.96,CASH_OUT,2568,4,0,0,6,1,0
13041,60.56,PAYMENT,252,2,0,0,8,1,0
13042,91.32,CASH_OUT,1745,3,0,0,6,0,1
13043,843.79,CASH_OUT,1960,3,0,0,17,1,0
13044,55.97,PAYMENT,549,3,0,0,18,0,0
13045,38.82,TRANSFER,2320,3,0,0,1,0,0
13046,684.02,DEBIT,117,7,1,0,17,0,0
13047,491.16,CASH_IN,1012,2,0,0,0,0,0
13048,228.63,TRANSFER,509,4,0,0,23,1,0
13049,141.78,PAYMENT,338,5,0,0,7,0,0
13050,95.72,PAYMENT,2732,5,0,1,16,1,0
13051,196.75,PAYMENT,569,4,0,0,9,0,0
13052,720.4,PAYMENT,1521,3,0,0,13,0,0
13053,188.4,DEBIT,119,5,0,0,21,0,0
13054,1295.9,DEBIT,1039,3,0,0,17,1,1
13055,60.46,CASH_IN,2390,3,0,0,1,0,0
13056,145.52,PAYMENT,209,3,0,1,14,0,1
13057,102.2,PAYMENT,578,3,1,0,19,0,0
13058,50.14,TRANSFER,31,2,0,0,9,1,0
13059,127.35,CASH_OUT,1087,5,0,0,23,0,0
13060,225.28,TRANSFER,1367,2,1,0,9,0,1
13061,250.69,CASH_OUT,2303,2,1,0,9,0,0
13062,1300.43,CASH_OUT,393,3,1,0,17,0,1
13063,236.15,CASH_OUT,2962,4,1,1,6,1,1
13064,468.78,TRANSFER,1560,3,0,0,15,0,0
13065,158.55,CASH_OUT,979,5,1,1,4,0,1
13066,794.77,PAYMENT,145,1,0,0,14,1,0
13067,1633.45,CASH_OUT,2191,4,0,1,20,0,0
13068,252.42,PAYMENT,1595,5,0,0,18,0,0
13069,55.0,PAYMENT,624,7,0,0,16,0,0
13070,85.73,PAYMENT,2556,5,0,0,8,0,0
13071,196.75,PAYMENT,2797,2,0,0,15,0,0
13072,234.28,DEBIT,2184,5,0,0,22,1,0
13073,298.4,TRANSFER,2392,1,0,0,8,1,0
13074,235.14,DEBIT,1941,1,0,0,3,1,0
13075,149.45,PAYMENT,1205,3,0,0,14,0,0
13076,78.56,PAYMENT,1964,4,0,1,17,2,0
13077,221.66,TRANSFER,2152,1,0,0,8,0,0
13078,948.6,PAYMENT,2759,4,0,0,0,0,0
13079,411.55,CASH_OUT,216,2,0,0,18,0,0
13080,253.33,TRANSFER,2416,4,0,0,4,0,0
13081,415.54,CASH_IN,1876,3,0,0,3,0,0
13082,102.41,TRANSFER,1442,1,0,0,21,1,0
13083,89.28,TRANSFER,854,2,0,0,3,1,1
13084,70.26,PAYMENT,82,2,0,0,14,0,0
13085,130.94,CASH_OUT,286,5,0,0,6,1,0
13086,97.32,CASH_OUT,1625,1,0,0,10,0,0
13087,496.84,PAYMENT,2123,2,0,0,17,0,0
13088,92.27,PAYMENT,44,0,0,0,11,0,0
13089,66.51,CASH_OUT,2926,1,0,1,23,0,1
13090,1035.44,DEBIT,2705,3,0,1,23,0,0
13091,94.5,PAYMENT,41,2,0,0,2,0,0
13092,173.04,CASH_OUT,2078,6,0,0,22,0,0
13093,233.07,TRANSFER,2154,3,0,0,5,0,0
13094,47.62,TRANSFER,571,6,0,1,8,2,0
13095,510.55,DEBIT,1025,2,0,0,15,0,0
13096,280.65,CASH_OUT,2979,5,1,0,4,0,0
13097,705.13,CASH_IN,2918,3,1,0,20,0,0
13098,75.25,TRANSFER,79,3,1,0,4,1,1
13099,163.88,PAYMENT,1695,4,0,0,8,2,1
13100,154.37,CASH_OUT,1059,2,0,0,16,0,0
13101,193.23,DEBIT,2152,3,1,0,22,0,0
13102,34.65,CASH_IN,375,3,0,0,21,0,0
13103,165.81,PAYMENT,2410,5,0,0,7,0,0
13104,35.64,PAYMENT,2755,0,0,0,16,0,0
13105,212.37,TRANSFER,2921,2,0,0,13,1,1
13106,17.66,TRANSFER,2928,3,0,0,3,0,1
13107,23.3,PAYMENT,2345,2,0,0,5,1,0
13108,336.48,PAYMENT,1533,3,0,0,16,0,0
13109,85.9,CASH_OUT,1361,5,0,0,0,0,0
13110,55.27,CASH_OUT,1770,0,0,1,17,0,0
13111,528.92,CASH_IN,2833,1,0,0,18,0,0
13112,205.95,DEBIT,2676,0,0,0,20,1,0
13113,354.99,PAYMENT,641,6,0,0,6,0,0
13114,125.68,CASH_IN,2775,1,0,0,9,0,0
13115,2163.82,CASH_OUT,1275,5,0,0,15,1,1
13116,81.08,DEBIT,2355,4,0,0,18,0,0
13117,849.37,PAYMENT,714,1,0,0,9,0,0
13118,139.58,PAYMENT,2395,4,1,0,2,0,0
13119,28.37,CASH_OUT,2982,5,1,0,2,1,1
13120,240.53,DEBIT,172,4,0,0,11,0,0
13121,203.32,CASH_IN,1979,2,0,0,18,0,0
13122,51.87,CASH_OUT,183,4,1,0,18,0,0
13123,59.01,PAYMENT,407,2,0,0,20,0,0
13124,144.79,CASH_OUT,1660,8,1,0,18,3,0
13125,210.56,CASH_IN,2838,4,0,1,10,0,1
13126,12.55,CASH_OUT,563,1,1,0,2,0,0
13127,425.44,CASH_OUT,2714,5,0,0,15,0,1
13128,90.51,PAYMENT,2903,5,0,0,22,1,0
13129,39.18,CASH_OUT,2058,2,1,0,5,1,1
13130,380.34,TRANSFER,722,3,1,1,0,0,1
13131,144.95,DEBIT,1920,2,0,0,7,0,0
13132,500.78,CASH_OUT,816,5,1,1,13,1,1
13133,229.97,CASH_OUT,2239,2,0,0,4,1,1
13134,148.19,DEBIT,495,6,1,0,22,0,0
13135,127.39,PAYMENT,2355,5,0,0,12,2,0
13136,240.5,PAYMENT,2549,2,0,0,14,0,0
13137,98.15,CASH_OUT,170,2,0,0,22,0,0
13138,63.27,PAYMENT,1757,3,1,1,22,1,0
13139,273.12,PAYMENT,2021,1,0,0,13,0,0
13140,128.45,CASH_IN,839,4,0,0,21,0,0
13141,153.48,TRANSFER,1300,1,0,0,21,0,0
13142,441.15,PAYMENT,2911,2,0,0,3,0,0
13143,132.44,PAYMENT,732,4,0,0,23,0,0
13144,150.66,PAYMENT,199,3,1,1,5,0,0
13145,81.48,TRANSFER,2296,0,0,0,14,0,0
13146,228.32,PAYMENT,2111,3,0,0,21,0,0
13147,210.57,CASH_IN,2362,4,0,0,13,0,0
13148,365.32,TRANSFER,1463,4,0,0,5,1,1
13149,83.17,PAYMENT,1460,3,0,0,16,1,0
13150,93.9,PAYMENT,1089,7,0,0,23,1,0
13151,327.71,CASH_OUT,294,2,0,0,5,0,0
13152,190.99,PAYMENT,882,3,0,1,16,0,0
13153,59.97,TRANSFER,1793,4,0,0,4,0,0
13154,548.15,DEBIT,36,3,0,0,12,0,0
13155,27.15,PAYMENT,52,3,0,0,1,0,1
13156,325.15,PAYMENT,1469,3,0,0,19,0,0
13157,41.88,CASH_IN,2612,5,0,0,17,1,1
13158,978.27,PAYMENT,2146,2,1,0,0,1,0
13159,31.67,PAYMENT,42,7,0,0,14,0,0
13160,469.77,PAYMENT,1813,3,0,0,6,0,0
13161,136.78,DEBIT,2335,3,0,0,20,0,0
13162,102.86,DEBIT,2797,2,0,0,21,1,0
13163,178.64,PAYMENT,977,1,0,0,22,0,0
13164,279.19,TRANSFER,1875,0,0,0,13,0,0
13165,60.08,PAYMENT,1081,6,1,0,17,1,0
13166,65.64,CASH_OUT,2722,2,0,0,22,1,0
13167,284.18,PAYMENT,1897,2,0,0,10,1,0
13168,26.91,PAYMENT,443,4,0,0,4,0,0
13169,82.75,CASH_IN,1840,3,0,0,5,0,0
13170,3104.75,PAYMENT,1157,3,0,0,11,0,1
13171,56.37,PAYMENT,2742,0,0,0,7,1,0
13172,467.69,CASH_IN,2813,0,0,0,3,1,0
13173,82.6,CASH_OUT,469,2,0,0,16,0,0
13174,246.92,CASH_OUT,1836,1,0,0,8,0,0
13175,285.53,DEBIT,138,3,0,1,21,0,0
13176,458.96,TRANSFER,2507,5,1,0,16,2,0
13177,121.48,PAYMENT,1474,3,1,0,20,0,0
13178,1084.51,PAYMENT,2423,1,0,0,15,0,0
13179,82.32,PAYMENT,410,3,0,0,18,0,1
13180,187.58,PAYMENT,1557,5,0,0,18,1,1
13181,189.67,TRANSFER,1625,4,0,0,19,0,0
13182,48.33,PAYMENT,2651,2,0,0,2,1,0
13183,111.51,TRANSFER,1596,1,1,0,15,0,0
13184,174.43,PAYMENT,2852,3,0,0,16,1,0
13185,96.34,PAYMENT,2235,1,0,0,18,0,0
13186,1704.32,CASH_OUT,1412,2,0,0,4,0,0
13187,64.16,PAYMENT,652,2,0,0,22,1,0
13188,482.71,PAYMENT,579,1,0,0,23,0,0
13189,349.48,DEBIT,2801,4,1,0,17,0,0
13190,146.37,CASH_OUT,1456,2,0,0,22,0,0
13191,62.48,TRANSFER,2726,4,0,0,6,0,0
13192,68.84,TRANSFER,1981,3,0,0,7,0,0
13193,88.41,CASH_OUT,2747,2,0,0,22,0,1
13194,24.88,PAYMENT,163,1,0,0,19,0,0
13195,54.41,PAYMENT,730,5,0,0,15,0,0
13196,33.7,CASH_OUT,1730,1,0,0,13,0,0
13197,570.14,PAYMENT,2668,6,0,0,13,1,0
13198,275.47,PAYMENT,1305,4,1,1,1,1,1
13199,325.7,PAYMENT,2020,3,0,0,15,0,0
13200,267.42,PAYMENT,235,4,0,0,23,0,1
13201,175.38,DEBIT,2225,4,0,0,10,0,0
13202,639.5,PAYMENT,537,3,0,1,8,2,0
13203,80.58,PAYMENT,559,2,0,0,15,0,0
13204,165.12,CASH_OUT,2268,3,1,0,16,0,0
13205,313.27,TRANSFER,2010,2,0,0,20,0,0
13206,39.6,TRANSFER,435,1,0,0,12,1,0
13207,3283.25,TRANSFER,117,2,0,1,16,0,1
13208,152.71,TRANSFER,636,2,0,0,1,0,0
13209,171.06,CASH_OUT,1486,0,0,0,20,1,0
13210,521.59,PAYMENT,303,1,1,0,21,1,1
13211,370.54,PAYMENT,90,4,0,0,4,0,0
13212,154.17,DEBIT,111,5,0,0,20,0,0
13213,169.04,PAYMENT,1131,3,0,0,15,0,0
13214,32.98,PAYMENT,1374,4,1,1,7,1,1
13215,85.08,PAYMENT,2961,2,0,0,18,0,0
13216,248.94,PAYMENT,565,5,1,0,18,1,0
13217,231.34,PAYMENT,2749,2,1,0,20,0,0
13218,503.29,PAYMENT,1319,5,0,0,0,0,0
13219,131.56,PAYMENT,928,1,0,0,12,0,0
13220,37.07,PAYMENT,137,1,0,0,3,0,0
13221,426.98,PAYMENT,1634,4,0,0,4,0,0
13222,623.96,CASH_OUT,1051,2,1,0,19,1,1
13223,364.4,CASH_OUT,2473,4,0,0,9,0,0
13224,126.01,TRANSFER,1910,1,0,1,13,0,1
13225,421.74,DEBIT,558,3,0,0,2,0,0
13226,4577.51,CASH_OUT,2411,4,0,0,2,1,1
13227,166.53,CASH_OUT,2304,4,0,0,15,0,0
13228,39.98,PAYMENT,1245,0,0,0,12,0,0
13229,82.58,CASH_IN,350,4,0,0,23,0,0
13230,277.4,DEBIT,371,4,0,0,13,1,0
13231,29.82,PAYMENT,1081,5,0,0,20,0,0
13232,175.81,CASH_OUT,2095,3,0,0,22,0,0
13233,217.1,CASH_OUT,662,5,0,0,1,0,0
13234,688.92,PAYMENT,2570,2,1,0,7,0,0
13235,550.15,TRANSFER,2889,3,0,0,16,0,0
13236,352.34,PAYMENT,1568,4,0,0,14,0,0
13237,17.07,PAYMENT,2347,4,0,0,20,0,0
13238,372.8,PAYMENT,1028,0,0,0,16,1,1
13239,300.52,TRANSFER,2212,3,0,1,10,0,0
13240,191.7,CASH_OUT,2589,4,0,0,14,0,0
13241,26.31,DEBIT,2478,4,0,0,5,2,0
13242,68.25,TRANSFER,1548,3,0,0,14,0,0
13243,46.21,PAYMENT,1136,4,0,0,3,1,0
13244,19.79,PAYMENT,1772,2,1,0,8,0,0
13245,147.98,CASH_IN,1732,2,0,0,19,0,0
13246,66.83,TRANSFER,674,6,0,0,12,1,0
13247,2049.41,CASH_OUT,108,0,0,0,4,2,1
13248,125.36,PAYMENT,1361,2,0,0,12,1,0
13249,541.18,TRANSFER,2698,5,0,0,12,0,0
13250,30.9,PAYMENT,1079,1,0,0,3,1,0
13251,87.35,PAYMENT,2244,8,1,0,11,0,0
13252,163.51,CASH_OUT,714,3,0,0,17,0,0
13253,59.85,TRANSFER,2922,2,0,0,9,0,0
13254,97.3,PAYMENT,1596,4,0,0,7,1,0
13255,119.35,CASH_IN,490,0,0,0,17,0,0
13256,117.46,TRANSFER,1093,1,0,0,21,0,0
13257,948.72,PAYMENT,829,4,0,0,22,0,0
13258,216.64,DEBIT,801,2,1,0,9,0,0
13259,239.73,PAYMENT,1393,7,0,0,10,0,0
13260,254.59,CASH_IN,2251,2,0,0,5,0,0
13261,273.86,CASH_IN,2664,3,1,0,14,0,0
13262,136.61,PAYMENT,2631,3,0,1,6,0,1
13263,107.69,TRANSFER,196,6,0,0,3,0,0
13264,175.36,PAYMENT,2275,1,0,1,0,0,0
13265,471.92,PAYMENT,2517,3,1,1,23,0,0
13266,457.71,CASH_OUT,588,4,1,0,13,1,1
13267,116.7,PAYMENT,1583,6,0,0,9,1,1
13268,319.85,PAYMENT,543,5,0,0,12,0,0
13269,122.17,TRANSFER,1155,2,0,0,23,0,1
13270,153.53,TRANSFER,1235,3,0,0,14,0,0
13271,92.43,CASH_OUT,2933,2,0,0,17,0,0
13272,123.76,CASH_OUT,2491,2,0,0,3,1,1
13273,567.55,CASH_OUT,2568,7,1,0,17,0,0
13274,162.78,CASH_IN,1825,5,0,0,10,0,0
13275,169.91,PAYMENT,1622,1,0,0,9,0,0
13276,34.91,TRANSFER,2619,1,1,0,20,0,0
13277,108.94,PAYMENT,2328,2,0,0,12,0,0
13278,116.59,DEBIT,1786,3,0,0,21,0,0
13279,64.77,TRANSFER,2830,1,0,0,13,1,0
13280,151.66,DEBIT,2761,1,0,0,7,0,0
13281,96.62,CASH_OUT,274,3,0,0,5,0,0
13282,160.77,CASH_OUT,517,4,0,0,2,0,0
13283,167.59,TRANSFER,1796,3,0,0,22,0,0
13284,57.07,TRANSFER,1978,2,0,1,23,0,1
13285,99.61,TRANSFER,65,4,0,1,11,0,1
13286,160.35,PAYMENT,398,2,0,0,21,0,0
13287,485.07,DEBIT,988,3,0,0,6,0,1
13288,191.85,CASH_OUT,287,1,1,0,19,0,0
13289,76.56,CASH_IN,530,2,0,0,19,1,0
13290,221.19,TRANSFER,683,2,0,0,8,0,0
13291,818.56,PAYMENT,2797,6,0,0,7,0,0
13292,371.19,CASH_OUT,1665,1,0,0,17,0,0
13293,256.6,PAYMENT,508,4,0,0,0,0,0
13294,306.61,CASH_IN,269,4,1,0,8,1,0
13295,626.38,CASH_OUT,2445,3,1,0,13,0,1
13296,435.12,PAYMENT,2226,3,1,0,18,0,0
13297,261.59,CASH_OUT,761,0,1,0,22,0,1
13298,432.09,CASH_OUT,430,2,1,0,15,0,0
13299,50.32,TRANSFER,623,3,0,0,8,2,1
13300,33.04,TRANSFER,317,2,0,0,16,2,0
13301,173.66,PAYMENT,1716,2,0,0,15,0,0
13302,158.96,PAYMENT,163,3,0,0,5,0,0
13303,86.15,CASH_OUT,1850,1,0,0,6,0,0
13304,338.95,PAYMENT,1884,0,0,0,14,0,0
13305,23.04,CASH_OUT,1507,4,0,0,21,0,0
13306,86.94,TRANSFER,254,3,0,0,14,0,0
13307,91.38,DEBIT,2714,1,0,0,23,1,1
13308,28.9,DEBIT,2061,2,0,0,4,0,0
13309,661.65,CASH_OUT,637,4,0,0,6,0,0
13310,38.12,TRANSFER,2926,3,0,0,10,0,0
13311,82.41,TRANSFER,929,3,1,0,22,1,1
13312,367.96,PAYMENT,855,3,0,0,13,2,0
13313,283.17,PAYMENT,1980,4,0,0,22,1,0
13314,49.0,TRANSFER,2995,2,0,0,18,0,0
13315,293.68,CASH_IN,440,4,0,1,23,0,0
13316,198.3,PAYMENT,403,1,0,0,7,0,0
13317,1530.02,TRANSFER,2162,5,0,0,13,0,1
13318,222.28,TRANSFER,113,4,0,0,14,2,0
13319,128.86,DEBIT,511,2,1,0,17,0,0
13320,63.02,PAYMENT,301,4,0,0,23,0,0
13321,70.51,PAYMENT,2083,1,0,0,21,0,0
13322,64.99,DEBIT,548,4,0,0,4,0,0
13323,584.7,PAYMENT,2091,1,0,0,3,0,0
13324,151.1,CASH_OUT,1790,2,0,0,15,0,0
13325,261.19,CASH_OUT,846,5,0,0,14,0,0
13326,674.69,PAYMENT,516,6,0,0,20,1,0
13327,14.03,TRANSFER,826,2,0,0,16,0,0
13328,533.19,CASH_IN,2564,4,0,0,17,0,0
13329,156.87,PAYMENT,1221,5,0,1,4,0,0
13330,229.3,PAYMENT,966,4,1,0,3,0,1
13331,64.82,TRANSFER,2483,4,0,0,6,1,1
13332,69.75,TRANSFER,492,1,1,0,11,0,0
13333,241.98,TRANSFER,2209,2,0,1,17,0,0
13334,1610.98,DEBIT,535,1,0,0,21,1,0
13335,404.77,DEBIT,2031,1,0,0,17,0,0
13336,526.12,PAYMENT,2710,5,0,0,12,0,0
13337,122.49,PAYMENT,2313,4,0,0,18,1,0
13338,81.43,PAYMENT,52,2,0,0,18,0,0
13339,67.98,DEBIT,643,4,0,0,14,0,0
13340,91.08,PAYMENT,481,6,0,0,7,1,0
13341,19.05,TRANSFER,303,2,0,0,23,0,0
13342,71.89,CASH_IN,1054,7,1,0,17,0,0
13343,84.75,TRANSFER,2738,3,0,0,6,0,0
13344,124.54,PAYMENT,195,1,0,0,12,0,0
13345,169.31,TRANSFER,2487,1,0,1,9,1,1
13346,213.25,CASH_OUT,326,3,0,1,2,0,1
13347,146.21,CASH_OUT,2056,4,0,0,11,2,1
13348,82.98,CASH_OUT,1146,6,0,0,5,0,0
13349,20.84,PAYMENT,966,6,1,0,18,0,0
13350,83.49,PAYMENT,125,5,0,0,20,0,0
13351,56.12,CASH_OUT,600,1,1,0,1,0,0
13352,236.53,CASH_IN,2977,6,0,0,18,0,0
13353,368.44,PAYMENT,170,1,0,0,20,0,0
13354,379.39,PAYMENT,1370,2,0,0,19,0,0
13355,316.38,CASH_OUT,2640,1,0,0,17,1,1
13356,129.86,TRANSFER,1984,1,0,0,6,0,0
13357,88.06,PAYMENT,796,3,0,0,23,0,0
13358,70.31,TRANSFER,1656,3,0,0,19,0,0
13359,32.87,DEBIT,862,1,0,0,18,1,1
13360,400.16,CASH_OUT,1358,3,0,0,8,2,0
13361,124.62,TRANSFER,2254,4,0,0,17,1,0
13362,42.68,CASH_IN,644,1,0,0,18,0,0
13363,64.94,PAYMENT,683,4,0,0,18,2,1
13364,62.37,TRANSFER,2498,5,0,0,13,0,0
13365,154.94,TRANSFER,59,3,0,0,11,0,1
13366,431.59,TRANSFER,171,1,0,0,5,0,1
13367,104.8,DEBIT,1768,3,0,0,22,1,1
13368,15.6,PAYMENT,2300,2,1,0,21,0,1
13369,122.83,PAYMENT,1558,4,0,0,7,0,0
13370,126.95,DEBIT,2937,7,0,0,4,0,0
13371,118.52,PAYMENT,1976,2,0,0,16,0,0
13372,79.24,PAYMENT,2907,1,0,0,9,0,0
13373,184.46,TRANSFER,540,2,0,0,16,1,0
13374,158.56,DEBIT,1328,4,0,0,12,0,0
13375,144.77,TRANSFER,2175,2,0,0,19,0,1
13376,224.22,TRANSFER,1017,1,0,0,2,1,1
13377,96.56,TRANSFER,489,5,0,0,0,1,1
13378,91.23,DEBIT,1220,3,1,0,18,0,0
13379,590.0,CASH_IN,295,4,0,0,0,0,0
13380,259.66,PAYMENT,413,2,0,1,20,0,1
13381,339.32,CASH_IN,2228,2,0,0,17,0,0
13382,505.78,CASH_IN,1301,5,0,0,20,0,1
13383,251.12,CASH_OUT,600,2,0,0,20,0,0
13384,375.55,CASH_OUT,2295,1,0,0,7,0,0
13385,30.59,TRANSFER,2672,4,0,0,0,0,0
13386,182.03,CASH_OUT,1155,1,0,0,22,0,0
13387,123.63,CASH_OUT,2833,1,1,0,2,1,0
13388,794.48,PAYMENT,329,3,0,0,19,0,0
13389,375.27,PAYMENT,1839,6,0,0,7,1,0
13390,79.01,PAYMENT,1101,3,0,0,22,0,0
13391,215.46,CASH_IN,2408,2,0,0,4,1,0
13392,175.51,CASH_OUT,791,4,0,0,22,1,0
13393,233.77,TRANSFER,1782,3,1,0,11,0,1
13394,53.58,CASH_IN,2590,4,0,0,9,0,0
13395,212.73,CASH_OUT,957,3,0,0,16,1,0
13396,118.14,DEBIT,2174,3,1,0,5,0,0
13397,196.85,PAYMENT,2013,5,0,0,2,1,1
13398,71.92,TRANSFER,1828,1,0,0,15,0,0
13399,82.68,CASH_OUT,2167,1,0,1,23,0,1
13400,480.03,PAYMENT,181,3,1,0,11,0,0
13401,51.86,PAYMENT,1634,4,0,0,3,0,0
13402,55.83,TRANSFER,755,3,0,0,14,0,0
13403,140.95,CASH_OUT,2185,5,0,0,2,0,0
13404,68.59,TRANSFER,193,2,0,0,22,0,0
13405,61.25,TRANSFER,480,3,0,0,16,0,0
13406,164.86,TRANSFER,847,1,0,0,5,1,1
13407,32.95,PAYMENT,2325,4,0,1,14,1,0
13408,54.17,DEBIT,984,3,1,0,23,0,0
13409,1157.59,PAYMENT,514,6,0,0,18,0,0
13410,234.97,TRANSFER,2519,1,0,0,15,0,1
13411,70.35,PAYMENT,2051,3,0,0,17,0,0
13412,225.48,TRANSFER,2577,4,0,0,13,1,1
13413,261.73,DEBIT,2356,2,0,0,3,0,0
13414,401.18,DEBIT,553,0,0,0,17,1,0
13415,130.69,PAYMENT,1239,1,0,0,16,0,0
13416,394.06,PAYMENT,858,4,0,0,5,0,0
13417,19.33,PAYMENT,517,1,0,0,12,1,0
13418,51.61,PAYMENT,253,1,0,0,11,0,0
13419,174.84,CASH_OUT,1014,1,1,0,14,0,0
13420,206.36,TRANSFER,1599,2,0,0,5,0,0
13421,59.63,CASH_OUT,2939,3,0,0,14,0,0
13422,192.37,CASH_OUT,130,3,0,0,15,0,0
13423,79.53,PAYMENT,2843,6,0,0,16,0,0
13424,112.51,CASH_OUT,1941,9,0,0,18,1,1
13425,413.55,CASH_IN,2070,1,0,0,7,0,0
13426,368.31,TRANSFER,2752,4,0,0,4,0,1
13427,54.76,DEBIT,2509,2,0,0,9,0,0
13428,51.56,CASH_OUT,578,3,1,0,13,0,0
13429,98.38,TRANSFER,1565,1,0,0,1,0,0
13430,144.5,DEBIT,1862,1,0,0,14,0,0
13431,76.87,CASH_OUT,2467,3,0,0,6,1,1
13432,420.16,TRANSFER,2288,3,0,1,14,0,1
13433,210.06,PAYMENT,1949,0,0,0,17,0,0
13434,222.76,CASH_IN,1139,3,0,0,1,0,0
13435,41.82,PAYMENT,1558,5,0,0,15,0,0
13436,476.89,TRANSFER,792,1,1,0,2,0,0
13437,8.84,TRANSFER,2285,3,0,0,17,0,1
13438,341.74,TRANSFER,1015,0,0,0,2,0,1
13439,377.78,CASH_OUT,801,8,0,0,9,0,1
13440,96.31,TRANSFER,2989,1,0,0,9,0,0
13441,530.02,PAYMENT,2702,1,0,0,14,0,0
13442,139.34,CASH_IN,814,3,1,0,2,0,0
13443,157.97,CASH_OUT,2677,1,0,0,15,1,0
13444,208.41,CASH_IN,1811,4,0,0,2,0,0
13445,3592.4,PAYMENT,2644,3,0,0,2,0,1
13446,569.32,CASH_OUT,2936,1,0,0,20,1,0
13447,299.21,CASH_OUT,2081,1,0,1,18,1,0
13448,59.57,PAYMENT,525,3,0,0,13,1,0
13449,171.33,CASH_IN,2456,5,0,0,1,1,1
13450,65.82,PAYMENT,385,1,0,0,4,0,0
13451,337.68,TRANSFER,497,7,0,0,0,0,1
13452,170.8,CASH_OUT,467,1,0,0,2,0,0
13453,48.21,TRANSFER,857,5,0,0,8,1,0
13454,160.95,CASH_OUT,730,3,0,0,20,0,1
13455,63.47,PAYMENT,75,1,0,0,15,0,0
13456,172.64,CASH_OUT,638,3,0,0,17,0,0
13457,62.86,PAYMENT,78,2,0,0,5,0,0
13458,152.55,TRANSFER,2197,2,0,0,21,0,0
13459,314.34,PAYMENT,2350,7,0,0,1,0,0
13460,140.74,TRANSFER,1053,4,0,0,18,0,0
13461,100.39,CASH_OUT,1917,2,0,0,0,1,1
13462,181.87,CASH_IN,213,4,0,0,7,0,0
13463,298.03,TRANSFER,2422,2,0,0,7,2,1
13464,49.05,PAYMENT,849,1,0,0,19,0,0
13465,192.61,TRANSFER,1636,1,1,0,19,1,0
13466,554.21,CASH_OUT,1585,4,0,0,11,0,0
13467,263.4,PAYMENT,1722,0,1,0,14,2,0
13468,157.24,TRANSFER,1392,4,1,0,11,1,0
13469,281.39,TRANSFER,488,2,0,1,3,0,1
13470,233.34,PAYMENT,2302,6,0,0,18,0,0
13471,315.32,PAYMENT,719,4,0,0,1,0,0
13472,19.61,PAYMENT,2452,4,0,0,15,0,0
13473,31.39,PAYMENT,2988,5,0,0,0,0,0
13474,405.38,PAYMENT,2072,3,0,0,5,1,0
13475,32.94,TRANSFER,269,0,0,0,21,0,0
13476,221.75,PAYMENT,867,5,0,0,6,0,0
13477,104.37,PAYMENT,697,3,1,0,1,0,0
13478,54.81,PAYMENT,1167,3,0,0,21,0,1
13479,210.53,CASH_OUT,2191,0,0,0,21,1,1
13480,181.46,CASH_IN,1030,1,0,0,23,0,0
13481,1224.57,CASH_OUT,1994,2,0,1,20,0,1
13482,79.45,TRANSFER,1485,4,0,0,18,1,0
13483,626.48,CASH_OUT,1555,1,0,0,3,0,0
13484,211.12,PAYMENT,1424,2,0,0,19,0,0
13485,76.63,PAYMENT,1628,2,0,0,14,0,0
13486,330.05,PAYMENT,1591,4,0,0,20,1,0
13487,261.32,PAYMENT,1140,2,0,0,19,0,0
13488,153.83,PAYMENT,1499,4,0,0,8,0,0
13489,193.7,TRANSFER,634,3,0,0,11,1,0
13490,81.7,PAYMENT,229,4,1,0,13,1,0
13491,64.99,DEBIT,1415,5,0,0,5,0,0
13492,317.17,CASH_IN,2564,3,0,0,0,0,0
13493,118.64,DEBIT,1952,2,0,1,4,0,0
13494,136.99,PAYMENT,2794,4,0,0,15,0,0
13495,196.33,CASH_IN,113,7,1,1,19,0,1
13496,193.5,CASH_IN,1300,4,0,1,14,0,0
13497,35.54,DEBIT,1937,0,0,1,10,0,0
13498,537.14,TRANSFER,2345,1,0,1,12,0,0
13499,167.53,CASH_OUT,494,6,0,0,7,0,0
13500,121.19,PAYMENT,2898,8,0,0,15,0,0
13501,228.34,PAYMENT,2295,3,1,0,8,0,0
13502,188.02,PAYMENT,1287,5,1,0,7,0,0
13503,319.6,DEBIT,2122,4,0,1,16,0,0
13504,254.17,PAYMENT,2237,1,1,0,8,0,0
13505,304.25,PAYMENT,1211,3,0,0,15,0,0
13506,573.06,DEBIT,809,4,0,0,3,1,1
13507,359.11,PAYMENT,585,5,0,0,19,0,0
13508,126.41,CASH_IN,2759,0,0,0,4,1,0
13509,48.28,CASH_OUT,1303,4,0,0,14,0,0
13510,786.66,PAYMENT,1242,1,0,0,22,0,0
13511,117.01,PAYMENT,1375,6,0,0,16,0,0
13512,92.47,TRANSFER,1922,8,0,0,2,0,1
13513,26.13,DEBIT,823,1,0,0,18,0,0
13514,208.19,CASH_IN,2749,5,0,0,6,0,0
13515,172.24,PAYMENT,248,3,0,0,6,0,0
13516,32.62,PAYMENT,2593,4,0,0,22,0,0
13517,233.52,PAYMENT,1092,2,1,0,16,0,1
13518,90.18,CASH_OUT,1854,1,0,0,23,1,0
13519,2187.06,PAYMENT,730,4,1,0,15,1,1
13520,83.99,PAYMENT,2219,5,0,0,21,0,0
13521,96.04,CASH_OUT,2423,1,0,0,13,0,0
13522,61.88,TRANSFER,332,0,0,0,13,0,1
13523,532.66,PAYMENT,1183,2,0,0,12,0,0
13524,102.23,CASH_OUT,2545,2,0,0,7,0,0
13525,71.89,TRANSFER,375,2,0,0,2,0,0
13526,300.95,TRANSFER,2911,0,0,0,8,0,0
13527,37.32,CASH_OUT,205,3,0,0,2,0,1
13528,277.3,TRANSFER,2271,5,1,0,19,1,0
13529,881.3,CASH_OUT,2414,0,0,1,17,1,1
13530,261.55,CASH_IN,1232,2,0,0,17,0,0
13531,280.87,CASH_OUT,1805,4,0,0,1,2,1
13532,354.27,CASH_OUT,2721,1,0,0,12,0,1
13533,820.33,CASH_OUT,110,3,0,0,19,0,0
13534,497.65,TRANSFER,2238,1,0,0,8,0,1
13535,230.37,PAYMENT,436,0,0,0,22,0,0
13536,366.46,PAYMENT,1234,4,0,0,0,0,0
13537,61.19,CASH_OUT,1322,1,0,0,18,1,0
13538,322.56,TRANSFER,1623,5,0,0,9,0,0
13539,54.3,TRANSFER,523,1,0,0,9,0,0
13540,102.82,CASH_OUT,2268,2,1,0,18,0,0
13541,6.8,PAYMENT,1374,3,0,0,19,0,0
13542,221.72,CASH_OUT,1413,3,0,0,18,0,0
13543,77.95,TRANSFER,583,3,1,0,16,0,0
13544,450.85,PAYMENT,1148,6,0,0,11,0,0
13545,219.25,PAYMENT,2433,6,0,0,15,0,0
13546,456.73,PAYMENT,1654,3,0,0,11,0,0
13547,50.22,PAYMENT,2447,2,1,0,19,1,0
13548,419.22,PAYMENT,2822,5,1,0,19,1,1
13549,1219.09,TRANSFER,2373,3,0,0,19,2,1
13550,318.67,CASH_OUT,2098,5,1,0,8,0,1
13551,327.13,TRANSFER,702,4,0,1,20,1,1
13552,175.84,CASH_OUT,2444,6,0,0,15,0,1
13553,87.82,CASH_OUT,2787,2,0,1,19,0,0
13554,317.73,PAYMENT,2631,2,0,0,0,1,0
13555,32.91,PAYMENT,578,3,0,1,15,1,0
13556,97.73,PAYMENT,1765,2,0,0,14,0,0
13557,25.25,DEBIT,1438,3,1,0,19,0,0
13558,73.43,CASH_IN,1719,3,0,0,10,1,0
13559,282.04,PAYMENT,2116,1,0,0,0,0,0
13560,246.02,TRANSFER,2124,1,0,1,2,1,1
13561,156.17,DEBIT,1365,5,1,0,13,0,0
13562,175.99,CASH_OUT,1163,1,0,0,14,0,0
13563,22.51,TRANSFER,215,7,1,0,8,0,1
13564,102.25,PAYMENT,953,3,0,0,17,1,0
13565,75.09,PAYMENT,2036,1,1,0,6,0,0
13566,76.78,CASH_OUT,2404,2,0,0,9,0,0
13567,270.31,CASH_OUT,1781,1,0,0,8,0,0
13568,62.77,TRANSFER,2187,3,0,0,15,0,0
13569,81.07,PAYMENT,2250,9,0,0,21,0,0
13570,18.41,DEBIT,1374,2,0,0,11,0,0
13571,110.6,CASH_IN,2593,0,0,0,0,0,0
13572,50.01,PAYMENT,2010,3,0,0,3,0,0
13573,160.65,PAYMENT,90,2,0,0,14,0,1
13574,57.33,TRANSFER,1224,2,0,0,22,0,0
13575,164.77,PAYMENT,1921,4,0,0,15,0,0
13576,128.42,PAYMENT,1182,4,1,0,22,0,0
13577,790.01,PAYMENT,2736,4,0,0,3,0,0
13578,244.01,DEBIT,1104,3,1,0,7,0,1
13579,23.58,CASH_IN,1629,0,0,0,2,0,0
13580,41.89,PAYMENT,1968,4,0,0,4,0,0
13581,156.84,CASH_IN,1635,1,0,0,23,0,0
13582,58.57,CASH_OUT,2038,2,0,0,19,1,0
13583,7.63,PAYMENT,1076,7,0,0,3,1,0
13584,572.23,CASH_IN,798,3,0,0,10,0,0
13585,304.97,TRANSFER,1114,5,0,0,7,0,0
13586,249.88,CASH_IN,236,2,0,0,2,0,0
13587,80.86,TRANSFER,822,3,0,0,11,0,0
13588,227.62,TRANSFER,906,1,0,0,11,0,0
13589,73.38,PAYMENT,1929,3,0,0,9,0,0
13590,182.15,PAYMENT,1054,1,0,0,0,0,0
13591,59.11,TRANSFER,2629,1,1,0,18,0,0
13592,676.06,DEBIT,2070,0,0,0,3,0,0
13593,30.87,CASH_OUT,2354,1,0,0,21,0,0
13594,508.92,PAYMENT,788,4,1,0,7,0,0
13595,154.3,PAYMENT,1992,4,1,0,17,0,1
13596,90.97,CASH_IN,1191,5,0,0,6,1,1
13597,175.39,PAYMENT,2399,2,1,0,7,0,0
13598,309.0,PAYMENT,1689,5,0,0,17,1,0
13599,582.16,CASH_IN,2986,1,0,0,3,2,0
13600,202.99,DEBIT,1656,3,0,0,4,1,0
13601,60.9,CASH_OUT,2323,4,0,0,8,0,1
13602,156.9,PAYMENT,1030,3,1,0,19,0,0
13603,913.05,PAYMENT,1549,1,0,0,20,1,0
13604,571.16,CASH_OUT,505,5,0,0,10,1,0
13605,368.25,DEBIT,155,5,1,0,2,1,1
13606,328.88,DEBIT,2343,4,0,0,17,1,0
13607,298.7,TRANSFER,2001,2,0,0,1,0,0
13608,472.84,CASH_IN,2215,2,0,0,0,0,0
13609,94.01,PAYMENT,1291,2,0,0,18,0,0
13610,38.28,PAYMENT,1356,1,0,0,13,1,1
13611,159.02,PAYMENT,2598,7,0,0,9,0,0
13612,65.52,DEBIT,1099,2,0,0,20,1,1
13613,51.68,PAYMENT,1426,1,0,1,0,1,0
13614,72.22,PAYMENT,2954,3,0,0,16,0,0
13615,1781.68,DEBIT,2579,1,0,0,17,2,0
13616,170.06,PAYMENT,1377,1,0,0,1,0,0
13617,213.13,PAYMENT,673,3,0,0,16,2,0
13618,43.71,CASH_OUT,1438,2,0,0,4,0,0
13619,23.48,CASH_OUT,778,1,1,0,6,0,0
13620,65.43,TRANSFER,934,0,0,0,13,0,0
13621,625.28,DEBIT,1846,4,0,0,12,1,1
13622,207.32,PAYMENT,1647,0,0,0,8,0,0
13623,270.05,DEBIT,484,5,0,0,4,1,0
13624,310.62,CASH_OUT,1803,3,0,0,5,0,0
13625,82.16,PAYMENT,853,3,0,1,16,0,1
13626,594.65,CASH_IN,1102,3,0,0,5,2,1
13627,78.82,PAYMENT,2778,4,1,0,6,0,0
13628,605.61,PAYMENT,550,1,0,0,5,0,0
13629,230.97,DEBIT,423,2,1,0,19,0,0
13630,24.8,PAYMENT,2957,3,0,1,7,0,0
13631,70.25,PAYMENT,2472,1,0,1,6,0,1
13632,24.9,PAYMENT,125,3,0,0,1,0,0
13633,474.98,PAYMENT,114,4,1,0,8,0,0
13634,144.79,CASH_IN,1089,5,0,0,23,1,0
13635,15.99,DEBIT,445,2,0,0,0,1,1
13636,216.1,TRANSFER,624,6,0,0,5,0,0
13637,86.73,TRANSFER,2021,3,1,0,11,0,0
13638,33.66,TRANSFER,2752,4,0,0,15,0,0
13639,794.7,PAYMENT,755,4,1,0,17,0,0
13640,165.22,PAYMENT,1953,0,0,0,20,1,0
13641,110.67,PAYMENT,250,6,0,0,0,0,0
13642,99.54,TRANSFER,1372,2,0,0,12,1,0
13643,32.68,CASH_OUT,508,1,0,0,11,1,0
13644,40.26,DEBIT,2469,2,0,0,16,0,0
13645,536.42,CASH_OUT,2522,2,0,0,16,1,0
13646,92.4,CASH_OUT,348,7,0,0,21,0,0
13647,151.72,PAYMENT,1370,3,0,0,16,0,0
13648,19.21,CASH_IN,322,1,0,0,4,0,0
13649,39.72,DEBIT,2843,4,0,1,6,1,0
13650,273.09,DEBIT,545,1,0,0,21,0,0
13651,216.53,PAYMENT,1109,0,0,0,21,0,0
13652,856.95,CASH_OUT,599,4,0,0,4,1,0
13653,568.47,CASH_OUT,791,5,0,0,15,0,0
13654,117.84,PAYMENT,173,5,0,0,3,0,1
13655,238.16,DEBIT,338,3,0,0,8,0,0
13656,108.14,PAYMENT,47,1,0,0,18,0,0
13657,1158.42,PAYMENT,2902,4,0,0,16,0,0
13658,468.26,TRANSFER,1404,3,0,0,21,1,0
13659,175.86,PAYMENT,1219,4,1,0,1,1,0
13660,181.34,DEBIT,2968,3,0,0,13,1,0
13661,629.45,TRANSFER,1597,1,0,0,10,1,0
13662,264.96,TRANSFER,1165,3,0,0,10,0,0
13663,705.3,CASH_OUT,2302,5,0,1,0,0,1
13664,16.55,PAYMENT,881,4,0,0,21,1,0
13665,235.39,CASH_OUT,1869,3,0,0,11,1,0
13666,88.64,CASH_OUT,183,1,1,0,19,0,1
13667,859.52,TRANSFER,139,1,0,0,21,0,0
13668,696.73,DEBIT,367,5,0,0,20,0,0
13669,153.37,TRANSFER,1994,3,0,0,9,0,0
13670,689.27,CASH_OUT,536,1,0,0,22,1,0
13671,882.81,DEBIT,2250,8,0,0,17,0,0
13672,159.88,CASH_OUT,1836,2,0,0,17,0,0
13673,1758.0,TRANSFER,828,3,0,0,12,1,1
13674,143.83,PAYMENT,2476,2,0,1,17,2,1
13675,119.76,CASH_OUT,2179,0,0,0,20,0,0
13676,352.79,DEBIT,1018,1,0,0,23,0,0
13677,104.19,TRANSFER,2055,4,0,0,22,1,0
13678,161.63,PAYMENT,1302,1,1,0,4,1,1
13679,607.55,TRANSFER,514,2,1,0,1,0,1
13680,151.29,CASH_OUT,2072,4,0,0,0,0,1
13681,27.25,PAYMENT,2036,2,0,0,7,0,0
13682,214.29,CASH_IN,203,7,0,0,10,1,0
13683,73.97,CASH_IN,1896,3,0,0,10,1,0
13684,352.58,TRANSFER,1411,3,0,0,20,0,0
13685,297.73,PAYMENT,2989,2,0,0,3,0,0
13686,646.39,CASH_OUT,1492,2,0,0,22,0,0
13687,367.8,PAYMENT,1083,6,0,0,5,0,0
13688,441.53,TRANSFER,2630,1,0,0,23,0,0
13689,76.01,PAYMENT,96,1,0,0,10,0,0
13690,331.62,TRANSFER,517,1,0,0,6,0,0
13691,1062.58,PAYMENT,814,2,0,0,1,2,0
13692,74.54,CASH_IN,1591,2,1,0,11,0,0
13693,897.61,CASH_OUT,1171,5,0,0,10,0,0
13694,85.68,DEBIT,2918,1,0,0,1,0,0
13695,63.31,PAYMENT,750,5,1,0,9,0,0
13696,199.58,PAYMENT,1410,1,0,0,17,1,0
13697,303.66,TRANSFER,277,1,0,0,3,1,1
13698,369.35,PAYMENT,2013,2,0,0,17,1,0
13699,56.73,PAYMENT,1660,4,1,0,21,1,0
13700,229.19,TRANSFER,2536,1,0,0,20,1,0
13701,74.77,TRANSFER,755,3,0,0,11,1,0
13702,33.48,PAYMENT,2453,1,0,0,2,0,1
13703,58.63,TRANSFER,923,2,1,0,18,0,0
13704,70.04,TRANSFER,2958,2,0,0,4,0,0
13705,250.03,PAYMENT,2557,2,0,0,11,0,0
13706,469.76,CASH_IN,2721,2,0,0,21,0,0
13707,34.01,PAYMENT,2179,5,0,0,16,1,0
13708,211.02,PAYMENT,2024,3,0,0,3,0,0
13709,45.76,PAYMENT,86,5,0,0,1,0,0
13710,278.41,PAYMENT,460,5,1,0,6,0,0
13711,79.62,CASH_IN,2844,2,0,0,11,0,0
13712,51.87,PAYMENT,2541,4,0,1,17,1,1
13713,330.19,CASH_OUT,191,3,0,0,14,2,0
13714,82.52,TRANSFER,1994,3,0,1,7,0,1
13715,108.21,CASH_OUT,2109,6,0,0,1,1,0
13716,16.12,DEBIT,1225,5,0,0,19,1,0
13717,382.43,CASH_IN,1035,3,0,0,12,0,0
13718,337.28,PAYMENT,2174,8,0,1,1,0,1
13719,149.23,CASH_IN,168,2,0,0,4,0,0
13720,32.21,TRANSFER,2369,0,0,0,4,1,1
13721,497.39,PAYMENT,170,5,0,0,16,0,0
13722,76.23,CASH_OUT,1366,5,0,0,2,0,0
13723,94.32,DEBIT,1718,3,1,0,21,0,0
13724,1498.24,PAYMENT,227,0,0,0,0,0,0
13725,73.43,CASH_OUT,1474,5,0,0,3,0,0
13726,311.75,PAYMENT,1911,5,0,0,10,0,0
13727,260.37,PAYMENT,2209,0,0,0,0,0,0
13728,219.24,CASH_IN,2442,4,0,1,21,0,0
13729,196.76,TRANSFER,567,2,1,0,0,0,1
13730,216.24,PAYMENT,1322,2,0,0,10,0,0
13731,194.79,TRANSFER,2149,2,0,0,1,1,1
13732,140.9,CASH_OUT,332,1,0,0,5,0,0
13733,672.69,TRANSFER,2458,5,0,0,14,0,1
13734,39.94,PAYMENT,2056,3,0,0,20,0,0
13735,412.18,TRANSFER,1223,1,0,0,20,1,0
13736,337.76,DEBIT,2973,2,1,0,15,0,1
13737,298.39,CASH_OUT,2364,1,0,0,3,1,0
13738,453.49,CASH_OUT,197,1,0,0,2,0,0
13739,135.29,CASH_OUT,244,5,1,0,22,0,1
13740,22.9,PAYMENT,1169,1,0,0,11,1,0
13741,138.06,TRANSFER,173,2,0,0,21,0,1
13742,55.08,PAYMENT,2407,2,0,0,8,0,0
13743,71.39,PAYMENT,2313,1,0,0,14,0,0
13744,42.84,PAYMENT,1917,2,0,0,18,0,0
13745,92.08,CASH_OUT,498,3,0,0,5,0,0
13746,81.73,PAYMENT,2925,6,0,0,3,0,0
13747,13.77,PAYMENT,2773,4,1,0,18,0,0
13748,298.93,PAYMENT,2042,2,1,0,1,2,1
13749,1366.93,PAYMENT,1357,3,0,0,12,0,0
13750,272.12,TRANSFER,1546,2,0,0,19,0,0
13751,121.16,CASH_OUT,1773,4,0,0,11,0,0
13752,140.51,PAYMENT,2647,3,0,0,11,0,0
13753,97.42,PAYMENT,2860,0,0,0,7,0,1
13754,162.4,CASH_OUT,997,2,0,0,21,0,0
13755,143.02,TRANSFER,1964,3,0,0,8,0,0
13756,64.0,CASH_OUT,2226,4,0,0,7,1,1
13757,798.62,PAYMENT,2653,4,0,0,17,1,0
13758,33.54,CASH_IN,2546,3,0,0,13,0,0
13759,304.4,TRANSFER,164,3,0,0,1,0,0
13760,134.13,CASH_OUT,849,3,0,0,7,0,0
13761,993.1,PAYMENT,48,2,0,0,22,0,0
13762,208.69,PAYMENT,922,5,0,0,21,0,0
13763,103.55,CASH_OUT,2675,5,0,0,9,0,0
13764,115.85,PAYMENT,2763,2,0,0,4,0,0
13765,154.46,PAYMENT,2627,4,0,0,1,1,1
13766,47.33,TRANSFER,170,4,0,0,19,1,0
13767,68.93,TRANSFER,2039,2,0,0,16,1,0
13768,24.9,CASH_OUT,1353,4,0,0,0,0,0
13769,58.97,CASH_OUT,435,3,0,0,4,1,1
13770,163.03,TRANSFER,529,3,0,0,10,0,0
13771,200.37,TRANSFER,64,2,0,0,7,0,0
13772,20.51,DEBIT,1792,6,0,0,21,0,0
13773,129.38,TRANSFER,685,5,0,0,2,1,0
13774,260.71,CASH_OUT,1482,4,0,0,16,0,0
13775,126.1,PAYMENT,685,2,0,1,18,1,0
13776,78.74,CASH_IN,2435,6,0,1,14,0,0
13777,98.28,PAYMENT,53,3,0,0,12,1,1
13778,86.42,TRANSFER,463,2,0,0,7,0,1
13779,78.51,PAYMENT,2292,2,1,0,16,0,0
13780,176.59,CASH_OUT,393,3,0,0,23,0,0
13781,1491.72,PAYMENT,2544,1,0,0,11,0,0
13782,70.55,CASH_OUT,854,3,0,0,14,0,0
13783,107.97,PAYMENT,2313,3,0,0,17,0,0
13784,140.94,TRANSFER,1176,0,0,0,4,1,1
13785,74.64,CASH_IN,597,3,1,0,6,0,0
13786,445.07,PAYMENT,627,1,1,0,6,2,0
13787,13.86,PAYMENT,2542,3,0,0,0,0,0
13788,87.26,TRANSFER,633,2,0,0,4,0,0
13789,336.4,DEBIT,1386,1,0,0,4,0,0
13790,110.6,PAYMENT,1301,3,0,0,2,0,1
13791,65.31,PAYMENT,1390,2,0,0,1,0,0
13792,230.62,TRANSFER,2150,3,0,0,19,1,0
13793,367.36,PAYMENT,2907,2,0,0,2,0,0
13794,183.21,TRANSFER,773,2,0,0,9,0,0
13795,66.6,CASH_IN,1759,2,0,1,17,0,0
13796,234.21,PAYMENT,263,2,0,0,12,0,0
13797,99.28,CASH_OUT,1241,0,0,0,16,0,0
13798,312.68,TRANSFER,1330,1,0,0,19,0,0
13799,654.1,DEBIT,2496,2,1,0,14,0,0
13800,10.96,DEBIT,2030,3,0,0,13,0,0
13801,165.85,TRANSFER,452,4,1,0,19,0,0
13802,26.16,TRANSFER,2102,1,0,0,10,0,0
13803,1705.8,CASH_OUT,1481,5,0,1,2,1,1
13804,92.93,PAYMENT,1240,4,0,0,13,0,0
13805,313.05,PAYMENT,1796,4,0,0,10,1,0
13806,143.26,DEBIT,2432,3,0,0,18,0,0
13807,66.48,TRANSFER,2189,4,0,0,16,0,0
13808,59.02,PAYMENT,1932,2,1,0,9,0,0
13809,724.64,CASH_IN,670,5,0,0,9,0,0
13810,386.04,TRANSFER,1471,1,0,0,7,0,0
13811,1036.48,PAYMENT,606,2,0,0,10,0,0
13812,156.88,PAYMENT,55,2,0,0,6,0,0
13813,197.93,PAYMENT,559,5,0,0,19,0,0
13814,113.61,DEBIT,961,4,0,0,1,0,1
13815,111.38,DEBIT,1819,2,0,0,9,1,0
13816,52.36,PAYMENT,969,5,1,0,15,1,1
13817,161.42,CASH_IN,1605,4,1,1,10,0,0
13818,67.41,TRANSFER,2667,2,0,0,1,0,0
13819,230.88,CASH_OUT,1895,2,1,0,7,0,0
13820,175.92,PAYMENT,2838,2,0,0,20,0,0
13821,197.88,TRANSFER,1340,4,0,0,4,0,0
13822,792.45,PAYMENT,1495,4,0,0,15,1,0
13823,142.92,PAYMENT,2241,3,0,0,13,0,0
13824,316.31,PAYMENT,364,1,0,0,15,0,0
13825,1154.6,PAYMENT,2491,4,0,0,17,2,1
13826,548.19,DEBIT,1613,2,0,0,12,0,0
13827,470.21,DEBIT,619,1,0,0,22,0,0
13828,109.21,CASH_IN,2700,0,0,0,13,0,0
13829,186.73,PAYMENT,1396,4,0,0,8,0,0
13830,39.71,TRANSFER,2360,0,0,1,15,1,0
13831,244.43,TRANSFER,2441,4,0,0,18,0,0
13832,195.29,PAYMENT,2331,7,0,0,10,0,1
13833,151.92,PAYMENT,1500,3,1,0,6,0,0
13834,414.55,TRANSFER,951,0,0,0,10,0,0
13835,44.35,PAYMENT,200,3,0,1,0,1,0
13836,761.17,CASH_IN,232,4,0,0,12,0,0
13837,365.68,CASH_OUT,2563,1,0,0,5,1,0
13838,138.29,PAYMENT,1694,5,1,0,15,0,0
13839,127.9,CASH_OUT,309,3,0,0,12,0,0
13840,239.99,PAYMENT,433,5,0,0,10,0,0
13841,679.16,PAYMENT,1061,8,0,0,23,0,0
13842,164.29,PAYMENT,827,3,0,0,22,1,0
13843,171.41,CASH_OUT,1435,3,0,0,13,0,0
13844,151.13,PAYMENT,2095,0,0,0,15,0,0
13845,881.85,TRANSFER,1898,3,1,0,23,0,1
13846,102.63,PAYMENT,1175,4,0,1,17,0,0
13847,144.1,PAYMENT,1179,1,0,0,18,0,0
13848,641.26,PAYMENT,1932,3,0,0,21,0,0
13849,171.92,CASH_OUT,1793,4,1,0,5,0,0
13850,462.69,TRANSFER,624,2,0,0,17,0,0
13851,59.66,CASH_OUT,1450,2,0,0,16,1,0
13852,120.87,PAYMENT,518,3,0,0,3,2,0
13853,654.87,PAYMENT,2509,3,1,0,0,0,0
13854,75.46,CASH_OUT,2265,1,1,0,4,1,1
13855,127.57,PAYMENT,1207,2,0,0,22,1,0
13856,191.84,PAYMENT,153,8,0,1,16,0,0
13857,55.19,PAYMENT,1958,6,1,0,23,0,1
13858,98.12,CASH_OUT,636,3,0,0,11,0,0
13859,166.11,CASH_OUT,151,3,0,0,4,0,0
13860,155.51,PAYMENT,2951,3,0,0,0,1,0
13861,533.98,TRANSFER,1124,1,0,0,19,0,0
13862,693.3,CASH_OUT,934,6,0,0,14,0,0
13863,63.05,PAYMENT,2181,5,0,1,19,0,0
13864,165.88,PAYMENT,2743,3,0,0,12,0,0
13865,291.27,CASH_OUT,702,2,0,0,1,2,1
13866,676.1,CASH_OUT,1214,2,0,0,3,0,0
13867,304.44,PAYMENT,918,2,0,0,2,0,0
13868,198.52,CASH_OUT,1745,2,0,0,12,0,0
13869,289.03,TRANSFER,1733,3,0,0,9,0,0
13870,291.13,CASH_OUT,1107,2,0,0,20,0,0
13871,58.69,PAYMENT,2529,5,0,0,5,0,0
13872,179.97,PAYMENT,2828,3,0,0,5,1,1
13873,638.53,TRANSFER,1919,3,0,0,21,2,0
13874,120.62,TRANSFER,590,6,0,0,2,0,0
13875,168.92,PAYMENT,1925,0,0,0,8,0,0
13876,116.45,CASH_OUT,2957,0,0,0,9,3,0
13877,14.67,TRANSFER,2723,7,0,0,18,0,0
13878,151.5,CASH_OUT,2878,3,1,0,7,0,0
13879,200.7,PAYMENT,1186,4,0,0,1,0,0
13880,88.9,CASH_OUT,1008,2,0,0,18,0,0
13881,46.78,TRANSFER,175,2,0,0,7,0,0
13882,61.52,PAYMENT,1184,3,0,0,23,0,1
13883,318.68,PAYMENT,2591,3,1,0,19,0,1
13884,1066.91,PAYMENT,1118,2,1,0,13,0,1
13885,591.36,TRANSFER,1856,8,0,0,21,0,0
13886,38.69,PAYMENT,865,5,0,0,0,0,0
13887,348.84,DEBIT,357,5,0,1,0,2,1
13888,76.47,CASH_IN,2505,1,1,0,14,0,0
13889,82.91,CASH_IN,2874,4,0,0,20,0,0
13890,93.51,TRANSFER,2411,6,0,0,18,0,0
13891,300.69,CASH_IN,1351,3,1,0,16,0,0
13892,387.32,PAYMENT,655,2,0,0,20,0,0
13893,134.55,TRANSFER,2474,1,0,1,12,0,1
13894,136.86,PAYMENT,563,4,1,0,19,0,0
13895,236.1,PAYMENT,86,3,1,0,22,0,0
13896,261.91,PAYMENT,723,4,0,0,12,1,0
13897,481.17,TRANSFER,2533,4,0,0,15,0,0
13898,41.08,PAYMENT,2902,4,0,0,16,0,0
13899,151.42,CASH_OUT,147,3,0,0,4,2,1
13900,51.01,DEBIT,1649,8,0,0,7,0,0
13901,141.04,PAYMENT,2633,1,0,0,8,1,0
13902,118.37,TRANSFER,594,2,0,0,21,0,0
13903,141.63,CASH_OUT,525,5,0,0,13,1,0
13904,66.7,PAYMENT,1915,3,1,0,8,0,0
13905,33.54,DEBIT,830,3,0,0,16,1,0
13906,18.28,CASH_IN,1565,3,0,0,10,0,0
13907,130.17,PAYMENT,670,2,0,0,6,0,0
13908,96.45,PAYMENT,192,3,0,0,21,0,0
13909,75.49,DEBIT,280,0,1,0,5,0,0
13910,556.99,DEBIT,673,3,0,1,0,0,0
13911,62.84,TRANSFER,358,6,0,0,21,0,0
13912,612.06,PAYMENT,2195,3,0,0,12,0,0
13913,752.83,CASH_OUT,398,4,0,0,23,0,0
13914,21.1,PAYMENT,2825,5,0,0,9,0,0
13915,162.78,DEBIT,1168,4,0,0,7,0,0
13916,99.51,CASH_OUT,224,2,1,0,14,1,0
13917,8.07,CASH_OUT,2683,6,0,0,5,0,1
13918,35.0,PAYMENT,753,2,0,0,21,0,0
13919,322.12,CASH_OUT,1692,4,0,0,1,1,1
13920,1117.89,PAYMENT,167,0,0,0,13,0,0
13921,366.02,PAYMENT,1713,4,0,0,18,0,0
13922,205.13,TRANSFER,1349,7,0,0,16,0,0
13923,145.28,TRANSFER,185,3,1,0,14,0,1
13924,798.44,CASH_OUT,2953,2,0,1,20,0,0
13925,1271.86,CASH_IN,1088,1,1,0,10,0,0
13926,82.53,PAYMENT,548,4,0,0,19,0,0
13927,20.09,TRANSFER,211,4,0,1,2,1,1
13928,18.21,TRANSFER,2046,3,0,0,3,0,0
13929,556.62,PAYMENT,199,2,0,0,14,0,0
13930,141.59,CASH_OUT,2574,3,0,0,2,0,0
13931,178.26,TRANSFER,1347,2,1,0,5,0,1
13932,24.76,DEBIT,1776,4,0,1,18,0,0
13933,69.88,CASH_OUT,1417,2,0,0,9,1,0
13934,110.45,PAYMENT,2790,5,0,0,1,0,0
13935,182.7,PAYMENT,2979,3,0,0,14,0,0
13936,99.62,PAYMENT,1390,5,0,0,12,0,0
13937,52.6,PAYMENT,2079,3,0,0,16,0,0
13938,67.72,TRANSFER,452,3,0,0,4,1,1
13939,496.87,PAYMENT,2859,1,0,0,14,0,0
13940,189.57,DEBIT,2830,3,0,0,19,0,0
13941,273.73,PAYMENT,2551,3,0,1,2,0,0
13942,60.41,CASH_OUT,175,6,0,0,17,1,0
13943,7.74,PAYMENT,2403,3,0,0,18,0,0
13944,87.96,TRANSFER,617,6,0,0,2,1,1
13945,62.39,PAYMENT,259,3,0,0,0,0,0
13946,210.4,PAYMENT,1971,6,1,0,17,0,0
13947,3966.83,TRANSFER,1899,3,0,1,22,1,1
13948,297.43,CASH_OUT,1322,1,0,0,16,1,0
13949,2289.21,TRANSFER,614,6,0,1,3,1,1
13950,262.11,CASH_OUT,2695,3,0,0,3,0,1
13951,79.05,CASH_IN,2813,3,0,0,15,0,0
13952,210.17,CASH_IN,2859,1,0,0,8,0,0
13953,880.63,CASH_OUT,1271,5,0,0,16,0,0
13954,924.79,PAYMENT,982,3,0,0,19,0,0
13955,83.48,DEBIT,1414,2,0,0,17,0,0
13956,191.17,DEBIT,2758,1,1,0,6,0,0
13957,35.54,CASH_OUT,1418,2,0,0,10,0,0
13958,338.55,TRANSFER,135,1,0,0,5,0,1
13959,701.59,PAYMENT,1686,2,0,1,9,0,0
13960,154.44,CASH_OUT,1851,2,1,0,15,0,0
13961,76.14,CASH_IN,314,6,0,0,2,0,0
13962,212.75,CASH_OUT,625,5,0,0,5,0,0
13963,225.31,CASH_OUT,2913,1,0,1,22,1,0
13964,160.96,PAYMENT,555,3,0,0,20,0,1
13965,177.45,PAYMENT,906,3,1,0,21,0,0
13966,124.73,CASH_OUT,2257,5,0,1,15,0,0
13967,401.8,PAYMENT,1092,5,0,0,7,0,1
13968,309.89,CASH_OUT,2916,5,0,0,2,1,0
13969,55.53,CASH_OUT,2589,4,0,0,2,0,0
13970,54.02,PAYMENT,1236,5,1,0,16,1,0
13971,115.08,PAYMENT,581,1,0,0,18,0,0
13972,310.08,CASH_IN,1718,2,0,0,2,0,0
13973,172.1,PAYMENT,793,2,0,0,12,0,0
13974,78.01,PAYMENT,2818,4,0,0,7,0,0
13975,192.77,CASH_OUT,1046,4,0,0,23,0,1
13976,106.61,CASH_IN,2550,4,0,0,3,0,0
13977,357.98,CASH_IN,495,4,0,0,19,1,1
13978,207.07,TRANSFER,1983,5,0,0,19,0,0
13979,108.28,TRANSFER,1365,5,0,0,14,1,0
13980,187.08,CASH_IN,331,1,0,1,3,0,0
13981,552.83,TRANSFER,725,1,0,0,22,0,1
13982,83.96,TRANSFER,2795,1,0,0,7,0,0
13983,222.0,TRANSFER,488,1,0,0,17,1,0
13984,138.32,PAYMENT,1976,2,0,0,1,1,1
13985,227.46,TRANSFER,2167,1,0,0,6,0,0
13986,77.13,PAYMENT,2193,4,0,1,20,0,0
13987,165.73,PAYMENT,2752,5,0,0,12,0,0
13988,449.36,DEBIT,2477,4,0,0,19,0,0
13989,58.15,PAYMENT,1553,1,0,0,15,0,0
13990,39.28,PAYMENT,1713,0,0,0,17,0,0
13991,40.79,PAYMENT,1836,3,0,0,8,1,0
13992,46.03,TRANSFER,139,3,0,0,7,0,0
13993,269.16,DEBIT,2277,2,0,0,5,1,0
13994,36.38,CASH_OUT,821,1,0,0,17,2,0
13995,110.18,CASH_IN,2669,3,0,0,21,1,0
13996,275.42,CASH_IN,1016,3,0,0,9,0,0
13997,225.13,DEBIT,2840,3,0,0,4,0,0
13998,100.93,PAYMENT,1273,4,0,0,13,0,0
13999,179.63,TRANSFER,102,4,1,1,9,1,1
14000,165.2,PAYMENT,907,1,0,0,16,2,0
14001,118.6,PAYMENT,2794,4,0,1,21,1,0
14002,120.2,CASH_OUT,2512,1,0,0,14,0,1
14003,1387.73,TRANSFER,1725,2,0,0,15,0,0
14004,333.39,CASH_OUT,621,4,0,0,3,0,0
14005,1773.39,PAYMENT,144,4,0,0,22,0,1
14006,90.29,PAYMENT,54,4,0,1,17,0,0
14007,136.32,PAYMENT,2254,3,0,0,12,0,0
14008,39.17,CASH_IN,1332,4,1,0,20,0,1
14009,66.05,CASH_OUT,2370,3,0,0,14,1,1
14010,994.17,DEBIT,1273,1,0,0,6,0,0
14011,88.06,CASH_IN,1056,3,0,1,22,0,0
14012,1011.59,TRANSFER,344,1,0,0,17,0,1
14013,42.8,PAYMENT,1460,3,0,0,1,0,0
14014,51.76,CASH_OUT,1598,5,0,0,10,1,0
14015,105.51,CASH_OUT,2771,3,0,0,7,1,1
14016,139.25,TRANSFER,2628,4,0,1,1,1,1
14017,373.56,PAYMENT,2140,3,0,0,21,1,0
14018,232.94,TRANSFER,1142,1,0,0,15,0,0
14019,97.87,PAYMENT,132,1,0,0,23,1,0
14020,129.89,DEBIT,1906,1,0,0,17,0,0
14021,107.87,CASH_OUT,1752,4,0,0,15,0,0
14022,59.46,PAYMENT,188,1,0,0,17,0,0
14023,61.07,PAYMENT,2638,4,1,0,8,0,0
14024,414.84,CASH_OUT,763,0,0,0,13,0,0
14025,23.85,CASH_OUT,388,3,0,0,18,0,0
14026,747.97,TRANSFER,2058,6,0,0,12,0,0
14027,105.32,CASH_OUT,2777,4,0,0,20,0,0
14028,68.55,CASH_OUT,794,1,0,0,13,0,0
14029,310.99,PAYMENT,2954,1,0,0,19,1,0
14030,655.38,DEBIT,2567,3,0,0,15,0,0
14031,453.79,TRANSFER,221,2,0,0,4,0,0
14032,245.15,PAYMENT,273,7,0,0,0,0,0
14033,440.04,PAYMENT,963,2,0,0,0,0,0
14034,26.67,PAYMENT,612,2,0,0,18,0,0
14035,88.07,PAYMENT,1130,2,0,0,12,1,1
14036,59.67,CASH_OUT,762,5,0,0,18,0,0
14037,505.04,PAYMENT,1829,4,0,0,10,1,1
14038,101.14,CASH_IN,810,2,0,0,20,0,0
14039,345.64,CASH_OUT,823,5,0,0,22,0,0
14040,253.63,PAYMENT,1032,5,1,0,16,1,0
14041,62.66,PAYMENT,2983,1,0,0,7,0,1
14042,82.52,TRANSFER,2810,5,0,0,13,1,0
14043,541.22,PAYMENT,120,4,0,0,14,1,0
14044,68.34,PAYMENT,2645,1,0,0,7,0,0
14045,168.15,PAYMENT,2465,2,0,0,17,0,0
14046,67.86,PAYMENT,1671,1,0,0,4,1,0
14047,108.42,PAYMENT,1957,4,0,0,3,2,0
14048,141.72,PAYMENT,465,4,0,0,0,0,0
14049,67.84,CASH_IN,1858,1,0,0,2,0,0
14050,56.8,PAYMENT,1946,4,0,0,19,0,0
14051,197.61,TRANSFER,2993,2,0,0,13,1,0
14052,63.77,PAYMENT,76,1,0,0,20,0,0
14053,65.98,PAYMENT,999,4,1,0,4,1,0
14054,58.03,CASH_OUT,2384,2,0,0,16,1,0
14055,137.29,PAYMENT,143,4,0,0,9,1,0
14056,381.34,PAYMENT,1111,1,0,0,11,0,0
14057,669.5,TRANSFER,73,2,0,0,7,0,0
14058,71.81,PAYMENT,2431,2,0,0,9,0,0
14059,1274.5,TRANSFER,1832,2,0,0,9,0,1
14060,54.34,PAYMENT,1065,4,0,0,9,0,0
14061,438.58,PAYMENT,423,2,0,0,9,2,0
14062,72.12,PAYMENT,2794,2,0,0,10,1,0
14063,62.12,DEBIT,1619,6,0,0,11,0,0
14064,70.47,TRANSFER,789,3,0,0,6,0,0
14065,140.83,TRANSFER,1467,1,1,0,10,1,0
14066,265.06,CASH_OUT,1964,2,0,0,13,0,0
14067,290.0,CASH_OUT,1555,2,0,0,23,0,0
14068,57.74,CASH_OUT,1701,1,0,0,23,1,1
14069,55.17,CASH_OUT,259,1,0,0,19,1,0
14070,59.34,TRANSFER,385,7,1,0,12,0,0
14071,132.77,PAYMENT,2501,3,1,0,23,0,0
14072,120.28,CASH_IN,529,4,0,0,14,1,0
14073,57.39,CASH_IN,1826,5,0,0,5,0,0
14074,194.34,PAYMENT,1533,2,0,0,13,0,0
14075,1425.91,TRANSFER,49,2,0,0,0,0,1
14076,89.59,CASH_OUT,244,5,0,0,16,0,0
14077,96.21,PAYMENT,773,2,0,0,16,0,0
14078,259.73,DEBIT,2571,8,0,0,14,0,1
14079,84.88,TRANSFER,2195,1,0,0,13,0,1
14080,289.73,CASH_OUT,2638,2,0,1,4,0,1
14081,72.35,PAYMENT,1684,0,0,0,15,0,0
14082,927.15,PAYMENT,1503,2,0,0,19,0,0
14083,209.51,PAYMENT,1712,2,0,0,11,0,0
14084,79.84,PAYMENT,292,4,1,0,15,0,0
14085,82.38,TRANSFER,2006,5,0,0,18,0,0
14086,88.78,CASH_IN,365,4,0,0,14,1,0
14087,585.67,TRANSFER,551,0,0,0,19,0,0
14088,41.73,PAYMENT,2952,4,0,1,4,2,1
14089,76.1,PAYMENT,1186,4,1,0,1,0,1
14090,84.63,CASH_OUT,1046,3,0,0,20,0,0
14091,146.1,TRANSFER,2281,1,0,1,17,0,0
14092,113.17,DEBIT,1013,2,1,0,13,0,1
14093,33.41,CASH_OUT,1589,3,0,0,9,0,0
14094,99.5,CASH_IN,2732,2,0,0,5,1,0
14095,134.35,PAYMENT,2933,1,1,0,20,0,0
14096,79.19,CASH_OUT,2293,6,1,1,1,1,1
14097,294.94,PAYMENT,263,1,0,0,8,0,0
14098,372.19,TRANSFER,1620,3,1,0,1,0,1
14099,137.22,TRANSFER,431,2,1,0,13,2,0
14100,186.89,TRANSFER,1736,1,0,0,2,0,0
14101,17.1,PAYMENT,2562,5,0,0,23,0,0
14102,97.41,TRANSFER,419,3,0,0,0,0,0
14103,405.38,PAYMENT,202,2,0,0,5,1,0
14104,97.18,PAYMENT,2870,2,0,0,8,0,0
14105,71.0,CASH_OUT,536,0,0,1,13,0,0
14106,1447.64,DEBIT,2221,3,0,0,1,0,1
14107,915.14,CASH_OUT,276,5,0,0,5,0,0
14108,236.89,TRANSFER,2618,4,0,0,0,0,0
14109,463.55,PAYMENT,2397,1,0,0,1,0,0
14110,16.02,PAYMENT,714,3,0,0,3,0,0
14111,67.52,PAYMENT,2311,3,0,0,12,0,0
14112,92.76,DEBIT,591,3,0,0,4,0,0
14113,117.22,PAYMENT,2575,3,0,0,12,0,0
14114,90.93,CASH_IN,2744,2,0,0,17,1,0
14115,11.59,CASH_OUT,2689,4,1,1,12,0,0
14116,218.33,CASH_OUT,1472,0,0,0,16,0,0
14117,255.61,DEBIT,2669,3,0,0,16,0,0
14118,736.49,PAYMENT,2618,1,0,0,23,0,0
14119,67.47,TRANSFER,91,4,0,0,1,0,1
14120,62.17,CASH_IN,1124,7,0,0,23,0,0
14121,10.18,TRANSFER,1948,5,0,0,4,2,0
14122,110.66,PAYMENT,1855,5,0,0,4,1,0
14123,365.44,PAYMENT,973,0,1,0,10,1,0
14124,80.5,CASH_OUT,2722,6,0,0,23,0,0
14125,1265.78,PAYMENT,146,1,0,0,17,0,1
14126,114.82,DEBIT,2587,1,0,1,9,1,0
14127,171.91,PAYMENT,1573,5,0,0,22,2,0
14128,37.97,CASH_OUT,1253,1,0,0,20,0,0
14129,197.79,CASH_OUT,2632,2,1,0,12,0,0
14130,20.51,TRANSFER,1018,2,0,0,14,1,0
14131,296.99,TRANSFER,1745,1,0,0,16,0,0
14132,306.26,CASH_IN,2919,4,0,0,11,1,0
14133,577.84,CASH_OUT,2627,4,0,0,16,0,0
14134,53.52,CASH_OUT,2852,3,0,0,6,0,0
14135,174.26,PAYMENT,2414,4,1,0,20,0,0
14136,260.82,PAYMENT,213,2,0,0,2,0,0
14137,230.97,PAYMENT,1483,3,0,1,12,0,0
14138,62.47,PAYMENT,2357,4,1,0,1,0,0
14139,13.57,CASH_OUT,2880,4,0,0,3,0,0
14140,209.97,TRANSFER,1766,1,0,0,11,0,0
14141,127.42,CASH_OUT,2016,4,0,0,17,0,0
14142,84.21,PAYMENT,1353,2,1,0,9,0,0
14143,318.6,PAYMENT,545,2,1,0,8,0,0
14144,141.89,CASH_IN,2067,1,0,1,9,0,0
14145,39.68,DEBIT,148,1,0,1,0,0,0
14146,21.51,DEBIT,821,5,1,0,9,0,0
14147,47.99,CASH_IN,2916,3,0,0,4,1,0
14148,1624.59,CASH_OUT,2511,3,0,0,7,1,1
14149,305.75,DEBIT,2040,1,0,0,6,0,0
14150,179.22,CASH_OUT,1455,9,0,0,2,0,1
14151,123.76,DEBIT,697,3,0,0,1,2,0
14152,115.89,PAYMENT,1466,4,0,0,9,2,0
14153,476.85,DEBIT,2406,2,0,0,9,0,0
14154,90.87,TRANSFER,132,5,1,0,14,0,1
14155,264.26,PAYMENT,900,4,0,1,8,0,0
14156,104.75,PAYMENT,1394,2,0,1,18,0,0
14157,1032.93,CASH_IN,1994,2,0,1,9,0,0
14158,311.78,TRANSFER,1956,5,0,0,17,1,0
14159,515.72,DEBIT,1098,3,0,0,9,0,0
14160,82.73,PAYMENT,2422,2,0,0,11,1,1
14161,427.58,TRANSFER,2487,3,0,0,2,1,0
14162,108.57,PAYMENT,1635,5,0,0,7,0,0
14163,165.68,TRANSFER,78,4,0,0,23,0,1
14164,761.32,CASH_OUT,148,3,0,0,19,1,1
14165,52.31,CASH_OUT,881,1,0,0,13,0,0
14166,181.86,PAYMENT,1455,3,0,0,0,0,0
14167,229.98,PAYMENT,497,3,0,0,3,1,0
14168,249.64,PAYMENT,1583,0,0,0,20,0,0
14169,94.56,CASH_IN,76,2,0,0,23,0,0
14170,1195.43,PAYMENT,30,6,0,1,8,1,1
14171,40.65,PAYMENT,190,3,1,1,0,0,0
14172,638.35,TRANSFER,1348,3,0,0,2,1,0
14173,500.23,CASH_IN,653,2,0,0,15,0,0
14174,993.16,PAYMENT,52,4,0,0,3,0,0
14175,30.32,PAYMENT,1323,0,1,0,2,0,1
14176,62.25,CASH_OUT,2553,6,0,0,7,0,0
14177,659.8,DEBIT,2034,4,0,1,4,0,0
14178,22.71,CASH_OUT,2842,2,0,0,17,2,1
14179,29.77,PAYMENT,1993,5,0,0,6,0,0
14180,91.08,TRANSFER,1346,4,1,0,7,0,0
14181,179.83,DEBIT,1641,3,0,0,21,1,0
14182,729.4,TRANSFER,528,4,0,0,10,0,0
14183,123.31,PAYMENT,1730,6,0,1,11,1,0
14184,80.78,PAYMENT,516,0,0,0,23,0,0
14185,202.63,DEBIT,408,5,0,0,16,0,0
14186,237.36,CASH_OUT,804,3,0,0,22,0,0
14187,230.73,CASH_OUT,1674,2,0,0,3,0,0
14188,124.21,PAYMENT,918,2,0,0,17,2,1
14189,21.01,TRANSFER,721,3,0,0,7,0,1
14190,59.29,PAYMENT,2589,0,0,1,6,0,0
14191,614.17,PAYMENT,43,5,0,1,13,0,0
14192,178.94,CASH_IN,2321,4,0,1,18,0,0
14193,107.5,PAYMENT,1876,3,0,0,20,0,0
14194,454.03,PAYMENT,2291,3,0,0,21,0,0
14195,47.94,DEBIT,2126,2,1,0,17,0,0
14196,118.47,PAYMENT,1134,1,0,0,0,1,0
14197,170.33,CASH_OUT,1600,1,1,0,3,2,0
14198,95.45,CASH_OUT,907,0,0,0,12,0,0
14199,164.15,DEBIT,210,2,0,0,1,0,0
14200,123.01,CASH_IN,701,4,0,1,2,1,0
14201,36.62,CASH_OUT,899,2,1,1,0,0,1
14202,177.95,PAYMENT,246,4,0,0,2,0,0
14203,39.32,TRANSFER,1319,4,0,0,3,0,1
14204,175.15,DEBIT,2840,2,0,0,19,0,0
14205,586.48,PAYMENT,654,2,0,0,3,0,0
14206,112.05,CASH_OUT,2267,1,1,0,23,0,1
14207,45.99,PAYMENT,2079,8,0,0,15,0,0
14208,130.71,PAYMENT,1628,3,0,0,1,0,0
14209,64.59,PAYMENT,489,3,0,0,5,0,0
14210,268.95,PAYMENT,661,3,0,0,11,0,0
14211,128.0,DEBIT,786,1,0,0,15,0,0
14212,820.38,CASH_IN,2861,1,0,0,5,0,0
14213,474.85,TRANSFER,160,1,0,0,4,0,1
14214,127.35,CASH_OUT,559,6,0,0,19,1,0
14215,303.57,TRANSFER,1284,2,0,0,17,1,0
14216,100.16,CASH_IN,1863,5,0,0,19,2,0
14217,153.54,CASH_IN,261,3,1,0,1,0,0
14218,103.4,PAYMENT,2493,1,0,0,13,0,0
14219,319.4,TRANSFER,1177,5,0,0,12,0,0
14220,622.03,CASH_OUT,591,1,0,0,6,0,0
14221,329.85,DEBIT,206,4,0,0,16,0,0
14222,373.13,CASH_OUT,1125,3,0,0,19,0,0
14223,373.54,CASH_IN,2202,4,0,0,17,0,0
14224,257.56,CASH_IN,2460,6,1,0,15,2,0
14225,47.5,TRANSFER,2262,3,0,0,3,0,0
14226,813.2,CASH_IN,113,2,0,1,1,0,0
14227,901.82,PAYMENT,694,4,0,0,6,1,0
14228,117.46,PAYMENT,2787,4,0,0,23,0,0
14229,102.44,CASH_OUT,2809,3,0,0,8,0,0
14230,273.8,PAYMENT,1076,2,0,0,11,0,0
14231,257.45,PAYMENT,1013,3,1,0,1,0,0
14232,121.27,CASH_OUT,935,3,0,0,3,1,0
14233,42.52,TRANSFER,2727,3,0,1,9,0,0
14234,201.48,DEBIT,1967,5,0,0,12,0,0
14235,257.61,DEBIT,1760,3,0,0,7,0,0
14236,306.68,TRANSFER,1150,4,0,0,18,1,0
14237,210.46,TRANSFER,1639,6,0,0,2,0,1
14238,113.17,CASH_OUT,568,3,0,0,19,0,0
14239,401.02,TRANSFER,2240,2,0,0,0,1,1
14240,158.51,PAYMENT,2139,2,0,0,18,1,1
14241,93.23,CASH_OUT,431,2,0,0,15,1,0
14242,123.88,CASH_OUT,292,3,0,0,14,0,0
14243,25.89,PAYMENT,228,5,0,0,0,0,0
14244,123.69,CASH_IN,1267,6,0,0,11,0,0
14245,295.43,CASH_OUT,2855,1,0,0,12,2,0
14246,208.47,PAYMENT,1561,3,0,0,9,2,0
14247,679.03,CASH_OUT,56,0,0,0,12,1,1
14248,114.09,PAYMENT,1034,5,0,1,7,1,1
14249,241.61,PAYMENT,1001,7,0,1,10,1,0
14250,327.91,CASH_IN,1248,4,0,0,16,0,0
14251,1545.12,DEBIT,1492,1,1,0,0,0,0
14252,171.53,PAYMENT,2893,5,1,0,20,0,0
14253,52.24,DEBIT,2400,2,0,0,13,1,0
14254,346.52,PAYMENT,374,3,0,0,18,0,0
14255,958.84,PAYMENT,2916,4,0,0,1,0,0
14256,107.5,PAYMENT,1663,2,1,0,15,0,0
14257,344.15,PAYMENT,1255,4,0,0,13,1,0
14258,507.11,PAYMENT,789,0,0,0,23,1,0
14259,410.37,DEBIT,1401,4,0,0,18,0,0
14260,168.27,PAYMENT,2088,2,0,1,4,1,1
14261,73.81,PAYMENT,464,4,0,0,5,0,0
14262,136.83,CASH_OUT,869,1,0,0,19,1,0
14263,234.77,PAYMENT,2225,5,0,0,7,0,0
14264,368.05,CASH_OUT,1947,4,0,0,1,0,0
14265,207.25,TRANSFER,2346,2,0,0,8,0,0
14266,101.5,PAYMENT,2792,4,0,0,15,1,1
14267,258.63,CASH_OUT,265,1,0,0,8,0,0
14268,350.75,PAYMENT,672,3,0,0,4,0,0
14269,216.94,PAYMENT,940,5,0,1,6,0,0
14270,64.32,PAYMENT,2841,3,0,0,11,0,0
14271,123.79,TRANSFER,2329,4,0,0,23,1,1
14272,382.92,CASH_OUT,2645,4,0,0,16,0,0
14273,37.23,TRANSFER,921,4,0,0,21,0,0
14274,18.3,TRANSFER,790,4,0,0,15,2,0
14275,670.54,TRANSFER,1255,2,0,1,9,0,0
14276,247.5,PAYMENT,2326,2,0,0,10,0,0
14277,272.25,DEBIT,843,3,0,1,17,0,0
14278,50.56,DEBIT,2450,2,0,0,1,0,0
14279,310.3,TRANSFER,205,1,0,0,16,0,0
14280,195.44,PAYMENT,1278,1,0,0,15,1,1
14281,30.44,TRANSFER,894,1,0,0,22,0,0
14282,616.64,PAYMENT,1716,2,0,0,23,0,0
14283,173.94,TRANSFER,2516,7,0,0,12,0,0
14284,99.87,PAYMENT,1364,1,0,0,6,0,0
14285,101.7,CASH_OUT,2131,3,0,0,2,0,0
14286,19.78,PAYMENT,2398,5,0,0,5,0,0
14287,268.63,DEBIT,1272,2,0,0,15,0,0
14288,192.84,PAYMENT,2896,6,0,0,20,0,0
14289,122.23,CASH_OUT,957,2,0,0,2,1,1
14290,532.98,DEBIT,1522,6,0,0,8,0,0
14291,37.19,PAYMENT,2825,2,0,0,15,0,0
14292,81.71,DEBIT,2973,1,0,0,9,0,0
14293,63.43,PAYMENT,433,2,0,1,4,0,1
14294,112.3,DEBIT,376,4,1,1,13,0,0
14295,158.77,DEBIT,2753,3,0,1,21,0,0
14296,228.15,PAYMENT,518,6,0,0,14,1,1
14297,104.9,CASH_IN,2877,5,1,0,9,0,1
14298,61.72,PAYMENT,2436,1,1,1,10,0,0
14299,801.12,PAYMENT,1110,5,0,0,0,1,1
14300,1655.14,PAYMENT,1140,5,0,0,16,0,0
14301,171.28,PAYMENT,2455,4,0,0,1,0,0
14302,69.63,CASH_OUT,960,4,1,0,8,0,0
14303,649.01,TRANSFER,2156,3,0,0,7,1,0
14304,34.93,CASH_OUT,1416,4,1,0,5,0,0
14305,106.19,PAYMENT,999,2,0,0,21,0,0
14306,73.99,DEBIT,337,2,0,0,7,0,0
14307,46.55,PAYMENT,1964,4,0,0,20,1,0
14308,112.17,PAYMENT,1006,3,1,0,0,0,0
14309,62.54,CASH_OUT,720,6,0,0,1,1,0
14310,150.3,CASH_IN,2300,3,1,0,14,0,1
14311,152.5,CASH_OUT,2733,3,0,0,7,2,0
14312,79.73,TRANSFER,193,5,1,0,0,0,0
14313,102.46,PAYMENT,1348,3,0,1,21,1,1
14314,117.82,PAYMENT,680,2,0,0,15,0,1
14315,333.57,TRANSFER,2039,3,1,0,21,0,1
14316,127.94,TRANSFER,2389,5,0,0,19,0,0
14317,338.56,PAYMENT,2247,4,0,0,20,0,0
14318,266.62,TRANSFER,2124,2,0,0,21,0,0
14319,262.84,CASH_OUT,35,5,0,0,20,1,0
14320,594.57,CASH_OUT,1600,2,0,0,1,2,0
14321,48.45,PAYMENT,933,9,0,0,21,0,0
14322,92.46,TRANSFER,1231,3,0,0,11,0,0
14323,865.49,PAYMENT,1176,4,0,0,19,0,0
14324,114.74,PAYMENT,786,4,0,0,13,0,0
14325,8.89,CASH_OUT,941,1,0,0,3,0,1
14326,121.15,CASH_OUT,2598,1,1,0,12,1,0
14327,169.85,CASH_OUT,872,0,1,0,12,0,0
14328,10.84,PAYMENT,1881,6,0,0,21,1,0
14329,563.37,DEBIT,592,6,0,0,7,0,0
14330,72.7,PAYMENT,1867,4,1,1,19,0,1
14331,206.14,CASH_IN,2404,1,0,0,20,0,0
14332,118.39,PAYMENT,1961,4,0,0,3,0,1
14333,40.92,PAYMENT,2960,2,0,0,9,2,1
14334,50.88,PAYMENT,2821,5,0,0,15,0,0
14335,58.26,PAYMENT,1058,2,0,0,20,0,0
14336,439.52,TRANSFER,72,2,0,0,15,0,0
14337,128.06,DEBIT,2938,0,0,0,14,0,0
14338,88.07,PAYMENT,1619,4,0,0,21,0,0
14339,58.29,CASH_OUT,2973,0,0,1,23,0,0
14340,490.86,CASH_IN,2208,1,0,0,0,0,0
14341,641.75,CASH_OUT,1268,4,0,0,16,0,0
14342,485.29,PAYMENT,937,5,0,0,19,0,0
14343,242.85,DEBIT,606,3,1,0,8,0,0
14344,198.31,PAYMENT,289,4,1,0,16,0,0
14345,43.99,TRANSFER,2513,1,0,0,23,1,1
14346,116.07,CASH_OUT,2460,2,0,0,6,0,0
14347,74.9,PAYMENT,2787,4,0,0,0,0,1
14348,23.91,CASH_OUT,1471,3,0,0,18,0,0
14349,427.11,PAYMENT,1528,1,0,0,10,0,0
14350,74.01,PAYMENT,1162,3,0,0,8,1,0
14351,490.75,PAYMENT,557,4,1,0,5,0,0
14352,358.43,DEBIT,2792,1,0,0,21,0,0
14353,258.97,CASH_IN,1707,2,1,0,6,1,0
14354,273.93,PAYMENT,899,2,0,0,5,0,0
14355,80.21,PAYMENT,2061,2,0,0,19,0,0
14356,951.32,PAYMENT,615,5,0,0,0,0,0
14357,154.95,TRANSFER,1618,3,0,0,12,0,0
14358,200.72,CASH_IN,1171,1,0,0,19,0,0
14359,77.55,DEBIT,604,3,1,0,0,0,0
14360,58.49,CASH_OUT,170,3,0,0,12,0,0
14361,239.2,TRANSFER,2302,3,0,1,3,0,0
14362,184.47,PAYMENT,1236,3,1,0,6,1,0
14363,67.4,PAYMENT,2238,2,1,0,3,0,0
14364,35.22,TRANSFER,1115,2,0,1,4,0,1
14365,41.68,TRANSFER,426,1,0,1,22,1,0
14366,490.85,CASH_IN,1894,4,1,0,18,0,0
14367,80.38,PAYMENT,1450,4,0,1,20,0,0
14368,105.75,PAYMENT,2093,1,0,0,2,0,1
14369,632.92,TRANSFER,2306,5,0,0,7,1,1
14370,48.32,DEBIT,467,0,1,0,3,2,0
14371,71.74,CASH_OUT,2491,2,0,0,9,1,0
14372,68.8,PAYMENT,2686,4,0,0,15,0,0
14373,748.5,CASH_IN,1885,2,0,0,8,1,1
14374,1089.4,TRANSFER,2915,3,0,0,3,0,1
14375,314.68,PAYMENT,681,8,0,1,13,2,0
14376,324.86,PAYMENT,2207,1,0,0,10,2,0
14377,83.07,TRANSFER,684,3,0,0,18,0,1
14378,1040.37,TRANSFER,878,1,1,0,1,1,1
14379,193.97,CASH_OUT,2769,2,0,0,22,0,0
14380,348.32,TRANSFER,1216,2,0,0,13,1,0
14381,133.55,PAYMENT,507,1,0,0,18,0,0
14382,113.52,PAYMENT,1688,4,0,0,19,0,0
14383,782.93,CASH_IN,1091,3,0,1,7,2,1
14384,254.61,CASH_OUT,1005,2,0,0,11,0,0
14385,633.57,TRANSFER,2926,5,0,0,4,0,1
14386,191.58,PAYMENT,1817,3,1,0,13,2,0
14387,63.54,PAYMENT,548,3,1,0,8,0,1
14388,82.82,PAYMENT,2978,2,0,0,7,0,0
14389,164.51,PAYMENT,1221,2,0,0,15,0,0
14390,79.32,TRANSFER,94,1,0,0,3,0,0
14391,49.04,CASH_IN,2529,1,0,0,22,1,0
14392,493.45,PAYMENT,882,2,0,0,8,0,1
14393,86.07,CASH_IN,199,1,0,0,3,0,1
14394,170.41,CASH_OUT,767,3,0,0,17,0,0
14395,199.56,PAYMENT,2308,2,0,0,17,0,0
14396,82.42,CASH_OUT,991,4,0,0,10,0,0
14397,633.21,PAYMENT,35,4,0,0,3,0,1
14398,48.56,CASH_OUT,293,2,0,0,14,0,0
14399,192.79,PAYMENT,960,3,0,0,23,0,0
14400,189.83,PAYMENT,82,2,0,0,13,1,0
14401,140.58,TRANSFER,2096,2,0,0,5,0,0
14402,40.57,PAYMENT,2342,4,0,0,13,0,0
14403,354.54,PAYMENT,2883,8,1,0,19,0,0
14404,312.16,PAYMENT,2237,1,0,0,19,0,0
14405,75.52,TRANSFER,2462,3,0,0,3,1,1
14406,301.11,CASH_IN,904,7,1,1,13,0,0
14407,215.92,PAYMENT,2957,3,1,0,23,0,0
14408,41.24,PAYMENT,2613,3,1,0,5,0,0
14409,63.19,TRANSFER,2207,6,0,0,5,1,1
14410,463.26,PAYMENT,1309,3,0,1,12,0,1
14411,202.23,CASH_OUT,279,3,0,1,0,0,1
14412,84.41,PAYMENT,2991,1,0,0,11,0,0
14413,62.9,CASH_OUT,647,3,0,0,3,0,0
14414,88.64,TRANSFER,2433,1,0,0,2,1,1
14415,95.16,PAYMENT,2389,1,0,0,18,0,0
14416,63.69,CASH_OUT,1536,1,0,0,3,0,1
14417,26.0,TRANSFER,2109,5,0,1,15,0,0
14418,464.06,PAYMENT,2915,3,0,0,0,1,1
14419,391.75,PAYMENT,122,4,0,0,1,1,0
14420,41.54,PAYMENT,920,1,0,0,19,2,0
14421,170.09,TRANSFER,1989,4,0,0,11,0,0
14422,60.21,PAYMENT,63,3,0,0,18,0,0
14423,114.25,TRANSFER,881,1,0,0,23,0,1
14424,105.13,CASH_OUT,1397,3,1,0,9,0,0
14425,96.75,CASH_IN,638,2,0,0,10,1,0
14426,1099.87,CASH_OUT,537,5,0,0,2,0,1
14427,95.55,CASH_OUT,2390,10,0,0,13,0,0
14428,66.14,CASH_OUT,973,3,0,0,3,0,1
14429,69.23,DEBIT,1257,2,0,0,5,0,0
14430,421.48,PAYMENT,61,4,0,0,20,0,0
14431,28.44,PAYMENT,666,4,0,0,8,0,1
14432,69.23,PAYMENT,649,2,0,0,15,0,0
14433,630.7,TRANSFER,752,1,0,0,5,1,0
14434,189.42,PAYMENT,1029,5,0,0,2,1,0
14435,179.81,PAYMENT,31,2,0,1,7,0,0
14436,1251.56,TRANSFER,1040,5,0,0,4,0,0
14437,189.87,DEBIT,1515,5,0,0,16,0,0
14438,73.1,DEBIT,1236,2,1,0,15,0,0
14439,111.94,CASH_OUT,1342,3,0,0,10,1,0
14440,47.68,PAYMENT,2173,3,0,0,14,0,0
14441,521.1,CASH_IN,2582,2,0,0,10,0,0
14442,263.63,CASH_IN,1815,7,0,0,5,0,0
14443,456.88,DEBIT,240,4,0,0,21,0,0
14444,499.19,CASH_OUT,2017,1,0,0,4,1,0
14445,98.08,PAYMENT,1511,2,0,0,13,2,0
14446,57.7,PAYMENT,812,1,0,0,15,1,0
14447,140.93,DEBIT,141,3,0,0,2,0,0
14448,62.01,PAYMENT,1418,4,0,0,17,1,0
14449,175.03,PAYMENT,2053,3,0,1,0,0,0
14450,460.4,TRANSFER,1176,4,0,0,16,0,0
14451,125.44,PAYMENT,332,1,0,0,18,0,0
14452,172.43,DEBIT,726,2,0,1,3,0,0
14453,135.12,PAYMENT,890,2,1,1,0,0,0
14454,331.2,PAYMENT,284,6,1,0,0,0,0
14455,76.11,DEBIT,1282,2,0,0,15,1,0
14456,16.5,PAYMENT,1394,1,0,1,17,0,0
14457,237.67,CASH_IN,1618,2,0,0,23,0,0
14458,398.55,TRANSFER,371,3,0,0,15,0,0
14459,231.92,CASH_OUT,2833,1,0,0,22,0,0
14460,78.24,PAYMENT,287,3,0,0,4,0,0
14461,47.7,TRANSFER,1011,4,0,0,23,0,0
14462,243.35,PAYMENT,2306,3,1,0,16,1,0
14463,170.97,DEBIT,1393,4,1,0,1,0,0
14464,130.87,PAYMENT,461,2,0,0,13,0,0
14465,918.24,PAYMENT,147,0,0,0,23,0,0
14466,57.58,CASH_IN,2010,1,0,0,14,0,0
14467,875.71,TRANSFER,2977,4,0,0,15,0,0
14468,153.21,CASH_OUT,2103,4,0,0,21,0,1
14469,23.68,CASH_OUT,369,1,0,0,7,1,0
14470,124.06,PAYMENT,2248,2,0,0,11,0,0
14471,387.41,PAYMENT,1306,1,0,0,6,1,1
14472,103.02,DEBIT,561,7,0,0,12,0,0
14473,33.96,PAYMENT,378,1,0,0,10,0,0
14474,125.9,PAYMENT,2454,2,0,1,20,1,0
14475,62.98,CASH_OUT,1626,3,0,0,17,0,0
14476,242.7,PAYMENT,180,4,0,0,7,0,0
14477,321.63,CASH_OUT,1801,3,1,0,10,0,0
14478,51.61,TRANSFER,858,3,0,0,11,0,0
14479,73.27,CASH_IN,2307,4,1,0,2,0,1
14480,316.28,PAYMENT,2413,2,1,0,23,0,0
14481,62.88,PAYMENT,304,6,0,0,10,0,0
14482,50.29,CASH_IN,744,1,0,0,13,0,0
14483,45.66,PAYMENT,1257,3,0,0,18,1,0
14484,211.04,TRANSFER,1281,0,1,0,8,1,0
14485,202.18,CASH_OUT,2975,3,0,0,16,0,0
14486,74.89,CASH_OUT,286,4,0,0,12,0,0
14487,149.17,TRANSFER,710,4,0,0,16,0,1
14488,683.44,PAYMENT,1061,3,1,0,10,0,0
14489,56.03,CASH_OUT,2413,0,0,0,18,1,0
14490,21.08,PAYMENT,1672,3,0,0,14,0,0
14491,233.94,DEBIT,1009,4,0,0,12,2,0
14492,132.9,PAYMENT,2964,3,0,0,21,0,0
14493,72.96,CASH_IN,1753,3,0,0,16,0,0
14494,284.88,TRANSFER,1829,2,0,0,8,0,0
14495,343.51,PAYMENT,2407,2,0,1,18,1,0
14496,16.31,TRANSFER,272,0,0,0,8,0,0
14497,77.28,PAYMENT,2242,4,0,0,11,0,0
14498,1506.46,PAYMENT,988,1,0,0,3,0,0
14499,265.98,PAYMENT,509,2,0,0,23,1,0
14500,291.81,CASH_IN,2360,2,0,0,5,0,0
14501,479.57,PAYMENT,1148,3,1,0,4,0,1
14502,150.97,DEBIT,964,2,0,0,0,0,0
14503,329.21,PAYMENT,803,5,1,0,3,1,0
14504,304.31,CASH_OUT,238,5,0,0,6,0,0
14505,254.43,CASH_IN,1575,2,0,0,14,0,0
14506,107.55,DEBIT,2655,5,0,0,2,0,0
14507,176.28,PAYMENT,510,7,0,0,23,1,0
14508,82.4,CASH_OUT,1578,4,0,0,5,0,0
14509,150.33,PAYMENT,1033,3,0,0,2,0,0
14510,46.13,PAYMENT,393,4,1,0,18,0,0
14511,67.31,CASH_OUT,2500,1,1,0,14,0,0
14512,111.91,PAYMENT,1988,7,1,0,8,0,0
14513,57.76,PAYMENT,1667,9,0,1,11,1,0
14514,89.57,PAYMENT,2290,3,0,0,20,0,0
14515,125.97,PAYMENT,1222,4,0,0,14,0,0
14516,221.91,PAYMENT,1261,5,0,0,12,1,0
14517,383.47,CASH_IN,2047,4,0,1,5,0,0
14518,93.34,PAYMENT,1912,2,1,1,14,1,0
14519,564.03,CASH_OUT,1480,3,0,0,20,0,0
14520,379.41,CASH_OUT,1627,2,0,0,1,1,1
14521,245.7,TRANSFER,2976,1,0,0,3,0,1
14522,173.06,CASH_OUT,550,3,0,0,18,0,0
14523,204.2,CASH_OUT,969,0,1,0,23,0,1
14524,486.41,TRANSFER,1727,4,1,1,10,0,0
14525,504.51,PAYMENT,48,4,0,0,14,0,1
14526,563.94,DEBIT,1539,5,0,0,13,0,0
14527,154.68,DEBIT,1911,4,0,0,6,0,0
14528,258.52,CASH_OUT,559,6,1,0,23,0,0
14529,568.81,PAYMENT,2314,5,0,0,15,0,0
14530,79.54,TRANSFER,2181,4,0,0,20,0,0
14531,107.94,TRANSFER,966,5,0,0,23,0,0
14532,150.81,CASH_OUT,266,5,0,0,23,1,0
14533,364.89,CASH_OUT,1691,2,1,0,18,0,0
14534,370.62,TRANSFER,2638,2,1,0,18,1,0
14535,117.82,CASH_OUT,2001,2,0,1,13,1,1
14536,32.83,PAYMENT,1224,5,0,0,5,0,0
14537,189.84,CASH_OUT,626,2,0,0,1,0,0
14538,59.25,PAYMENT,2115,4,0,0,22,0,1
14539,33.45,CASH_OUT,972,3,0,0,21,2,0
14540,41.94,PAYMENT,420,2,1,0,1,0,0
14541,205.69,PAYMENT,2838,1,1,0,15,0,0
14542,578.85,PAYMENT,1873,2,0,0,3,1,0
14543,154.3,DEBIT,646,5,0,0,9,1,0
14544,183.35,CASH_OUT,2494,0,1,0,10,0,0
14545,484.39,PAYMENT,1014,0,0,1,6,0,0
14546,31.68,CASH_OUT,1077,5,1,0,10,2,0
14547,249.68,CASH_OUT,1340,2,0,0,22,0,0
14548,146.7,CASH_OUT,1308,5,1,0,3,0,1
14549,261.4,TRANSFER,1588,2,0,0,6,0,0
14550,91.52,PAYMENT,2404,3,0,0,3,1,0
14551,65.5,PAYMENT,2661,2,0,0,3,1,0
14552,170.8,PAYMENT,659,1,0,0,5,0,0
14553,772.16,CASH_OUT,428,3,0,0,1,0,0
14554,351.04,PAYMENT,185,3,0,0,15,0,0
14555,89.33,TRANSFER,1912,4,0,1,3,0,1
14556,38.82,PAYMENT,1180,2,0,0,2,0,0
14557,27.6,PAYMENT,306,1,0,0,2,0,0
14558,553.41,DEBIT,666,2,0,0,3,0,0
14559,57.11,DEBIT,903,1,1,0,5,0,0
14560,107.18,PAYMENT,939,3,0,0,21,0,0
14561,556.25,CASH_IN,50,0,0,0,17,0,0
14562,29.55,TRANSFER,1579,3,0,0,20,0,0
14563,660.02,CASH_OUT,1294,7,0,0,15,1,0
14564,115.16,PAYMENT,2184,2,0,0,8,1,0
14565,47.06,PAYMENT,745,2,1,0,19,0,0
14566,115.89,CASH_IN,569,2,0,0,1,1,1
14567,72.05,CASH_IN,1274,3,0,0,14,0,0
14568,230.63,TRANSFER,1667,2,0,0,5,1,1
14569,77.62,CASH_IN,2144,1,0,0,21,2,0
14570,21.94,CASH_OUT,2713,3,0,0,8,1,1
14571,119.04,PAYMENT,1854,2,0,0,20,0,0
14572,38.22,PAYMENT,271,3,0,0,7,0,0
14573,182.06,PAYMENT,425,4,0,0,2,1,0
14574,45.28,CASH_OUT,1256,5,0,1,22,0,0
14575,91.1,DEBIT,249,5,0,0,16,1,0
14576,178.14,TRANSFER,2768,5,1,0,2,1,1
14577,120.01,CASH_OUT,448,5,0,0,6,0,0
14578,190.65,CASH_OUT,1267,3,0,0,12,1,1
14579,293.03,PAYMENT,2436,0,0,0,1,0,1
14580,46.62,PAYMENT,530,7,0,0,15,0,0
14581,139.16,TRANSFER,1072,5,1,0,12,1,1
14582,5.31,TRANSFER,2858,2,0,0,5,0,0
14583,190.06,CASH_IN,816,3,1,0,23,0,0
14584,109.86,PAYMENT,705,2,0,0,12,0,0
14585,55.51,TRANSFER,2291,4,0,0,8,0,0
14586,203.51,CASH_OUT,2569,5,0,0,12,0,0
14587,479.48,PAYMENT,251,4,0,0,18,0,0
14588,92.2,TRANSFER,1953,3,0,0,0,0,1
14589,57.7,PAYMENT,2346,1,0,0,5,0,0
14590,175.04,TRANSFER,1137,1,1,0,2,0,1
14591,39.03,CASH_OUT,772,2,0,1,19,0,0
14592,76.68,PAYMENT,1955,7,0,0,12,0,0
14593,503.91,CASH_IN,2121,2,0,0,4,0,0
14594,157.93,PAYMENT,1641,2,0,1,16,0,0
14595,22.66,PAYMENT,1005,8,0,0,15,0,0
14596,24.61,TRANSFER,190,3,0,0,21,0,0
14597,174.53,CASH_IN,777,5,0,0,3,0,1
14598,351.56,PAYMENT,1430,2,0,0,8,0,0
14599,29.44,PAYMENT,337,7,0,0,17,0,0
14600,232.69,CASH_OUT,1924,2,0,0,3,0,0
14601,561.35,PAYMENT,146,1,0,0,0,0,1
14602,980.3,PAYMENT,1655,5,0,1,5,0,0
14603,206.69,PAYMENT,2416,2,1,0,17,0,0
14604,246.36,CASH_IN,1834,2,0,1,5,0,0
14605,17.58,DEBIT,917,3,0,0,4,0,0
14606,1211.67,PAYMENT,1703,1,0,0,0,0,0
14607,83.47,TRANSFER,1983,2,0,0,16,0,0
14608,58.35,PAYMENT,1660,1,0,0,0,0,0
14609,114.98,CASH_OUT,2744,1,0,0,20,0,1
14610,672.95,PAYMENT,983,3,0,0,19,2,0
14611,1350.25,PAYMENT,1760,3,0,0,15,0,0
14612,168.24,CASH_OUT,969,0,0,1,9,0,0
14613,402.66,PAYMENT,1058,2,0,0,9,1,1
14614,154.97,PAYMENT,2148,3,0,0,1,1,0
14615,52.57,DEBIT,2181,6,0,0,14,0,0
14616,649.85,DEBIT,85,2,0,0,8,0,0
14617,79.67,PAYMENT,1048,5,0,1,0,0,1
14618,689.2,TRANSFER,1360,1,0,0,5,0,0
14619,543.78,TRANSFER,2901,0,0,0,5,0,0
14620,274.25,TRANSFER,525,3,0,0,16,0,0
14621,924.24,DEBIT,1194,2,1,0,2,0,1
14622,1383.46,CASH_OUT,63,5,0,1,8,0,1
14623,124.56,CASH_OUT,1409,4,0,0,18,0,0
14624,66.1,PAYMENT,1471,8,0,1,17,0,0
14625,23.01,TRANSFER,82,6,0,0,15,1,1
14626,1400.64,TRANSFER,359,4,0,0,15,0,1
14627,95.61,PAYMENT,834,4,0,0,17,1,0
14628,461.76,PAYMENT,1699,0,0,0,14,0,0
14629,70.72,PAYMENT,178,0,0,0,19,1,0
14630,691.09,PAYMENT,1354,3,0,0,23,0,0
14631,73.69,PAYMENT,162,6,0,0,7,0,0
14632,45.07,PAYMENT,2336,2,1,1,22,0,1
14633,120.48,PAYMENT,1329,2,0,0,7,0,0
14634,87.2,TRANSFER,2793,3,0,0,18,0,0
14635,269.43,TRANSFER,2749,5,0,0,17,0,0
14636,140.98,PAYMENT,2224,3,0,0,6,0,0
14637,278.02,DEBIT,871,8,0,0,11,2,0
14638,110.94,TRANSFER,854,3,0,0,15,0,0
14639,76.32,CASH_OUT,1719,2,0,0,14,0,0
14640,82.8,DEBIT,1891,6,0,0,16,2,0
14641,1147.04,PAYMENT,525,2,1,0,11,1,1
14642,185.89,TRANSFER,2700,2,0,0,3,1,1
14643,20.41,TRANSFER,631,3,0,0,17,1,1
14644,88.22,PAYMENT,973,6,0,0,19,2,0
14645,163.51,PAYMENT,1469,1,0,0,9,1,0
14646,939.55,CASH_IN,160,2,0,1,5,0,0
14647,415.17,PAYMENT,752,5,0,0,10,0,0
14648,59.04,DEBIT,1281,3,0,0,1,0,0
14649,1666.29,CASH_OUT,794,2,0,0,15,0,1
14650,143.86,TRANSFER,1147,2,0,1,8,0,1
14651,516.12,PAYMENT,2754,1,1,0,6,0,0
14652,46.76,TRANSFER,601,1,1,0,1,0,0
14653,13.49,PAYMENT,127,2,0,0,0,0,0
14654,36.29,PAYMENT,1646,2,0,0,10,1,0
14655,5.75,CASH_IN,583,2,0,0,19,0,0
14656,1226.71,PAYMENT,1716,2,0,0,19,1,0
14657,183.93,TRANSFER,454,4,1,0,18,0,0
14658,58.87,CASH_IN,2662,6,0,0,12,0,0
14659,233.37,PAYMENT,2616,4,1,0,1,0,0
14660,179.35,TRANSFER,1646,5,0,0,21,0,0
14661,276.15,TRANSFER,1798,4,0,0,13,4,0
14662,497.47,TRANSFER,2251,2,0,0,11,0,1
14663,111.06,CASH_IN,814,4,0,0,22,0,0
14664,61.57,DEBIT,1678,1,1,0,14,1,1
14665,339.6,TRANSFER,2839,1,1,0,3,0,0
14666,331.07,TRANSFER,792,4,0,0,8,0,0
14667,164.14,TRANSFER,1580,1,0,0,12,0,0
14668,1309.7,CASH_OUT,1939,5,0,0,10,1,1
14669,95.79,CASH_OUT,982,1,0,0,13,0,1
14670,60.35,PAYMENT,2562,4,0,0,7,0,0
14671,225.45,PAYMENT,1222,3,0,0,13,1,0
14672,75.57,DEBIT,614,4,0,1,7,0,0
14673,243.6,PAYMENT,811,4,0,0,13,0,0
14674,64.52,CASH_OUT,805,3,0,0,23,0,0
14675,99.46,CASH_IN,2056,5,0,0,6,0,0
14676,983.23,PAYMENT,2921,2,0,0,3,0,0
14677,98.93,CASH_OUT,2656,3,0,0,22,1,0
14678,66.76,PAYMENT,2848,3,0,0,23,0,0
14679,478.51,DEBIT,459,0,0,0,2,0,0
14680,51.88,PAYMENT,2209,2,0,0,4,0,0
14681,74.22,TRANSFER,982,2,0,0,22,0,0
14682,264.16,TRANSFER,1227,2,0,1,17,0,0
14683,379.33,CASH_OUT,2464,5,0,1,22,2,1
14684,502.94,PAYMENT,1194,2,0,0,15,0,0
14685,70.3,TRANSFER,2725,7,0,0,1,1,0
14686,269.35,PAYMENT,643,3,0,0,22,0,0
14687,93.12,PAYMENT,401,2,0,0,6,1,0
14688,80.99,CASH_OUT,2891,4,0,0,17,2,0
14689,494.33,PAYMENT,316,1,0,0,2,0,0
14690,85.67,CASH_OUT,1262,1,1,0,20,0,0
14691,196.02,CASH_IN,2624,2,0,0,20,0,0
14692,173.4,DEBIT,1627,0,0,0,20,0,0
14693,50.87,CASH_OUT,971,3,0,0,1,1,0
14694,389.98,PAYMENT,2229,5,0,0,16,0,0
14695,259.9,TRANSFER,606,0,0,0,6,0,0
14696,20.36,DEBIT,2298,1,0,0,23,0,0
14697,195.86,CASH_IN,887,5,0,0,16,1,1
14698,68.51,TRANSFER,1353,1,0,1,6,0,0
14699,444.56,DEBIT,1408,1,0,0,10,0,0
14700,34.97,CASH_IN,1616,3,0,0,16,0,0
14701,103.91,DEBIT,2697,4,1,0,2,0,0
14702,213.16,CASH_OUT,885,0,1,0,9,0,0
14703,156.7,CASH_IN,2763,6,1,0,6,0,0
14704,318.29,CASH_IN,1854,2,1,0,20,0,0
14705,32.51,PAYMENT,1245,3,0,1,17,0,0
14706,774.27,DEBIT,1732,4,0,0,0,1,0
14707,250.92,PAYMENT,1297,2,0,0,9,0,0
14708,578.08,TRANSFER,796,2,0,0,12,0,0
14709,355.75,CASH_OUT,2135,4,1,0,5,0,0
14710,146.7,CASH_OUT,1079,2,0,0,16,0,1
14711,41.09,CASH_IN,515,3,0,0,2,1,0
14712,84.47,TRANSFER,1170,3,0,0,4,1,1
14713,727.46,PAYMENT,2319,0,0,1,19,0,0
14714,593.14,PAYMENT,872,3,0,0,7,0,0
14715,79.87,TRANSFER,1146,2,0,0,16,0,0
14716,8.86,CASH_OUT,250,4,0,0,19,2,0
14717,119.98,PAYMENT,742,1,0,0,6,1,0
14718,111.31,TRANSFER,256,2,0,0,15,0,0
14719,115.61,PAYMENT,2646,7,0,1,23,0,0
14720,251.78,CASH_OUT,1635,6,0,0,19,0,0
14721,356.46,PAYMENT,2662,1,0,0,14,0,0
14722,399.53,CASH_OUT,796,3,0,0,8,1,0
14723,231.76,PAYMENT,805,4,0,1,6,0,1
14724,24.51,PAYMENT,2680,2,0,0,23,1,0
14725,105.51,CASH_IN,1179,5,0,0,18,1,0
14726,1486.37,TRANSFER,2367,4,0,0,23,0,0
14727,215.77,TRANSFER,2576,1,0,0,11,0,0
14728,214.39,CASH_OUT,1525,2,0,0,8,0,1
14729,212.62,CASH_OUT,781,3,0,0,11,0,0
14730,224.84,CASH_OUT,2914,1,0,1,0,1,1
14731,13.69,CASH_OUT,551,3,0,0,4,1,1
14732,116.8,TRANSFER,1777,5,0,0,21,1,1
14733,142.89,PAYMENT,937,1,1,0,5,0,0
14734,534.59,PAYMENT,1724,1,0,0,9,0,0
14735,155.66,DEBIT,291,1,0,0,18,0,0
14736,28.6,DEBIT,2187,4,0,0,22,0,0
14737,228.17,PAYMENT,1828,2,0,0,1,0,0
14738,66.43,PAYMENT,530,3,0,0,0,0,0
14739,43.96,PAYMENT,2090,4,1,0,13,2,0
14740,64.45,CASH_OUT,92,6,0,0,21,0,0
14741,255.32,PAYMENT,1406,3,0,0,4,0,1
14742,522.57,CASH_OUT,2417,6,0,0,1,1,0
14743,240.55,DEBIT,1072,4,1,0,21,0,0
14744,279.23,DEBIT,771,5,1,0,12,0,0
14745,238.18,PAYMENT,2165,2,0,0,12,1,0
14746,164.24,DEBIT,610,2,0,0,7,0,0
14747,297.95,CASH_OUT,1203,3,0,0,3,0,0
14748,13.21,PAYMENT,1881,6,0,0,19,0,0
14749,165.85,TRANSFER,1843,3,0,0,16,1,0
14750,52.2,CASH_OUT,2169,4,0,0,12,0,0
14751,474.8,DEBIT,2222,2,0,0,3,0,0
14752,128.1,PAYMENT,1916,3,0,0,3,0,1
14753,153.08,PAYMENT,2252,4,0,0,6,2,0
14754,32.95,TRANSFER,2537,1,0,0,19,0,0
14755,410.28,DEBIT,2011,1,0,0,0,0,0
14756,277.92,DEBIT,732,1,0,0,8,0,0
14757,259.03,PAYMENT,2212,0,0,0,3,0,0
14758,65.82,PAYMENT,570,1,0,0,5,2,1
14759,68.47,DEBIT,266,0,0,0,20,0,0
14760,185.6,CASH_OUT,1765,4,0,0,1,0,0
14761,74.11,DEBIT,2849,3,0,0,6,0,1
14762,229.27,CASH_IN,1683,5,0,0,13,0,0
14763,17.1,PAYMENT,1645,7,0,0,23,2,0
14764,91.15,CASH_OUT,1640,5,0,0,14,1,0
14765,894.94,PAYMENT,1752,3,1,0,14,0,0
14766,230.32,CASH_IN,1094,2,0,0,8,0,0
14767,175.35,CASH_OUT,2323,3,0,0,14,0,0
14768,1080.55,DEBIT,857,4,0,0,10,0,0
14769,14.35,DEBIT,2536,4,0,0,20,0,0
14770,65.67,PAYMENT,994,5,0,0,3,0,0
14771,99.37,PAYMENT,2055,5,0,0,3,0,0
14772,350.15,TRANSFER,653,6,0,0,1,0,0
14773,356.26,CASH_IN,2281,4,1,0,18,0,1
14774,62.43,CASH_IN,1526,1,0,0,4,2,0
14775,402.6,DEBIT,2135,2,0,0,8,1,0
14776,99.16,CASH_OUT,2762,2,0,0,14,1,0
14777,498.52,PAYMENT,2666,2,0,0,7,1,0
14778,52.84,PAYMENT,2125,6,0,0,12,0,0
14779,131.2,PAYMENT,1143,2,0,0,21,1,0
14780,90.91,CASH_OUT,1576,6,0,0,16,1,0
14781,426.68,DEBIT,1621,5,0,0,3,0,0
14782,87.99,PAYMENT,820,2,1,0,1,0,1
14783,142.25,CASH_IN,2622,4,0,0,0,1,0
14784,246.36,PAYMENT,209,4,0,0,6,1,1
14785,256.02,PAYMENT,1169,5,0,0,4,0,0
14786,360.31,TRANSFER,57,1,1,0,6,3,0
14787,183.3,TRANSFER,1168,4,0,1,20,0,0
14788,97.69,DEBIT,2977,2,0,0,14,1,0
14789,104.62,TRANSFER,249,1,0,0,10,0,0
14790,152.27,PAYMENT,1808,3,0,0,13,1,0
14791,190.49,CASH_IN,2471,1,0,0,6,1,0
14792,128.1,DEBIT,2068,3,0,1,8,1,0
14793,151.29,CASH_OUT,2897,1,0,0,22,0,0
14794,32.55,PAYMENT,2789,1,0,0,21,0,0
14795,289.27,PAYMENT,1830,5,0,0,9,0,0
14796,177.88,PAYMENT,1839,2,0,0,15,0,0
14797,404.18,PAYMENT,735,3,0,1,7,0,0
14798,148.44,DEBIT,623,1,0,1,14,0,0
14799,26.09,PAYMENT,1733,5,0,0,17,0,0
14800,103.71,TRANSFER,2143,1,0,0,8,0,0
14801,121.52,CASH_OUT,301,2,0,0,6,1,0
14802,311.97,CASH_IN,1102,2,0,1,0,1,0
14803,18.72,PAYMENT,1407,5,0,0,1,1,0
14804,154.65,TRANSFER,2071,3,0,0,16,0,0
14805,248.06,PAYMENT,2652,2,0,0,13,0,0
14806,76.59,PAYMENT,965,0,0,0,18,0,0
14807,159.91,PAYMENT,2389,3,0,0,15,0,0
14808,79.28,TRANSFER,1407,7,0,0,15,0,0
14809,71.55,PAYMENT,2953,3,0,0,7,1,0
14810,98.65,TRANSFER,2922,1,0,0,5,0,1
14811,72.92,PAYMENT,1997,3,0,0,5,0,0
14812,294.01,DEBIT,1090,7,0,0,8,0,1
14813,71.17,TRANSFER,937,3,0,0,8,0,1
14814,60.16,CASH_IN,748,6,0,0,13,0,0
14815,869.51,PAYMENT,1788,2,0,0,9,0,0
14816,387.9,CASH_IN,2431,5,0,0,9,0,0
14817,23.07,TRANSFER,1597,2,0,0,19,1,1
14818,69.08,PAYMENT,393,5,0,0,8,0,0
14819,189.14,CASH_OUT,1716,2,0,0,11,0,0
14820,205.15,CASH_OUT,615,4,1,0,2,0,1
14821,33.43,DEBIT,1330,3,1,1,18,0,0
14822,472.75,CASH_OUT,232,3,0,0,11,0,1
14823,338.74,PAYMENT,1961,6,0,0,20,0,0
14824,240.3,PAYMENT,2586,6,1,0,2,0,0
14825,576.36,TRANSFER,644,6,0,0,4,0,1
14826,233.29,PAYMENT,204,1,1,0,11,0,0
14827,232.43,CASH_OUT,1264,3,0,1,22,0,0
14828,704.63,TRANSFER,1306,4,0,0,13,0,0
14829,446.4,DEBIT,1407,2,0,0,9,1,0
14830,63.98,TRANSFER,1919,4,0,0,5,0,0
14831,279.55,TRANSFER,1207,3,0,0,19,0,0
14832,76.38,PAYMENT,1349,5,0,0,1,0,0
14833,245.71,PAYMENT,981,5,0,0,19,0,0
14834,239.04,CASH_IN,1594,4,0,0,0,0,0
14835,37.21,DEBIT,2442,6,0,0,1,3,0
14836,131.39,TRANSFER,963,1,0,0,14,0,0
14837,193.5,CASH_IN,1729,4,0,0,8,0,0
14838,95.94,CASH_OUT,295,3,0,0,23,0,0
14839,203.31,DEBIT,2252,1,0,0,1,0,0
14840,332.25,PAYMENT,537,2,0,1,1,0,0
14841,143.94,TRANSFER,1681,2,0,1,10,1,0
14842,185.79,TRANSFER,1417,5,0,1,22,0,1
14843,591.95,TRANSFER,280,4,1,0,1,0,1
14844,238.22,PAYMENT,2596,10,1,0,2,2,0
14845,181.42,TRANSFER,515,1,0,0,17,0,1
14846,56.94,CASH_OUT,226,2,0,1,21,0,0
14847,290.33,PAYMENT,1328,1,0,0,21,0,0
14848,206.47,CASH_OUT,1419,3,0,0,0,0,1
14849,535.79,CASH_OUT,1717,8,0,0,19,0,0
14850,155.54,CASH_IN,2332,6,0,0,16,0,0
14851,24.14,TRANSFER,1139,1,1,0,23,0,1
14852,27.11,PAYMENT,2945,3,0,0,0,0,0
14853,309.72,TRANSFER,2258,2,0,0,21,1,0
14854,83.92,PAYMENT,2226,3,1,0,17,0,0
14855,229.7,CASH_OUT,1391,7,0,1,14,0,1
14856,166.37,PAYMENT,2691,0,0,1,15,0,0
14857,125.61,PAYMENT,2626,5,0,0,0,0,0
14858,134.78,PAYMENT,1102,3,0,0,0,1,0
14859,62.47,PAYMENT,1974,3,0,0,17,0,0
14860,146.09,DEBIT,1092,3,0,0,8,2,0
14861,82.72,DEBIT,584,3,1,0,14,0,1
14862,102.28,TRANSFER,1259,1,0,0,10,0,0
14863,107.38,PAYMENT,255,5,0,1,12,1,0
14864,118.31,DEBIT,2515,2,0,0,7,1,0
14865,373.22,DEBIT,2109,4,0,0,18,0,0
14866,130.35,CASH_IN,1486,4,0,1,1,0,0
14867,413.11,TRANSFER,31,3,0,0,7,1,1
14868,690.8,PAYMENT,1564,1,1,0,12,0,0
14869,348.96,PAYMENT,332,1,0,0,10,0,0
14870,253.27,CASH_IN,516,3,0,0,21,0,0
14871,205.79,CASH_IN,2688,5,0,0,4,1,0
14872,352.61,TRANSFER,1588,2,0,0,5,0,0
14873,162.29,PAYMENT,419,6,0,1,1,0,0
14874,397.25,CASH_OUT,2807,2,0,0,10,0,0
14875,274.27,CASH_IN,2811,2,0,0,14,0,0
14876,103.56,CASH_OUT,1350,2,0,0,7,0,0
14877,363.53,CASH_OUT,2589,1,0,0,15,0,0
14878,162.63,PAYMENT,2887,2,0,0,4,0,0
14879,133.47,PAYMENT,2066,1,0,0,17,0,0
14880,92.19,CASH_OUT,1019,5,0,0,8,0,0
14881,175.22,CASH_IN,2661,2,0,0,13,0,0
14882,402.0,PAYMENT,1278,2,0,1,4,0,1
14883,361.02,PAYMENT,2727,2,0,0,15,1,0
14884,211.32,CASH_OUT,769,2,0,0,5,0,0
14885,270.33,PAYMENT,532,2,0,0,15,1,0
14886,529.37,TRANSFER,1615,5,0,0,9,1,1
14887,127.74,CASH_OUT,2408,2,0,0,11,0,0
14888,48.65,CASH_OUT,421,5,0,0,18,0,0
14889,545.19,CASH_IN,2846,0,0,1,21,0,0
14890,87.38,PAYMENT,1765,3,1,0,10,1,0
14891,74.42,TRANSFER,2786,4,0,0,21,0,0
14892,24.63,PAYMENT,2528,4,1,0,0,0,0
14893,262.77,CASH_IN,312,3,0,0,0,0,0
14894,29.33,CASH_IN,2442,3,1,0,16,0,0
14895,70.09,PAYMENT,218,3,0,0,15,0,0
14896,267.26,PAYMENT,154,3,1,1,3,2,1
14897,305.49,PAYMENT,1844,3,0,0,18,1,0
14898,77.35,TRANSFER,969,0,0,0,23,0,0
14899,129.78,PAYMENT,516,3,1,1,12,0,0
14900,62.02,CASH_OUT,965,2,0,0,18,0,0
14901,85.76,CASH_OUT,2984,3,0,0,6,0,0
14902,193.68,CASH_OUT,2954,2,0,0,6,1,0
14903,89.87,CASH_IN,2728,4,0,0,20,0,0
14904,116.25,PAYMENT,2691,4,0,0,10,1,0
14905,34.31,DEBIT,1852,2,0,0,19,1,0
14906,460.8,PAYMENT,2009,3,0,0,5,0,0
14907,247.17,PAYMENT,437,1,0,0,18,1,0
14908,327.96,TRANSFER,1371,1,0,0,0,0,0
14909,539.38,TRANSFER,2578,1,1,0,12,1,0
14910,65.03,PAYMENT,837,3,0,0,13,1,1
14911,103.71,TRANSFER,387,1,0,0,17,2,1
14912,22.31,PAYMENT,302,3,0,0,0,0,0
14913,3430.37,CASH_IN,2944,2,0,0,15,0,1
14914,127.79,TRANSFER,2587,1,0,1,0,0,0
14915,419.36,TRANSFER,1065,4,1,0,22,0,0
14916,43.03,DEBIT,1196,3,0,0,2,1,0
14917,401.97,CASH_OUT,1220,5,0,0,5,1,0
14918,951.07,TRANSFER,298,1,0,0,18,2,0
14919,139.73,TRANSFER,2171,5,0,0,22,0,0
14920,54.01,CASH_OUT,2183,5,0,0,6,0,0
14921,129.18,PAYMENT,1840,6,0,0,2,0,0
14922,16.01,PAYMENT,1766,3,0,0,14,1,1
14923,142.9,PAYMENT,1366,4,0,0,21,1,0
14924,337.3,CASH_OUT,1657,6,0,0,1,1,0
14925,143.2,PAYMENT,265,4,0,0,1,0,0
14926,111.7,PAYMENT,89,7,0,0,22,1,0
14927,251.53,PAYMENT,725,5,0,0,8,1,1
14928,271.52,CASH_OUT,1462,2,0,0,13,1,0
14929,28.22,CASH_OUT,1413,2,0,0,13,0,0
14930,162.2,CASH_OUT,977,0,1,0,12,0,0
14931,1695.93,PAYMENT,2822,3,0,1,4,2,1
14932,39.06,DEBIT,2164,5,0,0,23,0,0
14933,136.26,TRANSFER,777,1,0,0,10,0,0
14934,1034.58,TRANSFER,1507,1,0,1,9,1,1
14935,447.72,DEBIT,2726,3,1,0,3,0,0
14936,88.82,DEBIT,406,3,0,1,15,1,1
14937,182.39,CASH_OUT,416,1,0,0,16,0,0
14938,148.1,DEBIT,1898,5,0,0,3,0,0
14939,70.24,TRANSFER,92,2,0,0,10,0,1
14940,137.79,PAYMENT,259,1,1,0,6,1,0
14941,112.17,PAYMENT,2452,6,0,1,8,0,0
14942,166.13,TRANSFER,2315,3,0,0,5,0,0
14943,70.22,CASH_OUT,2938,1,0,0,11,0,0
14944,41.4,TRANSFER,2324,1,0,0,19,0,0
14945,142.41,CASH_IN,415,3,0,0,11,0,0
14946,824.78,TRANSFER,1091,4,1,0,21,1,0
14947,161.13,PAYMENT,548,3,0,0,13,2,0
14948,106.53,PAYMENT,2437,3,0,1,23,0,0
14949,315.48,DEBIT,1130,6,1,0,16,0,1
14950,126.68,CASH_IN,1496,3,0,0,13,0,0
14951,961.06,CASH_OUT,1822,5,0,0,10,0,0
14952,147.83,CASH_IN,66,2,0,0,6,0,0
14953,299.02,CASH_IN,438,5,0,0,0,0,0
14954,69.78,DEBIT,873,1,0,0,0,0,0
14955,245.45,PAYMENT,2901,2,0,0,19,0,0
14956,195.41,TRANSFER,1516,1,0,0,11,0,0
14957,140.26,PAYMENT,583,4,0,0,0,0,0
14958,89.86,DEBIT,2126,4,0,0,18,1,0
14959,78.41,DEBIT,1867,3,0,0,0,0,1
14960,196.83,CASH_OUT,275,4,0,0,13,0,0
14961,278.37,TRANSFER,31,2,0,0,0,0,0
14962,130.69,TRANSFER,1044,2,0,0,16,2,0
14963,197.8,TRANSFER,2912,5,0,0,13,0,0
14964,142.89,PAYMENT,1953,4,0,0,7,0,0
14965,163.78,TRANSFER,2139,5,0,0,15,0,0
14966,121.46,PAYMENT,909,4,0,1,12,0,0
14967,151.1,DEBIT,1901,4,0,0,15,1,0
14968,2204.02,TRANSFER,2616,1,0,0,2,0,0
14969,202.68,DEBIT,371,1,1,0,15,0,1
14970,282.96,CASH_OUT,2144,3,0,0,13,0,0
14971,229.99,PAYMENT,2958,1,1,0,11,0,1
14972,114.11,PAYMENT,1431,2,0,0,2,0,0
14973,541.31,DEBIT,755,0,1,1,18,1,1
14974,110.92,CASH_OUT,2001,2,0,0,2,0,0
14975,426.26,PAYMENT,2916,3,1,0,1,0,1
14976,106.25,PAYMENT,86,3,0,0,2,1,1
14977,56.83,CASH_OUT,1339,4,0,0,4,1,0
14978,213.88,PAYMENT,1509,3,0,0,22,0,0
14979,49.17,PAYMENT,1776,1,0,0,10,1,0
14980,253.57,CASH_OUT,222,2,0,0,14,1,0
14981,44.96,CASH_OUT,1965,1,1,0,23,0,1
14982,107.88,TRANSFER,2703,3,1,0,12,0,0
14983,35.46,DEBIT,1175,2,0,1,3,0,0
14984,2500.3,CASH_OUT,1925,4,0,0,1,0,1
14985,28.39,CASH_IN,2180,1,1,0,4,0,0
14986,149.88,PAYMENT,696,0,0,0,5,1,0
14987,465.59,PAYMENT,615,2,1,0,7,1,0
14988,418.38,PAYMENT,383,4,0,0,14,0,0
14989,347.7,PAYMENT,2252,1,1,0,20,0,0
14990,108.07,DEBIT,2091,2,0,0,14,0,0
14991,573.12,DEBIT,927,3,0,0,12,0,0
14992,369.96,CASH_OUT,2756,0,0,0,12,0,0
14993,183.52,TRANSFER,2644,5,0,0,2,0,0
14994,188.78,CASH_OUT,73,3,0,0,12,0,0
14995,109.52,TRANSFER,1634,4,0,0,11,0,0
14996,59.76,PAYMENT,2115,1,0,0,17,0,0
14997,511.4,TRANSFER,2925,4,0,0,21,1,0
14998,551.26,TRANSFER,553,1,0,1,11,0,0
14999,61.31,PAYMENT,1158,4,0,0,23,0,0
15000,127.26,PAYMENT,1417,2,0,0,8,0,0
15001,128.58,PAYMENT,2567,6,0,1,4,0,0
15002,143.64,CASH_OUT,2870,4,0,0,15,0,0
15003,158.27,PAYMENT,2728,6,0,0,11,1,0
15004,382.55,CASH_OUT,687,2,0,0,18,0,0
15005,70.3,TRANSFER,1824,5,0,1,8,0,0
15006,63.67,PAYMENT,2416,3,0,0,10,0,0
15007,511.13,CASH_IN,1379,3,0,0,0,0,0
15008,93.44,TRANSFER,2676,3,0,0,10,0,0
15009,41.97,PAYMENT,2053,4,0,0,18,0,0
15010,91.37,CASH_IN,1892,5,1,0,16,0,0
15011,106.69,PAYMENT,2953,0,0,0,8,0,1
15012,702.72,CASH_IN,806,1,0,0,5,0,0
15013,374.21,TRANSFER,1759,1,0,0,22,0,1
15014,467.56,PAYMENT,1693,3,1,0,7,0,0
15015,336.96,CASH_OUT,785,2,0,0,4,0,0
15016,382.31,PAYMENT,588,3,0,0,17,0,0
15017,74.58,PAYMENT,349,0,0,0,21,1,0
15018,121.68,PAYMENT,332,4,1,0,7,0,0
15019,55.15,PAYMENT,1128,4,0,0,3,1,1
15020,120.24,CASH_OUT,1434,2,0,0,20,0,0
15021,294.15,CASH_IN,1351,5,0,1,8,0,1
15022,169.79,CASH_IN,334,4,0,0,21,0,0
15023,550.86,PAYMENT,2107,2,0,0,10,1,0
15024,47.4,CASH_OUT,37,3,0,0,2,1,0
15025,244.75,PAYMENT,1474,2,0,0,17,0,0
15026,42.59,CASH_OUT,37,2,0,0,4,0,1
15027,163.07,CASH_IN,1804,4,0,0,20,0,0
15028,311.17,PAYMENT,1244,2,0,0,4,0,0
15029,119.76,DEBIT,2600,3,1,0,5,0,0
15030,257.53,CASH_IN,285,3,0,0,5,0,0
15031,56.84,CASH_OUT,2310,3,0,0,3,2,0
15032,28.12,CASH_OUT,2454,4,0,0,21,0,0
15033,259.05,CASH_OUT,727,6,1,0,5,1,1
15034,848.96,DEBIT,2710,4,0,0,18,0,0
15035,54.81,CASH_OUT,2756,4,1,0,16,0,1
15036,503.81,PAYMENT,2733,2,0,0,11,0,0
15037,155.0,CASH_OUT,868,1,0,0,7,0,0
15038,39.03,PAYMENT,1953,1,0,0,2,0,0
15039,47.87,DEBIT,1666,5,0,0,6,0,0
15040,150.77,DEBIT,459,2,0,0,6,1,0
15041,99.04,TRANSFER,1075,1,0,0,11,0,0
15042,39.93,CASH_OUT,1764,7,0,0,8,0,0
15043,27.27,DEBIT,1322,5,0,0,21,0,0
15044,63.64,PAYMENT,1735,2,0,0,0,0,0
15045,180.15,TRANSFER,2588,3,0,0,13,0,0
15046,147.47,TRANSFER,2090,5,0,0,1,1,1
15047,89.91,CASH_OUT,1023,2,0,0,18,0,1
15048,181.61,PAYMENT,1250,2,0,0,21,1,1
15049,419.9,CASH_OUT,1660,6,1,0,10,0,1
15050,220.11,TRANSFER,296,3,1,1,9,1,1
15051,131.46,PAYMENT,1884,3,0,0,6,0,0
15052,375.43,PAYMENT,1241,6,0,0,6,1,0
15053,56.83,PAYMENT,332,3,0,0,14,1,0
15054,118.52,PAYMENT,2081,3,0,0,4,0,0
15055,121.38,TRANSFER,1828,4,0,0,14,0,0
15056,43.08,CASH_OUT,2108,6,0,0,7,0,0
15057,97.53,PAYMENT,1683,2,0,0,7,0,0
15058,18.63,CASH_OUT,1774,2,0,0,15,1,0
15059,1004.43,TRANSFER,2279,1,0,0,14,2,1
15060,58.12,PAYMENT,571,1,0,0,21,1,0
15061,724.96,TRANSFER,2234,2,1,0,23,0,0
15062,154.17,CASH_OUT,1774,2,1,0,23,0,0
15063,261.09,PAYMENT,1096,3,0,0,2,0,0
15064,91.03,PAYMENT,2483,6,0,0,22,0,0
15065,182.72,DEBIT,717,1,0,0,4,0,0
15066,284.43,CASH_OUT,2820,3,0,0,4,0,0
15067,288.46,TRANSFER,1413,5,0,0,19,1,0
15068,322.07,CASH_OUT,2509,3,1,0,6,1,0
15069,102.69,CASH_IN,1933,1,0,0,12,0,0
15070,91.8,CASH_IN,2227,2,0,0,18,1,0
15071,30.14,PAYMENT,348,6,0,0,17,1,0
15072,250.44,TRANSFER,2935,1,0,0,13,0,0
15073,438.07,CASH_OUT,516,3,0,0,20,0,0
15074,746.94,PAYMENT,1006,3,0,0,12,0,0
15075,201.38,DEBIT,2080,2,0,0,14,0,0
15076,68.96,TRANSFER,1390,5,1,0,22,1,0
15077,27.19,PAYMENT,965,0,0,0,12,2,1
15078,420.59,DEBIT,2416,2,0,0,7,2,0
15079,24.62,PAYMENT,793,4,0,0,3,0,0
15080,105.57,PAYMENT,1938,2,0,0,20,0,0
15081,118.59,CASH_OUT,940,7,0,0,15,1,0
15082,138.45,PAYMENT,2384,4,0,0,10,0,0
15083,153.82,CASH_OUT,1719,2,0,0,11,0,0
15084,170.4,PAYMENT,930,2,0,0,19,0,0
15085,13.26,PAYMENT,1227,3,0,0,11,0,0
15086,150.6,PAYMENT,53,4,0,0,14,1,0
15087,15.97,CASH_OUT,1055,1,0,0,13,1,0
15088,308.65,PAYMENT,1217,4,1,0,3,0,0
15089,85.19,TRANSFER,1610,5,0,1,0,1,0
15090,17.17,CASH_IN,1037,1,0,0,21,0,0
15091,65.75,DEBIT,1404,3,0,0,16,1,0
15092,83.93,CASH_OUT,1147,3,0,0,9,1,0
15093,488.19,TRANSFER,233,3,0,0,14,0,0
15094,180.66,TRANSFER,66,2,0,0,6,0,0
15095,209.44,CASH_OUT,2707,2,1,1,1,0,1
15096,483.58,CASH_IN,882,3,0,0,20,0,0
15097,134.81,CASH_IN,663,4,0,0,1,1,1
15098,315.51,DEBIT,2821,2,0,0,12,0,0
15099,294.08,CASH_IN,1282,9,0,0,12,0,1
15100,41.0,PAYMENT,448,3,0,0,1,0,0
15101,647.41,CASH_OUT,1546,1,0,0,2,0,0
15102,35.86,CASH_IN,1793,2,0,0,22,1,0
15103,371.43,CASH_IN,914,2,0,0,20,0,0
15104,32.55,DEBIT,357,7,0,0,1,0,0
15105,270.76,TRANSFER,1208,0,0,0,20,3,1
15106,955.19,CASH_OUT,1060,4,0,0,20,0,0
15107,119.94,PAYMENT,2592,0,0,0,0,1,0
15108,114.85,TRANSFER,2081,4,0,0,8,0,0
15109,273.26,TRANSFER,757,6,1,0,8,2,0
15110,106.76,DEBIT,805,3,0,0,10,0,0
15111,914.41,DEBIT,2122,1,0,0,10,0,0
15112,179.86,CASH_OUT,2282,5,0,0,22,0,0
15113,107.75,PAYMENT,1254,3,0,0,22,1,1
15114,86.46,TRANSFER,2993,1,0,0,18,0,0
15115,58.38,CASH_OUT,2327,6,0,0,22,1,1
15116,79.22,PAYMENT,1265,4,0,0,23,2,1
15117,104.51,PAYMENT,715,2,0,0,12,0,0
15118,91.14,CASH_IN,2368,3,0,0,11,0,0
15119,76.85,PAYMENT,2014,2,0,0,15,0,0
15120,1210.56,PAYMENT,2055,3,0,1,11,0,0
15121,52.98,TRANSFER,2732,1,0,0,5,1,1
15122,171.85,DEBIT,1582,4,0,0,1,0,0
15123,268.41,CASH_IN,2409,2,0,0,22,0,0
15124,278.69,DEBIT,459,7,0,0,7,0,0
15125,139.97,CASH_OUT,2837,1,1,0,22,0,0
15126,116.66,TRANSFER,2817,2,0,0,23,1,1
15127,233.12,DEBIT,1224,0,1,0,11,0,1
15128,193.74,TRANSFER,407,3,0,0,15,1,0
15129,114.55,PAYMENT,876,4,0,0,9,0,1
15130,31.13,TRANSFER,235,4,1,0,14,0,0
15131,92.95,CASH_IN,1656,4,1,0,14,0,0
15132,47.16,DEBIT,1190,1,0,0,0,0,0
15133,76.16,PAYMENT,1778,2,0,0,9,0,0
15134,153.43,TRANSFER,2080,5,0,0,9,1,1
15135,212.46,CASH_IN,2876,1,1,0,14,0,0
15136,880.47,PAYMENT,543,4,0,0,11,0,0
15137,86.71,CASH_OUT,1420,2,0,0,21,0,0
15138,322.02,TRANSFER,2852,1,0,1,2,1,1
15139,201.53,PAYMENT,826,4,0,0,9,0,0
15140,542.4,TRANSFER,929,3,0,0,2,0,0
15141,264.07,TRANSFER,2933,5,0,0,2,0,1
15142,54.14,CASH_OUT,2994,2,0,0,6,0,0
15143,26.49,DEBIT,1808,4,0,0,1,0,0
15144,202.61,TRANSFER,2762,5,0,0,17,1,0
15145,87.49,CASH_IN,1436,3,0,0,11,0,0
15146,55.68,CASH_OUT,2051,4,0,1,0,0,0
15147,41.78,PAYMENT,2341,4,0,0,3,1,0
15148,174.33,TRANSFER,583,2,1,1,14,1,0
15149,670.29,CASH_OUT,1446,2,0,1,17,0,0
15150,98.63,PAYMENT,523,2,0,0,16,0,0
15151,267.81,PAYMENT,2522,5,0,0,7,0,0
15152,133.99,DEBIT,881,5,1,0,5,0,1
15153,40.88,CASH_OUT,2071,3,0,0,0,0,1
15154,309.45,PAYMENT,2944,1,0,0,16,0,0
15155,49.67,PAYMENT,838,4,0,0,19,0,1
15156,151.66,PAYMENT,489,4,0,0,22,0,0
15157,105.48,TRANSFER,1619,3,1,0,9,0,1
15158,362.52,PAYMENT,701,4,0,0,18,0,0
15159,51.51,PAYMENT,2812,3,0,1,14,0,0
15160,219.39,PAYMENT,1608,4,0,0,13,1,0
15161,64.08,CASH_OUT,610,4,0,0,13,0,0
15162,89.02,PAYMENT,1153,6,0,1,5,0,1
15163,3.91,PAYMENT,745,2,0,0,13,0,0
15164,1202.43,PAYMENT,237,4,0,0,14,0,0
15165,257.38,PAYMENT,1325,4,0,0,23,0,0
15166,68.9,PAYMENT,1970,2,1,1,0,1,1
15167,48.2,TRANSFER,2238,2,0,0,21,1,0
15168,90.41,TRANSFER,695,2,0,0,6,0,0
15169,303.95,PAYMENT,928,8,0,0,10,0,0
15170,22.37,CASH_IN,118,4,0,0,8,0,0
15171,128.82,TRANSFER,369,2,0,0,15,0,0
15172,871.87,PAYMENT,1809,2,0,0,7,0,0
15173,47.75,PAYMENT,1814,5,0,0,0,0,0
15174,160.84,DEBIT,1729,4,0,0,10,0,0
15175,1343.87,DEBIT,2248,7,0,0,9,0,0
15176,279.26,PAYMENT,446,4,0,1,9,0,0
15177,168.33,PAYMENT,2594,1,0,0,12,0,0
15178,246.32,TRANSFER,2849,4,0,0,8,1,0
15179,99.4,TRANSFER,2647,3,0,0,2,0,0
15180,544.37,TRANSFER,465,2,0,0,0,1,1
15181,99.55,TRANSFER,2277,4,0,0,0,0,0
15182,20.92,PAYMENT,1928,0,0,0,19,0,0
15183,100.35,PAYMENT,2511,3,0,0,9,0,0
15184,56.44,TRANSFER,408,4,0,0,14,0,0
15185,112.03,DEBIT,859,2,0,0,15,0,0
15186,114.54,PAYMENT,2967,5,0,0,14,1,0
15187,491.48,CASH_OUT,1802,4,0,0,2,0,0
15188,297.46,TRANSFER,1201,6,0,0,19,0,0
15189,193.11,PAYMENT,1853,3,1,0,11,0,0
15190,147.98,CASH_IN,845,2,0,1,13,2,0
15191,51.48,TRANSFER,1272,1,0,0,3,1,0
15192,16.76,TRANSFER,2254,2,0,1,2,0,1
15193,166.19,TRANSFER,1519,2,0,0,23,1,1
15194,328.53,PAYMENT,823,3,0,0,21,0,0
15195,133.18,TRANSFER,919,2,0,0,4,0,0
15196,86.93,TRANSFER,1337,5,1,0,16,0,0
15197,236.16,PAYMENT,1886,3,0,0,6,0,0
15198,136.55,TRANSFER,916,3,0,0,10,0,0
15199,800.91,PAYMENT,2487,1,0,0,6,1,0
15200,509.14,PAYMENT,2775,2,0,0,13,0,0
15201,387.42,CASH_OUT,2083,4,0,0,9,0,0
15202,316.63,PAYMENT,2894,3,0,0,7,0,0
15203,40.85,CASH_OUT,2519,3,0,0,22,0,0
15204,288.01,DEBIT,2123,5,0,0,14,0,0
15205,216.23,PAYMENT,246,3,0,0,17,1,0
15206,272.17,TRANSFER,1262,2,0,0,15,0,0
15207,242.89,TRANSFER,375,6,0,0,16,0,0
15208,233.4,TRANSFER,1458,3,0,0,16,0,0
15209,2210.26,CASH_OUT,2685,2,0,0,4,1,1
15210,137.53,TRANSFER,2102,1,0,1,9,0,0
15211,378.55,PAYMENT,1405,4,0,0,2,0,0
15212,92.67,PAYMENT,1178,2,0,0,3,1,0
15213,327.22,CASH_OUT,1116,1,0,0,6,1,1
15214,379.68,PAYMENT,368,2,0,0,10,1,0
15215,213.67,CASH_IN,351,1,0,0,13,0,0
15216,787.8,CASH_OUT,192,1,0,0,5,1,0
15217,61.3,PAYMENT,365,2,0,0,7,0,0
15218,91.17,PAYMENT,2541,2,0,0,16,1,0
15219,183.53,PAYMENT,1296,2,0,0,15,0,0
15220,358.1,TRANSFER,1359,2,0,1,22,0,0
15221,177.58,CASH_IN,1205,3,0,0,9,1,1
15222,536.87,PAYMENT,1148,2,0,0,17,1,0
15223,76.58,PAYMENT,2055,1,0,0,3,0,1
15224,47.44,PAYMENT,436,6,0,0,10,0,0
15225,201.97,PAYMENT,2414,3,0,0,10,0,0
15226,137.39,TRANSFER,126,5,0,0,12,0,0
15227,255.41,TRANSFER,2882,5,0,0,14,0,0
15228,144.4,PAYMENT,2433,1,0,1,17,2,0
15229,105.63,TRANSFER,2517,3,1,0,8,1,1
15230,137.7,PAYMENT,2396,2,0,1,4,0,1
15231,152.76,PAYMENT,2864,4,0,0,11,0,0
15232,109.4,PAYMENT,946,4,1,0,10,0,0
15233,121.13,TRANSFER,2160,4,0,0,5,1,0
15234,99.13,TRANSFER,1765,2,0,1,15,1,0
15235,349.56,PAYMENT,1463,0,0,0,13,1,0
15236,180.19,PAYMENT,2182,4,1,0,5,0,0
15237,1417.65,PAYMENT,208,5,0,0,14,0,0
15238,174.29,PAYMENT,1625,2,0,0,17,0,0
15239,85.55,TRANSFER,2845,5,0,0,14,2,0
15240,2144.53,PAYMENT,2415,4,0,0,2,0,0
15241,224.44,TRANSFER,235,2,0,0,15,0,0
15242,399.46,PAYMENT,2287,3,0,0,16,0,0
15243,268.3,TRANSFER,770,3,0,1,23,0,1
15244,276.72,CASH_OUT,889,1,0,0,2,0,0
15245,253.57,TRANSFER,663,6,0,0,19,2,0
15246,49.3,PAYMENT,1689,0,0,0,16,0,0
15247,214.33,PAYMENT,382,3,1,1,0,0,0
15248,39.45,PAYMENT,1443,4,0,0,11,1,0
15249,124.67,TRANSFER,676,5,0,0,20,0,0
15250,71.84,PAYMENT,1753,2,0,0,20,1,0
15251,212.19,PAYMENT,1498,5,0,0,2,0,0
15252,207.29,CASH_IN,1698,0,0,0,8,0,0
15253,240.12,PAYMENT,2680,7,0,0,10,0,1
15254,197.81,DEBIT,1155,2,1,0,1,0,0
15255,80.9,CASH_IN,190,4,0,0,6,0,0
15256,114.32,CASH_IN,2985,2,0,1,10,1,0
15257,372.56,CASH_IN,1410,1,0,0,8,0,0
15258,431.75,PAYMENT,1858,1,0,0,21,0,0
15259,47.14,PAYMENT,172,3,0,0,16,0,0
15260,32.11,PAYMENT,1466,6,1,0,6,0,0
15261,71.74,PAYMENT,1312,4,0,0,0,0,0
15262,422.09,PAYMENT,2743,2,1,0,18,0,0
15263,500.14,CASH_IN,1669,0,1,0,6,0,0
15264,58.87,PAYMENT,842,4,0,0,4,0,1
15265,201.81,PAYMENT,2723,1,0,0,7,0,0
15266,929.3,CASH_OUT,128,2,0,0,8,1,1
15267,224.82,PAYMENT,245,2,0,0,0,0,0
15268,614.93,PAYMENT,1808,3,0,0,10,2,1
15269,402.92,PAYMENT,2815,6,0,0,9,0,0
15270,59.73,CASH_IN,2515,4,1,0,22,1,0
15271,122.73,TRANSFER,2549,1,0,0,14,1,0
15272,153.66,CASH_OUT,2480,3,1,0,10,0,0
15273,164.7,PAYMENT,2090,1,0,0,18,0,0
15274,371.05,DEBIT,2390,2,0,0,2,0,0
15275,223.34,PAYMENT,264,6,0,0,5,1,0
15276,7.88,CASH_OUT,1894,2,0,0,8,0,0
15277,39.93,DEBIT,272,3,0,0,23,0,1
15278,16.65,TRANSFER,1789,4,1,0,13,0,0
15279,176.86,TRANSFER,2418,3,0,0,7,1,1
15280,188.76,PAYMENT,1277,2,0,0,15,1,0
15281,197.0,PAYMENT,2262,4,0,0,18,1,0
15282,56.89,CASH_IN,715,5,0,0,20,1,1
15283,291.24,PAYMENT,2857,2,0,0,5,0,0
15284,303.77,DEBIT,1150,0,0,0,11,0,0
15285,42.3,CASH_OUT,350,4,0,0,17,0,0
15286,34.26,TRANSFER,1870,2,0,0,14,0,0
15287,148.39,TRANSFER,156,3,0,0,6,0,0
15288,890.5,PAYMENT,929,2,0,0,16,0,1
15289,812.2,PAYMENT,2292,4,0,0,14,0,0
15290,260.71,PAYMENT,2617,2,0,0,19,0,0
15291,71.52,PAYMENT,1103,2,0,0,6,0,0
15292,360.27,DEBIT,2345,1,1,0,17,0,0
15293,94.4,PAYMENT,112,3,0,0,9,0,0
15294,68.89,TRANSFER,2321,0,0,0,23,0,0
15295,17.39,PAYMENT,254,3,0,0,19,0,0
15296,164.41,CASH_OUT,2188,0,0,0,20,0,0
15297,79.05,TRANSFER,419,4,0,0,9,0,1
15298,163.44,TRANSFER,2401,5,1,0,5,1,1
15299,14.89,DEBIT,2665,2,1,0,16,0,1
15300,175.88,CASH_IN,52,1,0,0,17,0,0
15301,13.05,CASH_OUT,185,3,0,1,0,1,1
15302,440.51,DEBIT,2809,3,0,0,0,0,0
15303,250.11,TRANSFER,127,0,0,0,12,0,0
15304,112.32,CASH_IN,333,2,1,0,5,0,1
15305,260.53,TRANSFER,2239,3,0,0,7,0,0
15306,55.81,PAYMENT,2049,2,0,0,15,0,0
15307,159.55,DEBIT,633,2,0,0,12,2,0
15308,328.58,PAYMENT,1495,2,0,0,1,0,0
15309,6.72,PAYMENT,703,1,0,0,21,0,0
15310,94.9,PAYMENT,1110,2,0,0,14,0,0
15311,145.09,PAYMENT,2822,7,0,0,23,0,1
15312,121.96,PAYMENT,570,2,0,0,7,1,0
15313,637.21,CASH_OUT,2935,3,1,0,9,0,0
15314,48.24,DEBIT,1770,4,0,0,5,0,0
15315,79.75,PAYMENT,2713,2,0,0,20,0,0
15316,21.85,CASH_OUT,2513,1,0,0,2,0,0
15317,672.02,PAYMENT,2431,3,0,0,21,0,0
15318,116.01,PAYMENT,1520,0,0,1,4,0,0
15319,95.74,CASH_OUT,1573,2,0,0,11,0,1
15320,140.82,CASH_IN,2938,2,0,0,14,1,0
15321,280.41,PAYMENT,1657,2,0,0,21,0,0
15322,210.05,PAYMENT,699,4,0,0,21,0,0
15323,2096.21,PAYMENT,372,9,0,0,23,0,1
15324,233.68,DEBIT,2938,2,0,0,14,1,0
15325,93.2,PAYMENT,113,0,0,0,6,0,0
15326,84.66,TRANSFER,878,5,0,0,2,0,1
15327,100.21,CASH_IN,2487,5,0,1,18,0,0
15328,33.05,TRANSFER,2006,2,0,0,4,1,0
15329,154.45,DEBIT,2110,4,1,0,19,0,0
15330,324.88,DEBIT,1899,4,0,0,17,0,0
15331,80.37,TRANSFER,1773,4,0,0,13,0,0
15332,66.2,TRANSFER,818,1,0,0,8,0,0
15333,675.83,PAYMENT,2048,3,0,0,0,0,0
15334,35.64,DEBIT,413,6,0,1,19,1,0
15335,18.77,PAYMENT,1955,3,0,0,11,0,0
15336,46.86,CASH_OUT,244,3,0,1,6,0,1
15337,31.8,PAYMENT,887,3,0,1,17,0,0
15338,218.38,PAYMENT,1254,3,0,1,23,0,0
15339,103.47,PAYMENT,2474,2,1,0,7,0,1
15340,119.14,TRANSFER,2903,3,0,0,22,0,1
15341,470.09,PAYMENT,713,2,0,0,7,0,0
15342,74.34,PAYMENT,2284,2,1,0,17,0,0
15343,322.17,PAYMENT,1341,3,0,0,13,1,1
15344,672.72,PAYMENT,600,3,0,0,2,0,0
15345,94.1,TRANSFER,1646,0,1,0,23,2,0
15346,310.14,PAYMENT,2506,6,0,0,20,0,0
15347,116.53,PAYMENT,2004,3,1,0,12,0,0
15348,373.94,TRANSFER,2042,4,0,0,8,1,0
15349,30.83,CASH_OUT,1882,2,0,0,5,0,0
15350,28.63,TRANSFER,581,2,0,0,20,2,0
15351,100.36,DEBIT,111,9,0,0,11,0,0
15352,61.01,PAYMENT,142,2,0,0,11,0,0
15353,88.53,CASH_IN,630,3,0,0,21,0,0
15354,119.16,TRANSFER,1577,3,0,0,18,2,1
15355,304.91,TRANSFER,2075,1,1,0,1,0,1
15356,98.73,TRANSFER,2549,3,0,1,16,0,0
15357,65.11,PAYMENT,1969,1,0,0,10,0,0
15358,104.43,PAYMENT,1142,2,0,1,19,0,0
15359,68.78,CASH_OUT,1420,4,1,0,21,0,0
15360,58.32,PAYMENT,245,2,0,0,14,1,0
15361,29.58,TRANSFER,1614,3,0,0,20,1,1
15362,159.09,CASH_OUT,299,2,1,0,5,0,0
15363,84.04,PAYMENT,2978,3,0,0,17,0,0
15364,390.05,PAYMENT,2893,2,0,1,20,0,0
15365,34.9,PAYMENT,854,4,0,0,4,0,0
15366,86.31,PAYMENT,601,2,0,1,8,0,0
15367,909.51,PAYMENT,1509,1,0,1,14,0,0
15368,58.0,PAYMENT,2414,3,0,0,23,1,0
15369,117.15,PAYMENT,2835,3,0,0,5,0,0
15370,44.0,PAYMENT,328,0,1,0,6,0,0
15371,38.54,PAYMENT,1267,3,0,0,20,0,0
15372,697.37,DEBIT,2671,3,0,0,18,0,0
15373,176.1,DEBIT,2936,2,1,0,2,0,1
15374,169.64,PAYMENT,2141,2,0,0,22,0,0
15375,27.21,PAYMENT,799,1,0,0,19,0,1
15376,212.46,TRANSFER,2707,2,0,0,11,1,0
15377,472.21,PAYMENT,2909,3,0,0,1,1,0
15378,468.47,TRANSFER,1542,3,1,0,3,1,1
15379,289.55,PAYMENT,357,4,0,0,17,0,0
15380,47.97,PAYMENT,2930,2,0,0,12,0,0
15381,202.98,CASH_IN,2613,3,0,0,12,0,0
15382,289.33,CASH_IN,1439,3,1,0,19,0,0
15383,24.67,DEBIT,643,2,0,0,3,1,1
15384,48.36,PAYMENT,2041,1,0,0,2,1,0
15385,360.74,CASH_IN,447,4,0,0,19,1,0
15386,356.4,TRANSFER,2389,5,0,0,12,0,0
15387,31.55,TRANSFER,1513,2,0,0,7,0,0
15388,328.66,CASH_IN,399,2,0,0,2,0,0
15389,163.25,DEBIT,2082,5,0,0,6,2,1
15390,324.09,CASH_OUT,138,3,0,0,14,0,0
15391,78.69,PAYMENT,1945,0,0,1,9,1,1
15392,282.93,TRANSFER,212,3,0,1,18,0,0
15393,345.1,CASH_OUT,1684,3,0,0,10,0,0
15394,104.45,CASH_IN,2917,2,0,0,6,0,0
15395,151.07,CASH_OUT,1748,4,0,0,11,0,0
15396,77.59,PAYMENT,1138,4,1,0,7,0,0
15397,774.05,TRANSFER,1227,1,0,0,17,0,0
15398,131.59,PAYMENT,593,1,0,0,5,0,0
15399,59.03,DEBIT,2011,1,0,1,2,0,0
15400,72.54,PAYMENT,673,1,0,0,11,0,0
15401,168.47,TRANSFER,213,2,0,0,19,0,0
15402,315.24,CASH_IN,1320,3,0,0,3,0,0
15403,39.02,TRANSFER,2547,4,0,0,16,0,0
15404,941.67,CASH_IN,2255,6,0,1,23,1,1
15405,202.08,CASH_IN,1716,4,0,0,16,0,0
15406,236.62,PAYMENT,315,1,0,0,22,0,0
15407,134.67,TRANSFER,152,6,0,0,23,1,1
15408,151.3,CASH_OUT,2074,3,0,1,6,0,0
15409,127.96,TRANSFER,117,3,0,0,13,2,0
15410,410.67,TRANSFER,566,0,0,0,8,1,0
15411,147.24,TRANSFER,571,4,0,0,3,0,0
15412,319.59,PAYMENT,708,3,1,0,11,0,0
15413,96.17,TRANSFER,921,5,0,0,5,1,0
15414,180.48,PAYMENT,1960,1,0,0,22,0,1
15415,66.43,PAYMENT,1638,3,0,0,1,0,0
15416,500.96,TRANSFER,449,4,0,0,4,0,0
15417,64.47,TRANSFER,1776,3,0,0,8,0,0
15418,107.23,PAYMENT,721,4,0,0,3,1,0
15419,108.31,CASH_OUT,546,0,0,0,6,0,0
15420,104.17,PAYMENT,743,2,0,1,6,1,0
15421,305.67,DEBIT,1309,1,0,0,4,0,0
15422,108.13,PAYMENT,683,2,0,0,9,1,0
15423,598.2,PAYMENT,945,1,0,0,8,0,0
15424,65.47,CASH_OUT,1993,4,0,0,4,0,0
15425,175.81,TRANSFER,2068,4,0,0,20,0,0
15426,68.32,PAYMENT,129,2,0,0,16,1,0
15427,226.1,PAYMENT,1334,6,0,0,2,0,0
15428,146.06,PAYMENT,2246,1,0,0,20,0,0
15429,127.1,PAYMENT,354,1,0,0,13,1,0
15430,487.1,PAYMENT,1286,4,0,0,11,0,0
15431,77.14,TRANSFER,1144,1,0,0,22,1,0
15432,266.8,CASH_IN,2847,3,0,0,21,0,0
15433,68.79,CASH_OUT,937,4,1,0,1,0,0
15434,166.12,PAYMENT,57,2,0,1,13,0,0
15435,44.9,CASH_IN,2121,1,0,0,21,2,0
15436,76.51,TRANSFER,2730,3,1,0,3,0,0
15437,136.71,PAYMENT,1650,5,0,0,12,0,0
15438,911.1,CASH_OUT,840,2,0,0,2,0,0
15439,164.15,PAYMENT,2388,0,0,0,6,1,1
15440,776.4,PAYMENT,1945,1,0,0,1,0,0
15441,184.99,PAYMENT,2909,2,1,0,14,0,1
15442,100.78,TRANSFER,1426,0,0,0,1,0,0
15443,691.84,PAYMENT,2374,0,0,0,14,0,0
15444,229.76,CASH_OUT,1097,6,0,0,16,1,0
15445,78.04,TRANSFER,40,4,0,1,9,0,1
15446,237.6,TRANSFER,816,5,0,0,6,0,0
15447,110.76,PAYMENT,410,2,0,0,14,0,0
15448,20.31,CASH_IN,1881,3,0,0,16,1,1
15449,378.41,TRANSFER,952,4,0,0,0,0,0
15450,443.6,TRANSFER,534,4,0,0,8,1,0
15451,932.57,CASH_OUT,228,3,0,0,14,1,0
15452,226.36,PAYMENT,1522,4,0,0,2,0,0
15453,115.73,PAYMENT,1174,3,0,0,9,0,0
15454,342.06,TRANSFER,2554,5,0,0,14,1,1
15455,347.17,TRANSFER,1461,4,0,0,18,0,0
15456,763.78,PAYMENT,2653,4,0,0,5,1,0
15457,141.94,PAYMENT,761,0,0,0,0,0,0
15458,125.77,PAYMENT,2741,2,0,0,2,0,0
15459,72.56,DEBIT,1811,3,0,0,16,0,0
15460,254.03,PAYMENT,1951,3,0,0,6,1,0
15461,31.56,PAYMENT,2172,4,0,0,1,0,0
15462,322.49,CASH_IN,297,2,1,0,4,1,1
15463,267.16,TRANSFER,222,2,0,0,12,1,0
15464,266.42,TRANSFER,2521,4,0,0,19,1,0
15465,170.41,TRANSFER,1111,3,0,1,15,0,1
15466,687.44,TRANSFER,1018,2,0,1,16,0,0
15467,354.96,TRANSFER,123,2,0,0,0,1,1
15468,80.88,PAYMENT,327,1,0,0,7,0,0
15469,82.34,CASH_IN,542,4,1,0,7,0,0
15470,61.58,PAYMENT,938,4,0,0,4,0,0
15471,257.57,PAYMENT,2283,5,0,0,9,0,0
15472,54.59,PAYMENT,2055,0,1,0,17,0,0
15473,438.51,CASH_OUT,1246,3,0,0,12,0,1
15474,557.23,TRANSFER,253,5,0,1,3,0,0
15475,61.62,CASH_OUT,2115,8,0,0,1,0,0
15476,123.28,CASH_OUT,477,1,1,0,17,0,0
15477,150.9,PAYMENT,2921,5,0,1,9,0,1
15478,359.24,PAYMENT,849,5,0,0,15,1,0
15479,742.0,TRANSFER,1036,2,0,0,6,1,1
15480,27.51,PAYMENT,140,1,0,0,22,0,1
15481,107.97,PAYMENT,2070,4,0,0,11,1,1
15482,113.75,CASH_IN,2329,3,0,1,10,0,0
15483,36.57,CASH_OUT,2569,3,0,0,17,0,0
15484,91.37,PAYMENT,2673,1,0,0,2,0,0
15485,227.64,CASH_OUT,393,6,0,0,10,0,0
15486,112.32,CASH_OUT,2589,2,0,0,18,0,0
15487,31.67,PAYMENT,696,3,1,0,16,0,0
15488,2628.27,PAYMENT,2175,4,0,0,20,0,1
15489,193.67,PAYMENT,1754,2,0,1,13,0,0
15490,165.95,PAYMENT,1050,5,1,0,16,0,0
15491,49.5,PAYMENT,2675,5,0,0,22,0,0
15492,192.62,DEBIT,288,4,0,0,13,0,0
15493,125.94,TRANSFER,2158,3,0,0,5,0,1
15494,22.45,CASH_IN,888,4,0,1,4,0,0
15495,50.89,PAYMENT,2436,1,0,0,15,0,0
15496,328.63,PAYMENT,2545,4,0,0,0,1,0
15497,1036.93,CASH_IN,2443,2,0,0,5,0,0
15498,214.25,TRANSFER,1148,3,0,0,22,0,0
15499,447.23,CASH_IN,1542,2,0,0,0,3,0
15500,127.01,PAYMENT,1786,5,0,0,16,2,0
15501,136.11,DEBIT,733,1,1,0,6,0,0
15502,441.85,TRANSFER,1623,4,0,0,3,0,1
15503,782.72,PAYMENT,2120,4,0,1,21,0,0
15504,545.17,CASH_OUT,1211,2,0,0,14,0,0
15505,51.09,CASH_OUT,2312,2,0,1,5,0,0
15506,138.8,PAYMENT,2552,4,0,0,14,2,0
15507,195.88,DEBIT,1904,1,0,0,9,0,0
15508,114.47,CASH_OUT,924,3,0,0,20,1,0
15509,218.73,PAYMENT,986,2,0,0,12,0,0
15510,337.17,PAYMENT,1465,2,0,0,17,0,0
15511,404.56,PAYMENT,423,1,0,0,11,2,0
15512,801.01,PAYMENT,1197,5,0,0,2,0,0
15513,106.76,TRANSFER,956,2,1,0,16,0,1
15514,37.94,CASH_OUT,2087,4,0,0,11,0,0
15515,212.35,CASH_OUT,2407,1,1,1,14,1,0
15516,976.34,TRANSFER,2558,3,0,0,14,1,0
15517,92.11,PAYMENT,1209,5,0,0,20,1,0
15518,294.96,DEBIT,559,3,0,1,4,1,0
15519,297.6,PAYMENT,2820,4,0,0,13,0,0
15520,179.73,PAYMENT,989,5,1,0,23,0,0
15521,149.44,CASH_OUT,2347,5,0,0,5,0,0
15522,58.94,CASH_OUT,293,5,1,0,13,0,0
15523,15.16,DEBIT,507,1,0,1,16,0,0
15524,48.82,DEBIT,385,5,0,0,20,0,0
15525,100.45,DEBIT,2279,6,0,0,21,0,0
15526,444.71,TRANSFER,2214,3,1,0,12,0,0
15527,133.87,PAYMENT,1100,3,0,0,8,0,0
15528,88.32,TRANSFER,92,5,0,0,8,0,0
15529,60.89,PAYMENT,965,3,0,0,21,2,0
15530,286.23,PAYMENT,106,4,0,0,13,0,0
15531,577.3,PAYMENT,883,4,0,0,23,1,1
15532,429.85,PAYMENT,662,5,1,1,5,0,0
15533,272.09,TRANSFER,1973,3,0,0,4,0,0
15534,33.93,PAYMENT,2090,4,0,0,8,1,0
15535,104.41,PAYMENT,2467,3,0,0,10,0,0
15536,1040.34,CASH_IN,1744,4,0,0,2,1,1
15537,455.75,CASH_OUT,1881,3,0,0,14,1,0
15538,31.9,DEBIT,698,5,0,0,17,1,0
15539,140.39,TRANSFER,1811,4,0,0,6,1,1
15540,213.39,PAYMENT,497,1,0,0,17,1,0
15541,69.26,PAYMENT,2781,3,0,0,17,0,0
15542,14.74,CASH_OUT,370,5,0,0,23,2,0
15543,163.83,CASH_IN,2388,5,0,0,11,0,0
15544,67.51,PAYMENT,2265,1,0,0,16,2,0
15545,67.77,CASH_IN,710,3,0,0,11,1,0
15546,104.1,TRANSFER,1773,1,0,0,17,0,0
15547,129.84,PAYMENT,1574,2,0,0,14,2,0
15548,147.07,CASH_OUT,2691,1,0,0,15,0,0
15549,61.31,TRANSFER,1466,2,0,0,0,0,1
15550,119.08,PAYMENT,309,2,0,0,8,0,1
15551,25.6,PAYMENT,2128,6,0,0,0,0,0
15552,202.56,CASH_OUT,814,5,0,0,18,0,0
15553,8.53,TRANSFER,1281,3,1,0,2,0,0
15554,111.11,PAYMENT,2672,0,0,0,2,1,1
15555,372.11,DEBIT,376,4,1,0,1,1,1
15556,51.45,PAYMENT,146,3,1,0,11,0,0
15557,303.82,PAYMENT,2152,3,0,0,23,1,0
15558,471.41,PAYMENT,2551,3,1,0,15,0,1
15559,5.43,CASH_IN,1426,4,0,0,11,0,0
15560,127.57,TRANSFER,1960,4,0,0,4,0,0
15561,8.37,CASH_OUT,200,4,0,0,17,2,0
15562,131.87,DEBIT,2803,4,0,0,8,0,0
15563,147.35,CASH_OUT,1942,7,0,0,12,0,0
15564,12.4,PAYMENT,2800,2,0,0,5,0,0
15565,1017.23,CASH_OUT,1957,2,0,0,18,1,1
15566,197.55,CASH_OUT,1048,2,0,0,14,0,0
15567,63.5,PAYMENT,2317,3,0,0,10,0,1
15568,642.51,PAYMENT,2898,4,0,0,3,0,0
15569,24.64,CASH_OUT,837,5,0,0,0,0,0
15570,43.42,PAYMENT,1830,3,0,0,6,0,0
15571,14.89,PAYMENT,1205,2,0,0,19,0,0
15572,898.79,CASH_OUT,105,5,0,0,21,0,1
15573,206.92,CASH_IN,765,2,1,0,7,0,0
15574,286.98,PAYMENT,2719,4,0,0,19,0,0
15575,200.54,TRANSFER,1304,5,0,0,19,1,1
15576,263.42,CASH_OUT,2915,6,0,0,6,0,0
15577,160.47,CASH_OUT,2337,4,0,0,15,1,0
15578,194.6,DEBIT,2394,2,1,0,4,0,0
15579,165.27,CASH_OUT,2794,4,0,0,4,1,0
15580,80.75,CASH_OUT,1179,2,0,0,7,0,0
15581,141.65,DEBIT,733,0,0,0,12,0,0
15582,195.12,PAYMENT,577,1,1,0,20,0,0
15583,165.76,PAYMENT,1412,3,0,0,1,0,0
15584,33.86,TRANSFER,195,6,0,0,2,0,1
15585,38.67,PAYMENT,2415,6,1,0,20,0,0
15586,438.27,PAYMENT,1708,3,0,0,20,0,0
15587,109.18,PAYMENT,845,3,0,0,17,0,0
15588,266.33,CASH_OUT,443,2,0,0,20,1,0
15589,49.79,CASH_IN,732,2,0,0,7,3,0
15590,34.02,PAYMENT,1078,6,0,0,16,1,0
15591,63.84,TRANSFER,801,3,0,0,8,1,0
15592,118.8,PAYMENT,661,0,0,1,6,0,0
15593,76.31,CASH_OUT,1555,2,0,0,21,1,0
15594,541.28,TRANSFER,2567,2,0,0,8,1,0
15595,177.6,DEBIT,2802,1,0,0,10,1,0
15596,942.88,PAYMENT,478,4,0,0,23,0,0
15597,222.38,TRANSFER,1535,1,0,0,14,0,0
15598,13.3,PAYMENT,358,4,1,1,8,0,1
15599,426.68,TRANSFER,2654,4,0,0,18,2,0
15600,32.8,CASH_IN,2444,5,0,0,6,0,0
15601,186.89,DEBIT,1592,4,0,0,7,0,0
15602,68.4,PAYMENT,1141,4,0,0,0,0,0
15603,1264.85,CASH_IN,2486,5,1,0,22,0,0
15604,626.15,PAYMENT,79,4,1,0,12,0,0
15605,70.68,PAYMENT,212,1,0,0,10,0,0
15606,130.67,CASH_IN,423,1,0,0,19,0,0
15607,189.54,PAYMENT,2954,3,0,0,13,1,0
15608,351.92,PAYMENT,1798,2,1,0,16,0,0
15609,152.8,PAYMENT,215,0,0,1,19,0,0
15610,53.26,PAYMENT,118,1,0,0,7,0,0
15611,72.42,PAYMENT,115,5,0,0,13,1,0
15612,147.75,CASH_IN,149,1,0,0,8,0,0
15613,510.02,TRANSFER,117,2,0,0,3,2,1
15614,227.66,TRANSFER,1208,3,0,0,17,0,0
15615,68.48,PAYMENT,941,1,0,0,0,0,0
15616,283.83,TRANSFER,390,6,0,0,4,0,0
15617,100.79,CASH_OUT,2785,0,0,0,22,0,0
15618,361.55,DEBIT,2612,2,0,0,10,0,0
15619,1857.54,DEBIT,2672,1,0,0,2,1,0
15620,103.67,TRANSFER,725,5,0,0,0,0,0
15621,330.83,DEBIT,1772,3,0,0,10,0,0
15622,70.43,PAYMENT,764,8,0,0,4,0,0
15623,132.65,PAYMENT,82,4,0,0,5,0,1
15624,152.87,CASH_OUT,1767,3,0,0,0,0,1
15625,122.28,PAYMENT,1765,1,0,0,13,2,0
15626,1742.39,PAYMENT,1760,3,0,0,16,0,0
15627,109.22,DEBIT,432,3,0,1,22,0,0
15628,266.89,CASH_OUT,1994,4,0,0,14,1,0
15629,21.54,PAYMENT,902,2,0,0,3,0,0
15630,228.61,CASH_OUT,2899,1,0,0,21,0,0
15631,465.01,CASH_IN,1297,3,0,0,15,1,0
15632,87.57,DEBIT,667,2,0,0,14,1,0
15633,12.06,TRANSFER,906,6,0,0,23,1,1
15634,142.79,CASH_OUT,742,1,0,0,13,0,0
15635,150.99,CASH_OUT,81,5,1,0,16,0,0
15636,306.15,CASH_OUT,1296,3,0,0,17,0,1
15637,1108.66,CASH_OUT,2061,0,0,0,21,1,1
15638,101.49,TRANSFER,431,1,0,0,16,1,0
15639,63.04,TRANSFER,1776,1,1,0,9,1,1
15640,46.2,DEBIT,648,2,0,0,13,1,0
15641,180.92,PAYMENT,693,4,0,0,18,1,0
15642,239.69,PAYMENT,931,0,0,1,5,1,0
15643,86.0,CASH_OUT,2300,3,0,0,7,0,0
15644,323.33,PAYMENT,696,5,0,0,7,0,0
15645,236.37,TRANSFER,2047,2,1,0,19,1,0
15646,154.97,PAYMENT,203,4,0,0,8,0,0
15647,60.19,CASH_OUT,1400,2,0,0,18,0,0
15648,91.66,DEBIT,2424,1,0,0,18,1,0
15649,13.07,CASH_OUT,2262,1,0,0,22,1,0
15650,187.88,PAYMENT,425,1,1,0,18,0,0
15651,152.37,DEBIT,2390,4,1,1,17,0,0
15652,179.2,PAYMENT,1251,1,1,1,4,0,0
15653,245.75,TRANSFER,1620,4,1,0,20,0,0
15654,218.29,TRANSFER,739,4,0,0,15,0,0
15655,132.9,DEBIT,2642,3,1,0,15,0,0
15656,155.81,PAYMENT,1551,1,0,1,23,1,1
15657,36.44,CASH_OUT,1586,2,0,0,13,0,0
15658,82.79,PAYMENT,491,5,0,0,3,0,0
15659,156.1,PAYMENT,901,1,0,0,23,0,0
15660,71.1,DEBIT,2898,3,0,0,22,1,0
15661,350.78,TRANSFER,144,7,0,1,12,0,0
15662,76.81,CASH_OUT,893,4,0,0,17,0,0
15663,184.25,PAYMENT,2460,2,0,1,23,0,0
15664,166.76,CASH_OUT,1248,5,0,0,6,0,0
15665,313.02,CASH_IN,1260,4,0,0,0,0,0
15666,365.33,TRANSFER,1915,2,0,0,20,0,0
15667,297.09,TRANSFER,2060,2,0,0,9,0,0
15668,18.07,DEBIT,1515,2,1,1,12,0,0
15669,489.87,CASH_IN,2188,4,0,0,4,0,0
15670,683.56,TRANSFER,1493,3,0,0,7,0,0
15671,91.64,CASH_OUT,2756,8,0,0,7,0,0
15672,188.04,CASH_OUT,2690,0,0,0,9,0,0
15673,60.9,PAYMENT,1222,3,0,1,23,0,1
15674,21.15,TRANSFER,2509,2,0,0,0,0,0
15675,70.9,DEBIT,1721,0,0,0,2,1,0
15676,86.48,DEBIT,2867,2,1,1,14,0,1
15677,104.08,CASH_IN,2068,1,0,0,3,0,0
15678,56.89,PAYMENT,1801,3,0,0,6,0,0
15679,71.28,DEBIT,381,2,1,1,11,0,0
15680,146.79,CASH_OUT,2200,2,0,0,18,1,1
15681,68.7,PAYMENT,730,6,0,0,21,1,0
15682,255.58,CASH_OUT,2925,4,0,0,3,0,1
15683,293.44,CASH_IN,991,2,0,0,15,1,1
15684,1604.21,PAYMENT,366,0,0,0,13,0,0
15685,457.46,DEBIT,2848,3,0,0,1,0,0
15686,189.26,DEBIT,2061,2,0,0,21,0,0
15687,79.82,PAYMENT,2356,2,0,0,12,0,0
15688,199.09,DEBIT,2008,4,0,0,3,2,0
15689,205.74,DEBIT,898,2,1,0,1,0,1
15690,88.83,PAYMENT,1721,7,0,0,21,2,0
15691,324.97,PAYMENT,138,2,0,0,23,0,0
15692,36.67,PAYMENT,1926,4,0,0,12,0,0
15693,116.23,PAYMENT,2917,4,0,0,18,0,0
15694,258.75,CASH_OUT,1179,7,0,0,22,0,0
15695,111.32,PAYMENT,2657,5,0,0,2,0,0
15696,120.69,DEBIT,2404,2,0,0,20,0,0
15697,129.31,DEBIT,1320,3,1,0,8,1,0
15698,64.35,PAYMENT,2725,2,0,0,11,0,0
15699,480.06,TRANSFER,91,2,0,0,23,0,1
15700,53.62,TRANSFER,200,2,0,0,6,0,1
15701,204.01,TRANSFER,150,2,0,0,14,0,0
15702,224.45,PAYMENT,2561,2,1,0,22,0,0
15703,57.48,PAYMENT,1763,1,0,0,12,1,0
15704,159.67,PAYMENT,292,5,0,0,14,0,0
15705,59.76,PAYMENT,2215,5,0,0,4,0,0
15706,596.48,DEBIT,1221,4,0,0,5,0,0
15707,47.52,PAYMENT,2593,4,0,0,20,0,0
15708,77.18,PAYMENT,2278,4,0,0,7,1,0
15709,43.63,CASH_OUT,2179,2,0,0,0,0,0
15710,38.18,PAYMENT,2096,1,1,0,5,0,0
15711,728.67,PAYMENT,2443,3,1,0,6,0,0
15712,255.39,CASH_OUT,1475,1,0,0,3,0,0
15713,170.77,TRANSFER,2718,3,0,0,8,0,0
15714,76.97,PAYMENT,910,4,0,0,12,1,0
15715,367.83,TRANSFER,2226,0,0,0,20,1,1
15716,65.09,TRANSFER,526,2,0,0,0,0,0
15717,328.21,TRANSFER,779,4,1,0,19,0,0
15718,62.02,CASH_OUT,36,2,0,0,4,0,1
15719,77.91,PAYMENT,2035,1,1,1,15,0,0
15720,316.8,TRANSFER,2410,0,0,0,15,0,0
15721,352.07,CASH_OUT,1076,3,0,0,19,0,0
15722,269.74,DEBIT,2009,0,0,0,9,0,0
15723,51.95,CASH_IN,2167,3,1,0,17,0,0
15724,94.94,TRANSFER,1938,3,0,0,18,1,0
15725,173.63,TRANSFER,2660,3,1,0,17,0,0
15726,63.48,TRANSFER,1119,2,0,1,11,0,0
15727,584.62,CASH_IN,2130,4,0,0,20,1,0
15728,13.44,CASH_IN,432,1,0,0,8,0,0
15729,68.12,PAYMENT,733,5,0,0,19,0,0
15730,89.16,PAYMENT,171,1,0,0,15,1,0
15731,8.64,PAYMENT,1078,2,0,0,20,0,0
15732,36.74,PAYMENT,791,4,0,0,23,0,0
15733,277.35,DEBIT,62,1,0,0,5,0,1
15734,152.98,PAYMENT,2765,2,0,0,2,2,0
15735,715.61,PAYMENT,1431,5,0,0,19,0,0
15736,695.91,CASH_IN,1421,1,0,0,19,1,0
15737,228.85,PAYMENT,2953,2,0,0,16,0,0
15738,203.01,PAYMENT,1186,1,0,0,8,0,0
15739,158.53,TRANSFER,2226,2,0,0,0,1,0
15740,10.43,TRANSFER,856,0,0,0,4,0,0
15741,36.8,PAYMENT,555,3,0,0,4,0,1
15742,164.13,TRANSFER,595,4,0,0,3,1,0
15743,274.8,PAYMENT,1818,1,1,1,15,0,0
15744,198.28,TRANSFER,2029,2,0,0,11,0,0
15745,60.8,TRANSFER,2762,4,0,0,20,0,1
15746,378.95,CASH_IN,975,1,0,0,0,0,0
15747,653.57,TRANSFER,2072,2,0,0,23,0,0
15748,379.17,TRANSFER,670,3,0,0,13,0,0
15749,399.25,TRANSFER,537,1,0,0,14,1,1
15750,84.84,PAYMENT,159,3,0,0,8,0,1
15751,435.26,PAYMENT,1125,2,0,0,13,0,0
15752,171.7,CASH_OUT,2844,1,0,0,23,0,0
15753,247.54,PAYMENT,682,0,0,0,3,1,0
15754,213.88,CASH_OUT,432,2,0,0,19,1,1
15755,131.44,PAYMENT,1179,4,0,0,19,0,1
15756,62.8,CASH_IN,1816,1,1,0,20,1,1
15757,136.71,DEBIT,1558,2,0,0,14,1,0
15758,398.12,PAYMENT,543,3,0,0,7,1,0
15759,95.44,TRANSFER,2556,2,0,0,23,0,0
15760,362.62,TRANSFER,1063,4,0,0,0,0,1
15761,310.15,CASH_IN,1506,4,0,0,15,1,0
15762,110.06,PAYMENT,500,4,0,0,13,1,0
15763,595.14,CASH_OUT,2875,1,0,0,0,0,0
15764,104.01,CASH_OUT,765,5,0,0,21,0,1
15765,671.52,PAYMENT,2186,8,0,0,7,0,0
15766,229.09,PAYMENT,2377,2,0,0,6,0,0
15767,146.08,PAYMENT,1095,5,1,0,23,1,1
15768,61.08,CASH_IN,2700,6,1,0,22,0,0
15769,135.88,PAYMENT,2491,2,0,0,0,0,0
15770,121.05,TRANSFER,57,1,0,0,23,0,1
15771,42.17,PAYMENT,2640,4,1,0,20,3,0
15772,119.39,PAYMENT,242,4,0,0,2,0,0
15773,66.43,TRANSFER,2858,2,0,0,17,0,0
15774,266.66,CASH_IN,183,0,0,0,0,0,0
15775,548.0,CASH_OUT,2949,2,0,1,4,1,0
15776,43.51,CASH_OUT,187,2,0,0,20,0,1
15777,822.47,CASH_OUT,2997,5,0,0,8,0,0
15778,130.51,CASH_OUT,2371,4,0,0,0,0,0
15779,55.98,TRANSFER,1414,2,1,0,17,0,0
15780,316.64,DEBIT,2530,3,0,0,12,1,0
15781,94.97,TRANSFER,2861,6,1,0,21,0,0
15782,136.76,TRANSFER,651,3,0,1,1,0,1
15783,99.06,TRANSFER,2311,0,0,0,21,0,0
15784,65.58,PAYMENT,852,1,0,0,1,0,0
15785,306.13,PAYMENT,2254,6,1,0,1,0,0
15786,111.46,PAYMENT,668,1,0,0,19,0,0
15787,35.28,CASH_OUT,2669,4,0,0,21,0,0
15788,257.51,PAYMENT,81,0,0,0,19,0,1
15789,44.45,PAYMENT,846,1,0,0,18,0,0
15790,46.84,DEBIT,1501,7,0,0,4,0,0
15791,489.12,TRANSFER,359,6,0,0,21,0,0
15792,44.87,PAYMENT,814,5,1,1,14,0,0
15793,14.64,CASH_OUT,2899,4,0,0,12,0,1
15794,276.68,PAYMENT,325,4,0,1,11,0,0
15795,109.52,TRANSFER,2876,2,0,0,21,0,0
15796,119.38,TRANSFER,375,1,0,0,14,2,1
15797,108.36,PAYMENT,2231,3,0,0,0,0,0
15798,187.1,PAYMENT,2309,2,0,0,6,0,0
15799,69.92,PAYMENT,2409,4,0,0,12,0,0
15800,649.44,PAYMENT,1535,1,0,0,3,0,1
15801,33.91,PAYMENT,408,7,0,0,13,0,0
15802,231.57,DEBIT,2024,0,0,0,19,0,0
15803,282.06,TRANSFER,597,3,1,0,0,0,0
15804,69.43,CASH_IN,59,1,0,0,12,0,0
15805,53.32,TRANSFER,2575,4,0,0,5,0,0
15806,410.42,CASH_OUT,2571,3,0,0,7,0,0
15807,55.1,PAYMENT,2641,4,1,0,22,1,0
15808,80.91,PAYMENT,2817,0,0,1,15,0,0
15809,360.43,TRANSFER,723,2,0,0,14,0,0
15810,153.66,CASH_IN,2072,3,0,0,11,0,0
15811,24.6,PAYMENT,1244,4,0,0,17,1,0
15812,851.55,TRANSFER,700,5,0,0,11,0,0
15813,87.36,PAYMENT,2781,5,0,0,20,0,0
15814,99.21,TRANSFER,1533,4,0,0,21,2,1
15815,191.67,CASH_OUT,207,5,0,0,19,0,0
15816,277.29,CASH_OUT,2489,2,0,0,1,0,0
15817,1054.8,PAYMENT,1416,6,0,0,8,0,0
15818,28.22,PAYMENT,2813,4,0,1,8,0,0
15819,338.98,TRANSFER,2749,5,0,0,20,0,1
15820,312.0,DEBIT,1774,2,0,0,19,0,0
15821,129.39,PAYMENT,1023,4,0,0,10,0,0
15822,326.12,TRANSFER,832,3,0,0,17,0,0
15823,377.77,TRANSFER,1750,3,0,0,13,0,0
15824,37.26,PAYMENT,2522,4,1,1,16,1,0
15825,853.86,CASH_OUT,2418,5,0,0,11,0,0
15826,31.23,PAYMENT,829,3,1,1,12,0,0
15827,47.69,CASH_OUT,1791,1,1,0,22,0,0
15828,114.23,TRANSFER,1279,1,0,0,5,0,0
15829,1017.33,CASH_OUT,1061,4,1,1,4,0,0
15830,109.04,PAYMENT,2029,4,1,0,12,1,1
15831,143.75,CASH_IN,1984,3,0,0,18,1,0
15832,621.46,PAYMENT,564,2,0,0,8,0,0
15833,109.91,CASH_OUT,764,6,1,0,21,1,0
15834,45.68,CASH_OUT,1402,2,0,0,17,1,0
15835,97.78,TRANSFER,979,3,1,1,8,0,0
15836,584.52,PAYMENT,1866,3,0,0,16,1,1
15837,159.31,DEBIT,577,2,0,0,20,0,0
15838,1023.17,PAYMENT,341,1,0,0,23,0,0
15839,310.42,DEBIT,998,4,0,0,23,0,1
15840,77.88,PAYMENT,1885,1,0,0,5,0,0
15841,156.19,PAYMENT,2304,1,0,0,16,1,0
15842,63.23,PAYMENT,1112,3,1,0,2,0,0
15843,76.06,PAYMENT,2846,2,0,0,15,0,0
15844,13083.2,PAYMENT,1150,3,0,0,14,0,0
15845,411.01,PAYMENT,750,5,0,0,17,0,0
15846,351.11,DEBIT,278,4,0,0,13,0,0
15847,79.58,CASH_OUT,2039,3,1,0,22,0,0
15848,713.07,PAYMENT,2338,2,0,0,6,0,0
15849,445.6,PAYMENT,1456,4,0,0,8,0,0
15850,974.2,CASH_OUT,87,3,0,0,7,0,0
15851,928.08,PAYMENT,102,3,1,0,12,1,1
15852,33.82,CASH_IN,2930,5,0,0,11,1,1
15853,48.92,TRANSFER,2611,3,0,0,18,1,1
15854,54.39,CASH_OUT,82,1,1,0,8,0,0
15855,57.75,TRANSFER,2646,3,0,0,16,1,0
15856,205.09,CASH_OUT,923,2,0,0,7,0,0
15857,84.2,PAYMENT,132,3,0,0,14,0,0
15858,1179.21,PAYMENT,1165,4,0,0,14,1,0
15859,996.93,PAYMENT,848,5,1,0,13,1,1
15860,147.46,TRANSFER,1826,1,0,0,12,1,0
15861,1048.72,TRANSFER,947,3,0,0,11,0,1
15862,657.3,CASH_OUT,1560,2,0,0,16,0,0
15863,94.57,PAYMENT,399,3,0,0,9,0,0
15864,19.9,TRANSFER,2724,2,0,0,19,1,0
15865,119.35,PAYMENT,2909,8,0,0,17,0,0
15866,77.9,CASH_OUT,1079,2,0,1,16,0,0
15867,182.46,CASH_IN,54,2,0,1,9,1,1
15868,162.26,CASH_OUT,866,3,0,0,15,1,0
15869,158.07,DEBIT,957,3,0,0,12,0,0
15870,250.56,DEBIT,1875,3,0,0,23,1,1
15871,44.14,CASH_OUT,2529,2,1,0,13,0,1
15872,223.94,PAYMENT,736,2,0,0,15,1,0
15873,95.62,PAYMENT,1225,2,1,0,14,1,0
15874,181.27,TRANSFER,1990,3,0,0,8,1,0
15875,386.61,DEBIT,1223,2,1,0,18,1,0
15876,43.62,TRANSFER,1448,5,1,0,19,1,1
15877,112.02,PAYMENT,2972,5,0,0,1,0,0
15878,131.82,DEBIT,712,4,0,0,6,0,0
15879,88.74,PAYMENT,1957,0,0,0,4,0,0
15880,364.98,CASH_OUT,715,4,0,0,20,0,0
15881,72.21,CASH_OUT,2367,4,0,0,7,1,0
15882,85.17,CASH_IN,2044,3,0,0,22,0,0
15883,72.97,CASH_IN,2657,1,0,0,2,0,0
15884,442.33,CASH_IN,1711,6,0,0,13,0,0
15885,90.7,CASH_OUT,168,4,0,0,16,1,0
15886,235.11,TRANSFER,1272,2,0,0,6,0,0
15887,1070.31,CASH_OUT,527,4,0,0,9,1,0
15888,137.71,CASH_IN,2918,2,0,0,7,1,0
15889,451.27,PAYMENT,1078,1,0,1,9,0,0
15890,789.46,PAYMENT,435,5,0,0,12,0,0
15891,414.55,PAYMENT,1305,6,1,0,0,0,0
15892,145.94,TRANSFER,1780,1,1,0,14,3,1
15893,282.06,PAYMENT,2523,4,0,0,22,0,1
15894,40.96,CASH_OUT,2754,3,1,0,10,0,1
15895,68.03,PAYMENT,2983,1,1,0,17,0,0
15896,81.07,PAYMENT,1646,3,0,0,7,0,0
15897,1394.95,PAYMENT,2897,3,0,0,15,0,1
15898,65.85,TRANSFER,1130,1,0,0,19,1,0
15899,64.88,PAYMENT,509,3,0,0,15,0,0
15900,52.25,PAYMENT,313,4,0,1,6,0,0
15901,259.77,DEBIT,1739,5,1,0,5,0,0
15902,171.16,CASH_IN,1196,7,0,0,9,0,0
15903,439.99,CASH_IN,2720,3,0,0,0,0,0
15904,290.4,TRANSFER,1390,1,0,0,10,0,0
15905,37.32,CASH_IN,126,3,0,0,14,0,0
15906,66.2,CASH_OUT,482,5,0,1,19,0,0
15907,581.34,DEBIT,422,5,0,0,23,1,0
15908,121.11,PAYMENT,1943,3,0,1,0,1,1
15909,486.67,PAYMENT,1399,2,0,0,18,0,0
15910,127.78,PAYMENT,2463,3,0,1,4,0,0
15911,56.39,DEBIT,2242,2,0,0,18,0,0
15912,109.59,CASH_OUT,1563,4,0,0,1,0,0
15913,56.37,TRANSFER,560,1,0,0,2,0,0
15914,84.31,TRANSFER,2872,4,0,0,14,0,0
15915,181.44,CASH_IN,1973,6,0,0,22,0,0
15916,247.55,DEBIT,2527,3,0,0,12,0,0
15917,30.26,CASH_OUT,1581,2,0,0,18,1,1
15918,145.86,CASH_OUT,2591,5,0,0,11,0,0
15919,82.55,PAYMENT,434,1,0,0,3,0,0
15920,77.6,TRANSFER,551,4,0,0,7,1,0
15921,169.47,CASH_IN,983,2,0,0,10,1,0
15922,85.59,CASH_OUT,647,2,0,0,3,0,0
15923,591.19,CASH_OUT,2094,1,0,0,5,0,0
15924,486.9,PAYMENT,233,3,0,0,10,0,0
15925,483.88,PAYMENT,1766,5,0,0,20,0,0
15926,90.48,PAYMENT,1611,3,0,0,14,0,0
15927,56.68,TRANSFER,1564,2,0,1,21,1,0
15928,161.1,TRANSFER,1063,4,0,0,17,0,1
15929,127.7,DEBIT,813,1,0,0,5,0,0
15930,80.74,CASH_OUT,1822,2,0,0,2,0,0
15931,45.8,PAYMENT,2090,2,0,0,10,0,0
15932,142.38,PAYMENT,2266,2,0,0,11,0,0
15933,99.08,CASH_IN,2221,3,0,0,13,0,0
15934,295.4,TRANSFER,2363,4,0,0,4,0,0
15935,288.62,CASH_OUT,1770,4,0,0,3,0,0
15936,446.21,TRANSFER,357,5,0,0,5,0,0
15937,42.13,PAYMENT,724,2,0,0,6,0,0
15938,221.64,PAYMENT,2958,2,0,0,10,1,0
15939,71.7,PAYMENT,2513,3,0,0,4,0,0
15940,43.8,PAYMENT,1020,4,0,1,17,0,0
15941,96.68,CASH_OUT,1544,4,0,0,5,0,0
15942,432.12,CASH_OUT,360,3,0,0,7,0,0
15943,102.28,DEBIT,1101,1,0,0,12,1,0
15944,710.13,CASH_IN,804,2,0,0,12,0,0
15945,256.95,TRANSFER,1310,1,0,0,4,0,0
15946,100.07,TRANSFER,1140,4,0,0,7,0,0
15947,473.45,CASH_OUT,1085,2,0,1,14,0,0
15948,231.69,PAYMENT,2395,4,0,0,2,1,1
15949,58.41,DEBIT,1145,1,0,0,18,0,0
15950,952.23,TRANSFER,218,1,0,0,6,0,0
15951,192.38,DEBIT,1131,2,0,0,11,0,0
15952,151.23,DEBIT,874,4,0,0,8,0,0
15953,63.08,TRANSFER,2517,6,0,0,21,0,0
15954,482.77,PAYMENT,2111,3,0,0,7,0,0
15955,248.96,TRANSFER,147,6,0,0,10,0,1
15956,278.45,TRANSFER,2101,4,1,0,0,0,0
15957,89.34,CASH_OUT,808,1,0,0,21,1,0
15958,341.76,PAYMENT,1808,4,0,1,7,1,0
15959,369.38,TRANSFER,1779,3,1,0,8,1,0
15960,76.04,DEBIT,1467,1,0,0,16,0,0
15961,35.98,DEBIT,2077,4,0,1,8,0,0
15962,265.44,PAYMENT,1774,2,1,0,4,2,1
15963,30.77,CASH_IN,1267,2,0,0,1,1,1
15964,172.78,PAYMENT,2206,1,0,0,0,0,0
15965,94.89,CASH_IN,241,5,0,0,14,0,1
15966,502.03,PAYMENT,2530,4,0,0,18,0,0
15967,100.2,DEBIT,190,6,0,0,11,0,0
15968,449.11,CASH_OUT,1630,2,1,0,17,0,0
15969,88.75,PAYMENT,1481,2,0,0,13,0,0
15970,403.43,PAYMENT,1062,1,0,0,9,1,0
15971,1164.84,PAYMENT,61,5,0,0,9,0,1
15972,51.01,CASH_OUT,1875,1,0,0,1,0,0
15973,198.75,CASH_IN,1335,1,0,0,14,0,0
15974,2318.75,CASH_OUT,1883,4,0,1,16,0,1
15975,158.63,CASH_IN,650,1,0,0,23,2,0
15976,157.87,CASH_OUT,931,2,0,0,12,0,0
15977,326.52,DEBIT,274,2,1,0,17,0,0
15978,154.64,CASH_OUT,1939,4,0,0,15,0,0
15979,26.92,PAYMENT,2333,3,0,0,3,0,0
15980,460.49,CASH_OUT,773,5,1,0,17,0,0
15981,20.03,PAYMENT,2180,3,0,0,12,0,0
15982,97.83,DEBIT,566,2,0,0,6,0,0
15983,496.42,PAYMENT,2697,1,0,0,9,0,0
15984,103.9,PAYMENT,56,1,1,0,0,1,1
15985,74.17,PAYMENT,680,0,1,0,19,0,0
15986,357.55,CASH_OUT,163,2,0,0,12,1,0
15987,63.36,PAYMENT,1644,4,0,0,5,0,0
15988,43.72,DEBIT,2370,3,0,0,6,0,0
15989,195.3,PAYMENT,1277,1,1,0,8,1,1
15990,123.6,PAYMENT,757,4,0,0,17,0,0
15991,42.79,PAYMENT,744,2,0,0,20,0,0
15992,280.61,PAYMENT,2183,5,0,0,21,0,0
15993,236.15,TRANSFER,506,3,1,0,8,0,1
15994,103.57,PAYMENT,2965,4,0,0,10,0,0
15995,110.9,PAYMENT,1802,3,0,0,16,0,0
15996,237.55,PAYMENT,2804,1,1,0,12,1,0
15997,488.02,PAYMENT,2223,2,0,0,11,0,0
15998,111.86,CASH_OUT,2963,4,0,1,10,1,1
15999,285.63,TRANSFER,764,1,0,0,19,0,0
16000,261.18,PAYMENT,519,1,0,1,20,0,0
16001,357.56,PAYMENT,753,5,0,0,21,0,0
16002,154.36,TRANSFER,77,3,0,0,3,0,0
16003,59.6,PAYMENT,1854,2,0,0,23,0,0
16004,93.46,CASH_OUT,1238,1,0,0,10,0,1
16005,209.11,DEBIT,2180,4,0,0,15,0,0
16006,914.58,PAYMENT,1277,2,0,0,22,1,0
16007,91.47,PAYMENT,1430,6,0,1,17,0,0
16008,331.88,PAYMENT,140,0,0,0,4,1,0
16009,106.91,TRANSFER,351,1,0,0,18,0,0
16010,165.75,PAYMENT,792,1,0,0,2,0,0
16011,675.46,TRANSFER,1844,4,0,0,0,0,0
16012,318.71,DEBIT,2054,3,0,0,19,0,0
16013,42.89,PAYMENT,1409,2,0,0,8,0,1
16014,83.72,PAYMENT,372,2,0,0,10,0,0
16015,521.25,CASH_OUT,661,3,0,0,3,0,0
16016,171.04,PAYMENT,1470,2,0,0,19,0,0
16017,47.05,PAYMENT,2361,3,0,1,4,0,0
16018,65.43,CASH_OUT,805,4,0,0,3,0,1
16019,299.91,PAYMENT,766,2,1,0,5,0,0
16020,401.18,CASH_IN,795,3,0,0,12,0,0
16021,151.09,PAYMENT,1210,2,0,0,20,0,0
16022,1763.96,TRANSFER,909,1,0,0,2,2,1
16023,338.37,CASH_OUT,2773,1,0,0,19,1,1
16024,116.34,PAYMENT,1452,2,0,0,10,0,0
16025,65.65,PAYMENT,1580,0,1,0,20,0,0
16026,55.99,PAYMENT,2882,1,0,1,23,0,1
16027,207.56,CASH_IN,2992,2,0,0,17,0,0
16028,91.03,CASH_OUT,472,5,0,0,0,0,0
16029,791.35,PAYMENT,277,2,0,0,14,0,0
16030,643.11,CASH_OUT,1527,3,0,0,2,0,0
16031,279.52,CASH_OUT,2195,2,1,0,0,0,0
16032,45.65,DEBIT,121,4,0,0,20,1,1
16033,75.78,PAYMENT,1601,2,0,0,13,0,0
16034,520.96,CASH_IN,1490,2,0,0,23,0,1
16035,84.52,TRANSFER,877,3,0,0,9,0,0
16036,455.84,CASH_IN,1577,6,0,0,16,1,0
16037,238.56,PAYMENT,1593,0,0,0,20,0,0
16038,156.29,PAYMENT,2020,3,1,0,20,0,0
16039,73.49,CASH_IN,1854,1,0,0,11,0,0
16040,135.07,CASH_IN,2156,4,0,0,1,0,0
16041,179.41,PAYMENT,1776,5,0,0,6,0,0
16042,416.77,TRANSFER,2772,2,0,0,5,0,0
16043,61.21,PAYMENT,2790,6,0,0,22,0,0
16044,114.11,PAYMENT,234,2,0,0,4,3,0
16045,155.22,PAYMENT,2895,5,0,0,14,0,0
16046,287.92,PAYMENT,570,4,1,0,16,0,0
16047,59.83,TRANSFER,855,4,0,0,17,1,1
16048,39.78,PAYMENT,1335,5,0,1,5,0,0
16049,291.19,PAYMENT,52,2,1,0,1,0,0
16050,32.53,DEBIT,1582,6,0,1,8,0,0
16051,536.45,PAYMENT,162,2,0,0,7,0,0
16052,126.99,CASH_OUT,88,3,0,1,23,0,1
16053,31.58,CASH_IN,1709,4,0,0,19,0,1
16054,91.8,PAYMENT,1659,4,0,1,17,0,0
16055,216.83,PAYMENT,1970,4,0,0,13,0,0
16056,87.12,TRANSFER,802,1,0,0,21,0,0
16057,151.42,TRANSFER,1555,2,1,0,0,0,1
16058,311.09,TRANSFER,2519,0,0,0,20,0,0
16059,121.24,TRANSFER,2359,2,0,0,11,0,0
16060,58.15,DEBIT,1933,2,0,0,15,1,0
16061,110.06,PAYMENT,1751,6,0,0,0,0,0
16062,610.84,CASH_OUT,650,1,0,0,21,1,1
16063,800.36,PAYMENT,585,4,0,0,8,0,0
16064,19.69,PAYMENT,745,2,0,0,8,1,1
16065,441.88,PAYMENT,135,3,0,0,17,1,0
16066,190.59,TRANSFER,2296,5,0,0,10,1,0
16067,373.9,CASH_IN,2999,1,0,0,11,0,0
16068,85.59,PAYMENT,2633,2,1,0,18,0,0
16069,25.32,PAYMENT,758,4,0,0,0,0,0
16070,266.26,PAYMENT,1968,4,1,0,0,1,0
16071,57.92,PAYMENT,334,5,1,0,19,0,1
16072,37.03,CASH_OUT,2168,0,0,0,1,0,0
16073,39.71,CASH_OUT,2573,1,1,0,9,1,1
16074,270.67,CASH_IN,726,3,0,0,12,0,0
16075,170.62,TRANSFER,163,2,0,0,10,0,0
16076,324.56,TRANSFER,436,5,0,0,6,0,0
16077,289.77,PAYMENT,2415,0,0,0,16,0,0
16078,97.42,CASH_OUT,1609,3,0,0,11,1,0
16079,138.31,TRANSFER,1119,2,0,0,0,0,0
16080,88.99,DEBIT,2378,3,0,0,9,0,0
16081,120.26,DEBIT,1584,5,0,0,8,1,0
16082,56.42,DEBIT,545,1,0,0,4,2,0
16083,219.31,PAYMENT,2174,7,0,0,7,0,0
16084,434.9,PAYMENT,982,3,0,0,4,0,0
16085,65.59,CASH_IN,1775,2,0,0,6,0,0
16086,534.47,CASH_OUT,265,4,1,0,11,0,0
16087,166.25,CASH_OUT,2214,5,0,0,7,0,0
16088,188.87,PAYMENT,1101,3,0,0,16,0,1
16089,27.13,CASH_IN,1217,4,0,0,22,0,0
16090,24.36,TRANSFER,529,4,0,1,13,1,0
16091,171.42,TRANSFER,2272,3,0,0,2,0,0
16092,326.93,CASH_IN,303,2,0,1,22,1,0
16093,75.84,PAYMENT,1861,5,0,0,10,0,0
16094,788.47,CASH_OUT,2579,1,0,1,14,0,0
16095,309.49,TRANSFER,1526,1,0,0,22,0,0
16096,59.84,TRANSFER,2015,2,0,0,9,1,1
16097,153.06,PAYMENT,2398,1,1,0,15,1,0
16098,1766.81,TRANSFER,949,3,0,0,12,0,0
16099,42.84,TRANSFER,2258,2,0,0,6,1,0
16100,251.71,TRANSFER,1679,5,1,0,18,0,1
16101,107.47,CASH_IN,2503,6,0,0,9,0,0
16102,300.94,PAYMENT,850,0,0,0,0,0,0
16103,527.04,CASH_IN,1029,3,0,0,5,3,0
16104,100.86,TRANSFER,603,3,0,0,1,0,0
16105,454.37,CASH_OUT,1179,1,0,0,12,1,1
16106,1368.13,PAYMENT,1935,0,0,0,20,1,1
16107,158.58,PAYMENT,1728,2,0,0,2,0,1
16108,325.35,CASH_OUT,2217,1,1,0,10,1,0
16109,82.23,PAYMENT,1808,2,0,0,10,0,0
16110,151.3,DEBIT,78,0,0,0,3,1,0
16111,124.38,PAYMENT,1524,4,0,0,17,1,0
16112,329.29,DEBIT,2574,3,1,0,7,0,1
16113,495.06,TRANSFER,1203,3,1,0,4,1,1
16114,133.0,TRANSFER,1655,2,0,0,4,0,0
16115,687.89,PAYMENT,2401,3,0,0,0,1,0
16116,685.43,PAYMENT,1380,2,1,0,2,1,1
16117,346.14,PAYMENT,948,0,0,0,18,0,1
16118,88.59,TRANSFER,380,1,1,0,16,1,1
16119,80.49,TRANSFER,1956,5,0,0,5,0,0
16120,65.87,CASH_OUT,1947,5,0,0,17,0,1
16121,383.43,CASH_IN,307,2,1,0,3,0,1
16122,44.18,TRANSFER,1200,5,1,0,6,0,0
16123,292.02,PAYMENT,594,5,0,0,13,0,0
16124,50.34,PAYMENT,1339,1,0,0,5,0,0
16125,338.17,CASH_IN,183,3,0,0,21,0,0
16126,150.99,PAYMENT,1944,2,0,0,17,1,0
16127,563.2,CASH_OUT,454,0,0,0,11,0,0
16128,464.73,PAYMENT,1203,2,0,0,2,0,0
16129,623.32,PAYMENT,1626,2,0,0,8,0,0
16130,639.58,TRANSFER,2379,0,0,0,21,0,0
16131,171.34,TRANSFER,1111,4,0,0,2,0,0
16132,46.58,TRANSFER,2618,4,0,0,21,1,1
16133,51.8,CASH_OUT,2991,4,0,0,10,1,1
16134,18.41,PAYMENT,700,3,1,0,14,0,0
16135,50.22,PAYMENT,38,3,1,0,2,0,1
16136,158.99,CASH_OUT,1531,0,0,0,1,1,1
16137,84.8,TRANSFER,1602,6,0,0,23,0,0
16138,123.95,PAYMENT,2557,4,1,0,8,0,0
16139,242.92,CASH_OUT,2853,1,0,0,23,1,0
16140,109.5,CASH_OUT,1461,5,0,1,21,0,0
16141,48.34,PAYMENT,97,4,0,1,19,1,1
16142,140.72,CASH_OUT,1361,2,0,0,2,0,0
16143,60.43,TRANSFER,331,1,0,0,13,2,0
16144,113.21,PAYMENT,2350,5,0,0,21,0,0
16145,568.37,TRANSFER,2610,2,0,0,8,0,0
16146,113.24,TRANSFER,2637,4,0,0,16,0,0
16147,872.15,DEBIT,793,2,0,0,17,0,0
16148,621.19,CASH_OUT,1506,4,1,0,11,1,0
16149,83.15,PAYMENT,546,0,1,0,7,0,0
16150,48.86,PAYMENT,507,4,0,0,16,0,0
16151,140.81,CASH_IN,547,2,0,1,9,0,0
16152,470.28,CASH_IN,2819,1,1,0,17,1,1
16153,90.9,PAYMENT,997,2,0,0,23,1,1
16154,368.0,PAYMENT,973,3,0,0,7,0,0
16155,496.93,CASH_OUT,75,2,0,0,0,0,1
16156,68.44,CASH_OUT,1662,1,0,0,9,1,1
16157,75.49,PAYMENT,1053,4,0,0,7,0,0
16158,302.68,CASH_OUT,2701,2,0,0,21,0,0
16159,172.75,PAYMENT,1772,1,1,0,23,0,1
16160,74.73,PAYMENT,1922,1,0,0,2,0,1
16161,104.36,PAYMENT,1510,7,0,0,13,0,0
16162,138.31,TRANSFER,476,4,0,0,22,0,0
16163,31.04,CASH_IN,672,3,0,0,5,1,0
16164,319.14,TRANSFER,2748,1,0,0,14,0,0
16165,91.96,PAYMENT,2456,5,0,0,23,3,0
16166,9.17,CASH_IN,2692,4,0,0,16,1,1
16167,144.91,PAYMENT,676,1,0,1,5,0,0
16168,70.7,CASH_OUT,45,1,0,0,2,0,0
16169,803.38,CASH_OUT,1561,2,0,0,21,0,0
16170,82.65,PAYMENT,633,3,0,0,3,0,1
16171,49.52,PAYMENT,1431,2,0,0,2,0,0
16172,246.64,CASH_IN,1792,2,0,0,13,1,1
16173,76.67,TRANSFER,684,5,0,0,11,1,0
16174,68.07,PAYMENT,804,4,1,0,2,0,0
16175,247.03,CASH_IN,2432,5,0,0,13,0,0
16176,52.43,PAYMENT,2556,3,0,1,7,0,0
16177,34.56,PAYMENT,1987,2,0,0,6,0,0
16178,833.8,CASH_OUT,1445,2,0,1,16,2,0
16179,264.94,CASH_OUT,639,3,0,0,13,0,0
16180,113.95,PAYMENT,414,3,0,0,12,0,0
16181,147.9,PAYMENT,747,2,0,0,20,0,0
16182,246.13,TRANSFER,2608,2,0,0,3,0,0
16183,392.81,CASH_OUT,1825,3,1,0,19,0,0
16184,69.69,CASH_IN,221,5,0,0,23,0,0
16185,214.04,TRANSFER,2719,1,0,1,15,0,0
16186,89.42,CASH_OUT,2100,0,0,0,9,0,0
16187,122.86,PAYMENT,2773,3,1,0,1,0,1
16188,174.29,CASH_IN,1672,3,0,0,9,0,0
16189,147.43,PAYMENT,1647,4,0,0,6,1,0
16190,309.69,CASH_OUT,878,2,0,0,7,1,1
16191,241.55,DEBIT,188,5,0,0,21,1,0
16192,32.85,CASH_IN,1985,2,0,0,10,1,0
16193,38.17,CASH_OUT,2039,5,0,0,13,0,0
16194,102.54,CASH_OUT,2345,3,0,0,3,0,0
16195,923.92,DEBIT,662,3,0,0,1,1,1
16196,63.33,CASH_IN,2752,2,0,0,10,0,0
16197,120.52,CASH_OUT,1057,5,0,0,0,0,0
16198,86.8,CASH_OUT,2873,1,1,0,10,0,0
16199,85.28,PAYMENT,1538,2,0,0,10,0,0
16200,177.37,TRANSFER,1383,1,0,0,13,0,0
16201,602.31,PAYMENT,1259,3,0,0,17,0,0
16202,234.15,TRANSFER,1478,4,1,0,21,0,0
16203,66.45,CASH_OUT,1034,3,0,0,6,0,0
16204,2329.08,PAYMENT,1808,3,0,0,18,0,0
16205,160.54,PAYMENT,241,5,0,0,14,1,0
16206,83.33,PAYMENT,1881,1,0,0,10,0,0
16207,609.17,PAYMENT,1702,3,1,0,7,0,0
16208,92.84,TRANSFER,207,1,0,1,7,0,0
16209,782.83,DEBIT,1954,4,0,0,18,1,0
16210,62.14,CASH_OUT,203,2,0,0,17,1,0
16211,620.19,PAYMENT,2042,2,0,0,7,0,0
16212,181.46,PAYMENT,784,6,0,0,5,0,0
16213,539.72,CASH_OUT,652,4,0,0,21,0,0
16214,994.03,CASH_OUT,673,4,0,0,22,1,0
16215,47.82,TRANSFER,60,4,0,0,15,0,0
16216,531.54,PAYMENT,33,0,0,0,21,0,0
16217,36.27,PAYMENT,920,2,0,0,12,1,0
16218,52.08,PAYMENT,47,1,0,0,6,0,0
16219,66.46,TRANSFER,1391,1,0,0,1,0,0
16220,245.58,CASH_OUT,261,2,0,0,19,0,0
16221,153.39,CASH_IN,1855,4,0,0,7,0,0
16222,125.57,TRANSFER,77,2,0,0,22,2,0
16223,171.78,CASH_OUT,2140,2,0,0,1,0,0
16224,268.08,DEBIT,2347,4,0,0,0,0,0
16225,289.53,CASH_OUT,2077,2,0,0,11,0,0
16226,443.26,CASH_OUT,318,1,0,0,11,0,0
16227,916.02,DEBIT,199,2,0,0,21,2,1
16228,145.28,PAYMENT,2973,1,0,0,2,0,0
16229,88.14,PAYMENT,2701,4,0,0,18,0,0
16230,274.11,DEBIT,128,5,0,0,19,1,1
16231,47.26,TRANSFER,2960,5,0,0,11,0,0
16232,75.29,CASH_OUT,712,0,0,0,6,0,0
16233,403.18,CASH_IN,726,3,0,0,0,0,0
16234,131.09,PAYMENT,2220,3,0,0,7,0,0
16235,44.34,TRANSFER,335,2,0,0,9,0,0
16236,33.45,TRANSFER,2449,1,0,0,6,0,0
16237,155.82,PAYMENT,1636,3,0,0,16,0,0
16238,464.93,PAYMENT,604,1,0,1,21,0,0
16239,458.77,TRANSFER,2659,5,0,1,3,2,1
16240,165.82,PAYMENT,2470,1,0,0,6,0,0
16241,1106.45,PAYMENT,1157,2,0,0,21,0,0
16242,133.64,PAYMENT,1199,2,0,1,13,0,0
16243,129.21,CASH_OUT,30,1,0,0,7,0,0
16244,11.39,CASH_IN,2805,7,1,0,5,0,0
16245,94.88,TRANSFER,1178,5,1,0,0,1,0
16246,347.93,TRANSFER,399,3,0,0,2,1,1
16247,709.08,DEBIT,271,5,0,0,20,0,0
16248,64.7,PAYMENT,1007,0,1,0,2,0,0
16249,235.63,PAYMENT,2567,4,0,0,11,0,0
16250,422.79,PAYMENT,794,4,0,1,11,0,0
16251,150.09,PAYMENT,1218,4,1,0,23,1,0
16252,15.13,PAYMENT,997,3,0,1,1,0,0
16253,190.05,PAYMENT,2199,2,0,0,19,0,0
16254,317.8,PAYMENT,2671,0,0,0,22,0,0
16255,57.55,TRANSFER,1865,5,0,0,8,0,0
16256,115.11,PAYMENT,1914,4,1,0,14,0,0
16257,46.74,CASH_OUT,1129,3,0,0,19,0,0
16258,11.36,TRANSFER,362,4,0,0,10,0,0
16259,414.47,PAYMENT,939,2,0,0,18,0,0
16260,147.86,CASH_IN,2791,4,0,0,2,0,0
16261,733.39,TRANSFER,115,4,0,0,7,1,1
16262,349.79,PAYMENT,806,2,0,0,1,0,0
16263,104.15,PAYMENT,1525,2,0,0,20,0,0
16264,136.57,CASH_OUT,399,5,0,0,16,0,0
16265,261.43,CASH_OUT,2414,2,0,0,20,1,0
16266,390.29,TRANSFER,610,3,0,0,18,0,1
16267,204.93,PAYMENT,1671,1,0,0,4,1,1
16268,448.36,TRANSFER,1118,4,1,0,20,0,0
16269,110.31,CASH_OUT,1592,4,1,0,7,0,0
16270,54.75,CASH_IN,965,3,1,0,14,0,0
16271,139.1,TRANSFER,421,2,0,0,18,0,0
16272,182.21,PAYMENT,2083,1,0,0,22,0,0
16273,44.63,PAYMENT,1874,4,0,0,2,0,0
16274,38.99,PAYMENT,1442,4,0,1,9,0,0
16275,232.15,CASH_OUT,467,2,0,0,22,0,0
16276,98.85,PAYMENT,2223,3,0,0,11,0,0
16277,125.73,TRANSFER,2020,1,0,1,14,0,0
16278,103.58,CASH_OUT,1150,3,0,0,21,0,0
16279,678.99,PAYMENT,2239,2,0,0,3,0,1
16280,524.14,CASH_OUT,592,2,0,1,11,0,0
16281,43.06,TRANSFER,1696,5,0,0,0,0,0
16282,87.11,TRANSFER,1047,3,0,0,8,0,0
16283,347.24,CASH_IN,1819,3,0,0,5,0,0
16284,270.95,CASH_OUT,1578,2,0,0,1,0,0
16285,142.39,PAYMENT,549,6,0,0,4,0,1
16286,47.58,CASH_IN,2491,4,0,0,17,0,0
16287,75.0,CASH_OUT,1317,2,0,0,18,0,0
16288,88.52,CASH_OUT,855,4,0,0,20,0,0
16289,195.78,CASH_OUT,921,1,0,0,15,1,0
16290,815.44,PAYMENT,1189,0,1,0,17,0,0
16291,74.67,PAYMENT,346,3,0,0,8,0,0
16292,53.2,CASH_OUT,1813,2,0,1,3,0,0
16293,133.14,PAYMENT,2540,2,1,0,0,0,0
16294,416.44,CASH_IN,1051,3,0,0,20,0,0
16295,34.92,PAYMENT,2002,3,1,0,5,0,0
16296,635.01,CASH_OUT,228,2,0,1,2,0,0
16297,124.96,TRANSFER,1129,5,1,0,15,0,0
16298,71.21,TRANSFER,2497,1,0,0,10,0,1
16299,29.96,CASH_OUT,899,1,0,0,1,0,1
16300,300.82,CASH_OUT,1895,6,0,0,3,0,1
16301,125.06,PAYMENT,2480,3,0,0,23,2,1
16302,176.04,PAYMENT,2095,2,0,0,1,0,0
16303,60.29,CASH_IN,1737,5,0,0,8,1,0
16304,107.87,CASH_IN,2446,2,1,0,6,0,0
16305,91.23,PAYMENT,2737,1,0,0,14,1,0
16306,134.21,PAYMENT,2591,4,0,0,5,2,0
16307,75.98,PAYMENT,59,2,0,0,23,0,0
16308,32.0,DEBIT,464,3,0,0,23,0,1
16309,2272.19,PAYMENT,1225,2,0,0,21,1,1
16310,37.96,PAYMENT,1544,2,0,1,7,0,1
16311,177.94,PAYMENT,76,3,0,0,23,0,1
16312,25.23,CASH_OUT,328,4,0,0,9,0,0
16313,20.14,CASH_IN,1576,5,0,0,0,0,0
16314,163.67,PAYMENT,1479,4,0,0,18,1,0
16315,176.68,PAYMENT,416,2,0,0,5,0,0
16316,524.0,TRANSFER,1569,2,0,0,14,1,1
16317,221.31,PAYMENT,2956,6,0,1,3,0,0
16318,127.76,PAYMENT,1731,3,1,0,23,0,0
16319,57.42,CASH_IN,2790,4,0,0,2,0,0
16320,664.48,CASH_IN,2533,3,0,0,16,0,0
16321,375.72,DEBIT,191,4,0,0,16,0,0
16322,42.68,TRANSFER,2828,3,1,0,4,0,0
16323,154.16,PAYMENT,1468,6,1,0,22,0,1
16324,171.41,CASH_OUT,645,2,0,0,22,0,1
16325,105.04,PAYMENT,368,4,0,0,6,0,0
16326,321.13,PAYMENT,1090,3,0,0,10,0,0
16327,340.95,PAYMENT,1993,4,0,0,4,0,0
16328,122.67,DEBIT,2136,0,0,0,7,0,0
16329,112.07,CASH_OUT,2953,1,0,0,8,0,0
16330,664.45,PAYMENT,1273,5,0,0,1,1,0
16331,377.22,PAYMENT,2438,3,1,0,9,0,0
16332,159.55,CASH_IN,2863,0,0,0,4,0,0
16333,29.1,CASH_IN,2102,4,0,1,4,1,1
16334,209.35,CASH_OUT,1959,6,0,0,11,0,0
16335,298.3,PAYMENT,2530,2,0,0,18,1,0
16336,9.44,TRANSFER,2102,3,0,0,3,2,0
16337,190.92,CASH_OUT,1137,3,0,0,2,0,0
16338,97.84,DEBIT,2325,2,0,0,15,0,0
16339,119.0,PAYMENT,1575,3,0,0,11,1,0
16340,59.9,TRANSFER,2254,3,0,0,8,0,0
16341,127.97,PAYMENT,2202,6,0,0,13,0,0
16342,597.04,TRANSFER,195,4,0,0,12,0,0
16343,94.97,PAYMENT,2054,2,0,0,10,0,0
16344,389.78,CASH_IN,155,2,0,0,10,2,0
16345,66.27,PAYMENT,911,2,0,0,21,1,0
16346,316.95,TRANSFER,1867,1,0,0,9,0,0
16347,148.66,TRANSFER,99,0,0,0,13,0,1
16348,211.04,CASH_IN,2071,4,1,0,5,0,0
16349,149.48,CASH_OUT,552,3,0,0,20,0,0
16350,281.92,PAYMENT,1453,2,0,0,16,0,0
16351,11.39,PAYMENT,2749,4,1,0,12,0,0
16352,35.88,TRANSFER,1439,3,1,0,16,1,0
16353,225.22,TRANSFER,2052,5,0,0,7,0,0
16354,19.23,PAYMENT,2930,1,0,0,16,0,0
16355,87.31,CASH_OUT,2262,6,0,0,14,1,0
16356,140.56,PAYMENT,1130,3,0,0,1,0,1
16357,64.84,DEBIT,1124,1,0,0,9,0,0
16358,74.32,PAYMENT,1169,4,0,0,8,0,0
16359,194.72,PAYMENT,2400,4,0,0,2,0,0
16360,407.2,PAYMENT,44,1,1,0,19,1,0
16361,56.91,TRANSFER,2929,4,0,0,9,0,0
16362,83.51,PAYMENT,2519,5,1,0,1,0,0
16363,71.43,CASH_OUT,1568,2,0,0,10,0,0
16364,13.18,PAYMENT,1111,3,0,0,5,0,0
16365,171.01,PAYMENT,2476,2,0,0,23,1,0
16366,377.93,CASH_IN,729,2,0,1,22,0,0
16367,410.2,DEBIT,800,2,0,0,8,0,0
16368,62.13,CASH_OUT,1740,4,0,0,18,1,1
16369,42.45,CASH_IN,2654,1,1,0,12,1,0
16370,151.65,PAYMENT,1490,2,0,0,17,0,0
16371,340.11,PAYMENT,945,3,1,0,14,1,1
16372,173.27,PAYMENT,1064,3,0,0,19,0,0
16373,198.21,DEBIT,1846,5,0,0,23,0,0
16374,464.9,TRANSFER,2268,4,0,0,12,1,1
16375,70.87,PAYMENT,1569,3,0,0,16,0,0
16376,119.11,PAYMENT,2928,2,0,0,22,0,0
16377,760.98,PAYMENT,2137,1,0,0,19,0,0
16378,121.9,PAYMENT,185,3,0,0,16,0,0
16379,41.79,TRANSFER,1048,2,0,0,8,0,0
16380,75.99,PAYMENT,2546,2,0,0,1,1,0
16381,58.08,PAYMENT,1729,2,0,0,6,0,0
16382,212.12,PAYMENT,1645,0,0,0,20,0,0
16383,60.59,TRANSFER,344,6,0,0,18,2,0
16384,194.62,CASH_OUT,1738,4,0,0,15,0,0
16385,71.09,TRANSFER,1232,1,0,0,7,0,0
16386,17.75,CASH_OUT,1099,2,0,0,21,0,0
16387,201.67,PAYMENT,797,0,0,1,15,0,0
16388,172.17,PAYMENT,2209,4,0,0,16,1,0
16389,249.08,CASH_IN,2488,3,0,1,18,0,0
16390,75.72,PAYMENT,165,3,1,0,9,0,0
16391,68.06,TRANSFER,646,3,0,0,16,0,0
16392,221.73,DEBIT,843,6,0,1,22,1,0
16393,677.91,TRANSFER,2981,4,1,0,9,0,0
16394,150.08,PAYMENT,2038,4,0,0,10,1,0
16395,226.92,DEBIT,2103,8,0,0,8,0,0
16396,107.6,PAYMENT,2590,3,0,0,17,1,0
16397,31.7,CASH_OUT,2568,2,0,0,9,1,0
16398,390.5,PAYMENT,795,7,0,1,19,0,0
16399,368.12,TRANSFER,2010,4,0,0,0,1,0
16400,302.1,TRANSFER,497,2,0,0,19,0,0
16401,123.72,TRANSFER,2799,3,0,0,14,0,1
16402,269.63,CASH_OUT,1092,3,0,0,5,0,0
16403,362.77,DEBIT,2982,5,0,0,4,0,0
16404,750.06,PAYMENT,56,3,0,1,20,0,0
16405,398.83,CASH_IN,227,1,1,0,22,0,0
16406,158.19,PAYMENT,2993,4,0,0,1,0,0
16407,40.11,PAYMENT,1027,3,0,0,2,0,0
16408,173.41,DEBIT,2819,3,0,0,3,0,1
16409,191.82,TRANSFER,2017,0,0,0,21,0,0
16410,301.58,PAYMENT,1376,1,1,0,0,1,1
16411,574.73,TRANSFER,2099,4,0,0,11,0,0
16412,134.94,PAYMENT,1126,4,0,0,2,0,1
16413,1213.16,TRANSFER,1749,3,0,0,18,0,0
16414,25.55,CASH_OUT,470,3,0,1,20,0,0
16415,225.73,CASH_IN,2003,2,0,0,2,0,0
16416,66.79,PAYMENT,421,1,0,0,7,0,0
16417,22.04,PAYMENT,1700,4,1,0,2,1,1
16418,121.3,PAYMENT,1385,3,0,0,2,0,0
16419,34.56,PAYMENT,30,5,0,0,4,0,0
16420,126.29,DEBIT,2515,2,0,0,14,0,0
16421,153.66,DEBIT,937,2,0,0,14,0,1
16422,454.2,CASH_OUT,2285,0,0,0,5,0,0
16423,32.87,CASH_OUT,43,2,0,0,4,2,0
16424,368.13,CASH_IN,1275,3,0,0,14,0,0
16425,163.71,PAYMENT,2056,3,0,0,10,0,0
16426,415.24,PAYMENT,273,3,1,0,9,0,0
16427,96.38,PAYMENT,1328,4,0,0,0,1,0
16428,39.16,CASH_IN,1642,7,0,0,16,0,0
16429,43.93,TRANSFER,137,2,0,0,15,0,0
16430,40.78,TRANSFER,1383,2,0,0,12,0,0
16431,239.32,PAYMENT,1676,4,0,0,10,0,0
16432,649.97,CASH_OUT,154,6,0,0,8,0,0
16433,84.36,CASH_IN,1146,5,0,0,2,1,0
16434,278.42,PAYMENT,441,0,0,0,5,0,0
16435,32.35,CASH_OUT,266,5,0,0,19,0,0
16436,177.74,PAYMENT,2837,4,0,0,19,0,0
16437,289.62,CASH_OUT,2732,1,0,0,14,0,0
16438,34.88,TRANSFER,238,0,1,0,7,0,0
16439,121.04,PAYMENT,1372,1,0,0,0,0,0
16440,303.66,TRANSFER,39,0,0,0,8,1,0
16441,7.89,PAYMENT,1985,3,0,0,3,0,0
16442,564.22,CASH_IN,2845,3,1,0,3,2,0
16443,211.38,DEBIT,988,3,0,0,2,1,1
16444,303.91,TRANSFER,2843,4,0,0,0,0,0
16445,98.23,PAYMENT,2367,2,0,0,9,0,0
16446,26.5,CASH_OUT,1660,3,0,0,14,1,1
16447,253.17,TRANSFER,1860,4,0,0,5,0,0
16448,136.65,PAYMENT,1981,4,0,0,8,0,0
16449,153.26,PAYMENT,2157,1,0,0,9,1,0
16450,440.37,CASH_IN,2483,2,0,0,1,0,0
16451,318.0,CASH_OUT,2496,2,0,0,11,0,0
16452,1013.57,CASH_IN,2100,2,0,1,6,0,0
16453,173.1,TRANSFER,2786,5,0,0,15,0,0
16454,74.35,CASH_OUT,1443,2,0,0,12,0,0
16455,122.93,TRANSFER,276,6,1,1,11,1,0
16456,224.9,PAYMENT,1655,5,0,0,11,0,0
16457,409.88,CASH_IN,794,1,0,0,2,0,0
16458,34.23,DEBIT,2009,5,0,0,14,0,0
16459,149.69,CASH_IN,2563,4,0,1,2,0,0
16460,742.14,CASH_OUT,1072,6,0,0,15,1,0
16461,116.72,CASH_OUT,816,1,0,0,1,0,0
16462,376.54,CASH_OUT,1163,1,0,0,9,0,0
16463,243.01,CASH_IN,2956,4,0,0,1,0,0
16464,386.01,TRANSFER,1660,2,0,0,13,1,0
16465,66.04,PAYMENT,1026,3,1,0,9,0,0
16466,66.33,CASH_OUT,2676,3,1,1,15,0,0
16467,151.45,DEBIT,2473,2,0,0,10,0,0
16468,32.07,PAYMENT,1066,3,0,0,5,0,0
16469,113.32,CASH_OUT,371,1,0,0,21,0,0
16470,191.12,PAYMENT,736,3,0,0,13,0,0
16471,884.16,DEBIT,2665,2,0,1,6,0,0
16472,222.01,CASH_OUT,1794,3,0,0,0,2,0
16473,277.34,TRANSFER,1212,2,0,0,15,0,0
16474,475.55,CASH_OUT,1386,2,0,0,11,1,0
16475,56.56,CASH_IN,1076,2,1,0,21,0,0
16476,125.83,CASH_IN,1050,1,0,0,11,0,0
16477,1678.09,DEBIT,1770,1,0,1,2,0,1
16478,137.12,PAYMENT,1891,3,0,0,10,2,1
16479,453.24,PAYMENT,2903,8,1,0,5,1,0
16480,389.06,CASH_IN,2272,5,0,0,17,0,1
16481,33.85,DEBIT,740,4,0,0,10,0,0
16482,202.45,PAYMENT,1191,4,0,0,9,0,0
16483,171.87,PAYMENT,2587,3,0,0,22,0,0
16484,206.43,PAYMENT,1276,6,1,0,18,0,0
16485,69.82,PAYMENT,865,6,0,0,6,0,0
16486,48.57,CASH_OUT,1481,2,0,0,6,0,0
16487,92.2,PAYMENT,1903,5,0,1,18,0,0
16488,134.59,PAYMENT,1508,2,1,0,0,0,0
16489,485.41,CASH_IN,1023,2,0,0,15,1,0
16490,913.53,PAYMENT,756,3,0,0,16,0,0
16491,599.8,CASH_OUT,1061,2,0,0,20,1,0
16492,350.79,PAYMENT,1935,1,1,0,3,1,1
16493,54.36,CASH_OUT,2293,2,0,0,2,0,0
16494,98.6,PAYMENT,313,5,0,0,21,0,0
16495,183.08,PAYMENT,1546,1,0,0,5,0,0
16496,78.85,TRANSFER,468,3,1,0,16,0,0
16497,264.33,CASH_IN,1820,3,1,1,8,0,0
16498,305.05,TRANSFER,2400,2,0,0,1,0,0
16499,253.73,PAYMENT,1770,2,1,0,13,1,1
16500,413.7,CASH_IN,1988,1,0,0,20,0,0
16501,60.06,PAYMENT,786,0,0,0,18,1,0
16502,377.22,DEBIT,2792,6,0,0,17,0,0
16503,74.02,PAYMENT,2490,4,1,0,4,0,0
16504,57.92,TRANSFER,2294,3,0,0,2,0,0
16505,252.68,PAYMENT,706,2,0,0,8,0,0
16506,500.63,TRANSFER,2959,4,0,1,23,0,0
16507,241.78,TRANSFER,1672,2,0,0,22,0,0
16508,151.53,TRANSFER,1813,4,0,0,17,0,0
16509,202.38,PAYMENT,1897,5,0,0,5,1,1
16510,170.11,CASH_IN,1904,5,0,0,5,1,0
16511,48.14,CASH_IN,882,6,0,0,9,0,0
16512,42.84,CASH_OUT,1273,3,1,0,10,0,0
16513,137.16,TRANSFER,1774,0,0,0,19,0,0
16514,160.75,CASH_OUT,2578,2,0,1,20,0,0
16515,150.1,PAYMENT,2070,5,0,0,3,0,0
16516,291.81,DEBIT,1055,0,0,0,21,0,0
16517,119.64,PAYMENT,739,3,0,0,0,0,0
16518,260.6,CASH_OUT,2678,3,0,0,0,0,0
16519,128.43,CASH_OUT,99,0,0,0,4,1,1
16520,919.07,CASH_OUT,734,2,0,0,2,0,0
16521,160.89,CASH_IN,75,1,0,0,6,0,0
16522,1541.83,PAYMENT,1684,1,0,0,16,1,0
16523,211.03,CASH_OUT,2815,4,0,0,11,0,1
16524,119.86,TRANSFER,946,6,0,0,7,0,0
16525,60.37,PAYMENT,2569,7,0,0,2,1,0
16526,35.06,TRANSFER,2574,4,0,0,5,0,0
16527,55.07,CASH_IN,1080,3,0,0,12,0,0
16528,61.58,PAYMENT,1244,3,1,0,2,2,1
16529,220.26,TRANSFER,1844,3,0,0,7,0,0
16530,87.69,TRANSFER,897,2,0,0,19,1,1
16531,178.92,CASH_OUT,253,2,0,0,3,0,0
16532,534.85,CASH_IN,1111,1,0,0,23,0,0
16533,135.94,PAYMENT,842,3,0,0,1,0,0
16534,1186.97,TRANSFER,750,3,0,0,11,1,0
16535,45.8,TRANSFER,2731,3,0,0,9,0,1
16536,127.67,PAYMENT,2606,3,0,0,4,1,0
16537,86.55,DEBIT,954,3,0,0,9,0,0
16538,378.61,PAYMENT,525,1,0,0,8,0,0
16539,15.8,PAYMENT,2829,1,0,0,0,1,0
16540,35.05,CASH_OUT,1091,2,0,0,14,1,0
16541,133.31,PAYMENT,2135,4,0,1,11,1,1
16542,700.21,CASH_OUT,1400,4,0,0,21,0,0
16543,186.02,CASH_IN,558,1,0,0,4,0,0
16544,38.42,PAYMENT,661,6,0,0,13,0,0
16545,44.83,PAYMENT,564,3,0,0,0,0,0
16546,790.76,PAYMENT,511,4,0,0,20,0,0
16547,79.75,PAYMENT,2799,4,0,0,9,0,0
16548,57.8,PAYMENT,242,1,0,0,6,1,0
16549,650.26,CASH_IN,2225,2,1,0,14,0,1
16550,407.93,CASH_OUT,1149,1,0,1,16,0,0
16551,530.63,PAYMENT,489,4,1,0,7,0,0
16552,57.4,CASH_IN,2337,1,0,1,9,0,0
16553,32.29,PAYMENT,102,6,0,0,10,0,0
16554,169.55,CASH_OUT,360,2,0,0,16,0,1
16555,207.5,PAYMENT,78,2,0,0,1,0,0
16556,213.71,PAYMENT,823,3,1,0,9,2,0
16557,650.79,CASH_OUT,534,2,0,0,10,0,0
16558,26.21,TRANSFER,2109,6,0,1,2,0,0
16559,350.62,TRANSFER,2617,6,0,0,18,0,0
16560,49.57,TRANSFER,2896,2,0,0,14,1,0
16561,349.23,PAYMENT,709,1,0,0,17,1,0
16562,92.3,CASH_OUT,2114,2,0,0,10,1,0
16563,65.76,CASH_IN,2823,6,0,0,4,0,0
16564,80.65,PAYMENT,1232,3,0,0,20,0,0
16565,34.97,PAYMENT,86,2,0,0,10,0,1
16566,154.54,TRANSFER,365,5,0,0,1,0,0
16567,68.53,CASH_OUT,2573,4,0,0,5,0,0
16568,325.8,TRANSFER,613,5,0,0,23,0,0
16569,281.48,CASH_OUT,2272,4,1,1,8,1,1
16570,802.84,DEBIT,32,2,0,0,8,0,0
16571,214.08,PAYMENT,2279,2,0,0,13,0,0
16572,249.8,TRANSFER,1961,0,0,1,14,0,0
16573,601.91,CASH_OUT,236,3,0,0,14,0,0
16574,79.23,TRANSFER,1164,1,0,0,4,0,0
16575,33.51,PAYMENT,2640,4,0,0,15,0,0
16576,181.29,CASH_OUT,2827,3,1,0,0,0,0
16577,35.78,CASH_OUT,936,5,0,0,16,1,0
16578,1726.65,TRANSFER,1961,6,1,0,2,1,1
16579,636.19,PAYMENT,2031,3,0,0,20,0,0
16580,1292.04,TRANSFER,1334,1,0,0,8,1,0
16581,157.98,CASH_IN,1279,3,1,0,7,0,0
16582,257.39,CASH_IN,1591,2,0,1,0,0,0
16583,93.74,CASH_OUT,2293,2,0,0,0,0,0
16584,358.86,CASH_OUT,2669,1,0,0,1,1,0
16585,44.01,PAYMENT,2299,4,0,0,21,1,0
16586,11.67,TRANSFER,1614,4,0,0,19,0,0
16587,67.31,PAYMENT,1393,2,0,0,22,0,0
16588,34.62,CASH_IN,1625,0,1,0,9,0,0
16589,650.62,PAYMENT,903,9,0,0,18,0,1
16590,912.03,CASH_OUT,783,2,0,0,22,1,0
16591,36.49,CASH_IN,475,2,0,0,10,0,0
16592,540.08,CASH_IN,2456,3,0,1,12,1,0
16593,384.29,CASH_OUT,424,4,0,0,20,0,0
16594,30.88,TRANSFER,1409,4,0,0,8,0,0
16595,100.46,TRANSFER,2029,3,0,0,19,1,0
16596,83.08,PAYMENT,672,1,0,0,0,0,0
16597,313.56,PAYMENT,2518,4,0,1,22,0,0
16598,43.43,PAYMENT,243,3,0,0,18,0,0
16599,134.44,PAYMENT,157,2,0,0,21,0,0
16600,74.74,DEBIT,541,4,0,1,18,0,0
16601,238.25,PAYMENT,1672,0,0,0,0,0,0
16602,119.49,CASH_OUT,1506,2,1,0,7,2,0
16603,86.9,PAYMENT,735,5,0,1,21,1,0
16604,119.91,DEBIT,2985,6,0,0,0,3,0
16605,1136.88,PAYMENT,1098,6,1,0,2,0,0
16606,97.82,TRANSFER,2134,4,0,0,0,0,0
16607,52.4,TRANSFER,415,4,0,0,18,1,0
16608,265.98,CASH_IN,1236,5,0,0,3,0,0
16609,128.57,PAYMENT,1840,1,0,0,0,0,0
16610,36.04,CASH_IN,1370,3,0,0,20,0,0
16611,1382.29,CASH_OUT,1461,2,0,0,4,0,1
16612,104.33,PAYMENT,2594,3,0,0,19,0,1
16613,101.71,PAYMENT,1984,1,1,1,18,0,1
16614,174.14,CASH_OUT,1084,3,0,0,15,2,0
16615,837.25,PAYMENT,1544,2,0,1,23,0,0
16616,27.67,CASH_IN,969,3,0,0,1,0,0
16617,195.58,PAYMENT,2545,0,0,0,10,0,0
16618,1196.64,CASH_OUT,2951,3,0,0,8,0,0
16619,168.8,CASH_OUT,1902,4,0,1,21,0,0
16620,43.15,CASH_OUT,2473,3,0,0,19,0,0
16621,79.97,PAYMENT,448,4,0,0,1,0,1
16622,182.52,CASH_IN,1426,1,0,0,9,0,0
16623,561.61,CASH_OUT,2714,3,0,1,13,0,0
16624,105.71,TRANSFER,2949,2,1,0,11,1,0
16625,339.22,CASH_OUT,2614,3,0,0,8,1,0
16626,35.33,TRANSFER,1206,5,0,0,19,1,0
16627,35.03,DEBIT,2826,4,0,0,16,0,0
16628,91.58,CASH_IN,2803,3,0,0,3,0,0
16629,625.17,PAYMENT,1706,2,0,0,11,0,0
16630,159.0,PAYMENT,1351,5,0,0,10,0,0
16631,198.31,DEBIT,298,1,0,0,20,0,0
16632,195.99,PAYMENT,2408,1,0,0,21,0,0
16633,449.98,DEBIT,1225,1,1,0,17,0,0
16634,80.62,CASH_OUT,1515,2,0,0,18,1,0
16635,295.39,PAYMENT,320,1,0,0,7,1,0
16636,64.66,PAYMENT,844,1,0,0,22,0,0
16637,1078.44,TRANSFER,264,0,0,0,2,0,1
16638,66.66,CASH_IN,1472,4,0,0,14,0,0
16639,61.41,PAYMENT,335,3,0,0,15,0,0
16640,257.15,PAYMENT,1541,2,1,0,15,1,1
16641,160.74,DEBIT,116,1,0,0,8,0,1
16642,205.79,PAYMENT,2885,4,0,0,21,2,1
16643,186.29,TRANSFER,1386,2,1,0,16,0,1
16644,49.88,TRANSFER,739,2,0,0,19,1,1
16645,744.98,PAYMENT,762,3,0,0,13,0,0
16646,362.69,PAYMENT,1351,0,1,1,10,1,1
16647,577.64,PAYMENT,2903,2,0,0,13,0,0
16648,87.5,PAYMENT,1854,3,0,1,14,0,0
16649,225.1,TRANSFER,1989,1,1,0,3,0,0
16650,180.8,CASH_OUT,446,0,0,0,17,0,0
16651,458.52,CASH_OUT,1307,4,1,0,11,0,0
16652,473.55,TRANSFER,981,4,0,0,0,1,0
16653,180.02,PAYMENT,1816,6,0,0,5,0,0
16654,32.53,PAYMENT,2445,2,0,0,1,0,0
16655,879.77,PAYMENT,2210,7,1,0,23,0,0
16656,258.78,TRANSFER,2139,6,0,0,18,0,0
16657,80.77,DEBIT,1669,2,0,1,15,1,0
16658,222.86,PAYMENT,481,8,0,0,3,0,0
16659,32.75,TRANSFER,1131,5,1,0,0,0,1
16660,426.39,CASH_OUT,2798,1,0,0,5,2,0
16661,34.08,CASH_OUT,2182,4,0,0,12,0,0
16662,119.0,DEBIT,2680,3,0,0,16,0,0
16663,189.51,PAYMENT,2753,5,0,0,5,1,0
16664,419.41,PAYMENT,2471,4,0,0,23,0,0
16665,165.1,PAYMENT,1168,3,0,0,11,0,0
16666,280.05,PAYMENT,1715,2,0,0,22,0,0
16667,144.29,TRANSFER,2822,2,0,0,18,0,0
16668,143.71,CASH_IN,627,6,0,0,5,0,0
16669,161.66,CASH_OUT,1593,3,0,0,10,0,0
16670,122.85,PAYMENT,77,7,0,0,16,1,0
16671,27.48,PAYMENT,217,7,0,0,3,0,0
16672,68.83,DEBIT,1649,3,0,0,5,0,0
16673,189.57,TRANSFER,1628,9,0,0,3,1,1
16674,115.69,DEBIT,2591,2,1,0,20,1,0
16675,127.0,CASH_OUT,820,6,0,0,6,0,0
16676,107.41,DEBIT,2303,0,0,0,0,0,0
16677,62.58,CASH_IN,953,7,0,0,10,0,0
16678,90.64,TRANSFER,1811,6,0,0,10,0,1
16679,109.2,CASH_OUT,1259,5,1,1,20,0,1
16680,149.18,TRANSFER,657,6,0,0,2,0,0
16681,219.95,PAYMENT,2846,3,0,0,3,0,0
16682,123.9,PAYMENT,1030,2,1,0,6,0,0
16683,53.0,PAYMENT,1270,1,0,1,20,0,0
16684,36.67,PAYMENT,485,1,1,0,12,1,1
16685,1993.08,PAYMENT,1011,6,0,0,4,0,1
16686,47.95,TRANSFER,2970,1,0,0,1,0,0
16687,88.36,DEBIT,1796,2,0,0,17,0,0
16688,248.89,TRANSFER,1552,6,0,0,19,0,0
16689,212.91,TRANSFER,2315,9,0,1,8,0,1
16690,249.85,PAYMENT,1360,3,0,0,14,1,0
16691,95.32,PAYMENT,2839,7,0,1,9,0,0
16692,188.4,CASH_OUT,1643,1,0,0,0,0,1
16693,157.8,CASH_IN,2231,3,0,0,23,1,0
16694,108.62,PAYMENT,2819,3,0,0,10,0,0
16695,189.69,TRANSFER,1150,3,0,0,20,1,0
16696,426.39,CASH_OUT,681,1,0,0,10,0,1
16697,145.15,PAYMENT,1146,2,1,0,23,0,1
16698,146.12,PAYMENT,681,2,0,0,9,1,0
16699,431.89,CASH_OUT,1082,2,0,0,12,0,0
16700,388.14,CASH_OUT,902,3,0,0,9,0,0
16701,723.38,PAYMENT,1114,3,0,1,4,0,0
16702,25.63,PAYMENT,2118,1,0,0,18,0,1
16703,366.91,CASH_OUT,2737,3,1,0,20,0,1
16704,270.85,PAYMENT,1867,1,0,1,3,0,1
16705,61.21,CASH_IN,2836,5,1,0,7,0,0
16706,190.87,PAYMENT,1723,6,0,0,21,1,0
16707,424.59,PAYMENT,2372,3,0,0,22,1,0
16708,64.77,PAYMENT,1349,0,0,0,2,0,0
16709,231.03,DEBIT,1232,5,1,0,10,1,1
16710,354.73,CASH_OUT,2335,6,0,0,17,0,0
16711,50.86,CASH_IN,2807,6,0,0,15,0,0
16712,128.73,TRANSFER,1502,4,0,0,0,1,1
16713,200.53,CASH_IN,1049,3,0,0,20,1,0
16714,66.94,CASH_IN,1317,3,1,0,19,0,0
16715,61.61,PAYMENT,2364,0,0,0,7,0,0
16716,129.67,DEBIT,1604,3,0,1,22,0,0
16717,330.84,CASH_IN,1241,5,0,0,21,0,0
16718,282.52,DEBIT,2319,0,0,1,13,0,0
16719,62.71,CASH_IN,1648,6,0,0,10,0,0
16720,284.91,CASH_OUT,2282,5,1,1,5,0,0
16721,64.33,DEBIT,685,2,0,0,7,1,0
16722,29.66,TRANSFER,2356,4,0,0,11,1,0
16723,102.81,CASH_OUT,424,2,0,0,9,0,0
16724,456.22,PAYMENT,501,3,1,0,17,0,0
16725,285.99,CASH_OUT,1430,2,0,0,8,0,0
16726,148.18,CASH_OUT,1747,3,0,0,1,1,0
16727,97.84,CASH_OUT,999,2,0,1,5,0,1
16728,100.51,CASH_IN,1046,1,0,0,16,0,0
16729,165.47,TRANSFER,1378,3,0,0,6,0,0
16730,50.99,TRANSFER,86,3,1,0,14,0,1
16731,104.78,PAYMENT,493,4,0,0,14,0,0
16732,119.63,PAYMENT,991,3,0,0,0,1,0
16733,38.43,CASH_OUT,631,2,0,0,5,1,1
16734,64.17,TRANSFER,545,2,0,0,16,1,1
16735,223.74,PAYMENT,2810,3,0,1,9,0,0
16736,149.83,PAYMENT,2733,5,0,0,18,1,0
16737,108.99,PAYMENT,51,2,1,0,5,0,0
16738,59.65,CASH_OUT,733,4,0,0,16,0,0
16739,718.27,CASH_OUT,355,2,0,1,12,2,1
16740,64.2,PAYMENT,1785,3,0,1,20,1,1
16741,190.87,CASH_OUT,936,3,0,0,7,1,0
16742,91.12,PAYMENT,2503,2,1,0,23,1,1
16743,153.9,CASH_OUT,1394,3,0,0,23,0,0
16744,234.54,PAYMENT,759,0,0,0,22,0,0
16745,37.7,DEBIT,68,2,0,0,17,1,0
16746,147.43,PAYMENT,972,5,0,0,23,0,1
16747,488.2,CASH_OUT,59,1,0,0,20,0,0
16748,863.94,TRANSFER,2238,2,0,0,8,0,0
16749,130.32,PAYMENT,645,1,0,0,10,0,0
16750,154.73,PAYMENT,1723,3,0,0,17,0,0
16751,1354.7,PAYMENT,1986,4,0,1,14,1,0
16752,461.7,CASH_IN,2386,1,0,0,6,0,0
16753,80.06,PAYMENT,1975,2,0,0,22,0,0
16754,79.92,CASH_OUT,2211,2,0,0,15,2,0
16755,386.27,CASH_OUT,2643,3,0,0,16,0,0
16756,54.0,PAYMENT,1953,3,1,0,10,0,0
16757,440.42,PAYMENT,1388,1,1,0,1,0,0
16758,207.33,DEBIT,65,4,1,0,14,1,1
16759,249.07,PAYMENT,860,4,0,0,20,0,0
16760,114.81,PAYMENT,1696,4,0,0,2,0,0
16761,79.06,CASH_OUT,109,4,0,0,8,1,1
16762,640.34,PAYMENT,813,6,0,0,10,0,0
16763,115.96,TRANSFER,466,1,0,0,17,0,0
16764,98.4,PAYMENT,1173,3,0,1,5,2,1
16765,136.98,DEBIT,1187,1,0,0,9,0,0
16766,180.01,TRANSFER,434,2,0,0,13,0,0
16767,52.94,DEBIT,1770,2,0,1,5,0,0
16768,84.36,PAYMENT,294,4,0,0,22,0,0
16769,80.0,PAYMENT,262,4,0,0,10,0,0
16770,345.6,DEBIT,476,3,0,0,20,0,0
16771,61.19,PAYMENT,2504,2,0,0,16,0,0
16772,25.64,TRANSFER,997,7,0,0,16,0,0
16773,20.76,PAYMENT,1081,1,0,1,22,1,0
16774,34.11,DEBIT,1354,3,1,1,18,0,0
16775,579.14,PAYMENT,1623,4,0,0,21,0,0
16776,150.84,CASH_OUT,1008,3,0,0,12,1,0
16777,245.0,TRANSFER,58,2,1,0,21,1,1
16778,253.79,PAYMENT,1916,2,0,0,18,0,0
16779,156.99,PAYMENT,2454,4,0,0,5,0,0
16780,137.72,DEBIT,2003,2,0,0,12,2,0
16781,421.8,CASH_OUT,62,6,0,0,23,0,0
16782,171.74,CASH_OUT,989,2,0,0,23,0,1
16783,601.3,TRANSFER,649,1,0,0,14,0,0
16784,276.12,PAYMENT,2977,3,1,0,0,0,0
16785,80.01,CASH_OUT,1325,1,0,0,2,1,0
16786,90.28,CASH_OUT,2578,2,0,0,2,0,0
16787,71.7,CASH_OUT,928,5,0,0,12,0,1
16788,501.47,PAYMENT,2934,1,0,0,3,1,0
16789,98.98,DEBIT,732,3,0,0,14,0,0
16790,66.79,PAYMENT,1971,4,0,0,6,0,0
16791,204.34,PAYMENT,2685,1,0,1,9,0,0
16792,134.67,DEBIT,2646,9,1,0,6,1,0
16793,199.25,CASH_OUT,759,3,0,0,11,0,0
16794,982.22,PAYMENT,2361,3,0,0,4,0,0
16795,369.84,CASH_OUT,2757,4,0,1,17,0,1
16796,152.48,TRANSFER,948,4,0,0,17,0,0
16797,36.29,PAYMENT,2213,4,0,0,19,1,1
16798,90.02,CASH_OUT,682,3,0,0,3,1,1
16799,302.19,PAYMENT,918,2,0,0,11,0,0
16800,46.01,PAYMENT,1612,6,0,0,12,1,1
16801,1262.65,PAYMENT,2374,2,1,0,8,0,0
16802,150.57,TRANSFER,2784,1,1,0,8,0,0
16803,155.84,PAYMENT,359,0,0,0,22,0,0
16804,76.2,CASH_IN,2525,2,0,0,5,0,0
16805,243.89,TRANSFER,44,4,0,1,2,1,1
16806,46.62,PAYMENT,2293,4,0,0,4,0,0
16807,1293.22,CASH_OUT,1754,4,1,0,19,0,0
16808,554.1,CASH_IN,1306,2,0,0,4,1,0
16809,397.14,CASH_OUT,359,5,0,0,16,0,1
16810,36.95,PAYMENT,2641,3,0,0,20,1,0
16811,182.26,PAYMENT,2034,2,0,0,14,0,0
16812,497.25,CASH_IN,1483,4,0,0,22,0,0
16813,268.57,PAYMENT,1112,6,1,0,16,0,0
16814,54.48,PAYMENT,2253,2,1,0,11,0,0
16815,77.47,CASH_OUT,1427,2,0,0,6,0,0
16816,94.45,PAYMENT,324,0,1,0,12,0,0
16817,81.17,DEBIT,1691,2,1,0,20,0,0
16818,684.56,CASH_IN,1607,3,0,0,4,0,0
16819,21.74,CASH_OUT,2384,3,0,0,9,0,0
16820,285.98,CASH_IN,390,2,0,0,9,0,0
16821,40.76,TRANSFER,1819,6,1,0,1,0,1
16822,56.76,CASH_OUT,1990,4,0,0,5,0,0
16823,19.89,CASH_OUT,2647,1,0,0,3,0,0
16824,85.71,PAYMENT,668,1,0,0,15,1,0
16825,672.32,DEBIT,2593,3,0,0,5,0,0
16826,193.41,CASH_IN,2312,4,0,0,2,1,1
16827,44.77,DEBIT,2510,7,0,0,22,0,0
16828,410.41,CASH_OUT,416,1,1,0,12,0,0
16829,508.42,TRANSFER,1085,5,0,0,22,0,0
16830,164.69,PAYMENT,1740,2,0,0,10,0,0
16831,1135.41,PAYMENT,1627,6,0,0,1,0,0
16832,337.5,PAYMENT,2303,2,0,0,11,0,0
16833,293.73,PAYMENT,2221,2,1,0,19,0,0
16834,66.46,TRANSFER,1505,4,0,0,4,0,0
16835,277.94,CASH_OUT,2095,4,0,1,19,0,0
16836,184.34,PAYMENT,2809,4,0,0,12,0,0
16837,249.59,TRANSFER,2823,1,0,0,15,0,0
16838,74.84,PAYMENT,1443,4,0,0,14,0,0
16839,168.7,CASH_OUT,776,6,0,0,12,0,0
16840,65.57,DEBIT,2439,3,0,0,1,0,0
16841,17.34,CASH_OUT,350,3,0,0,17,0,0
16842,402.75,PAYMENT,2669,3,1,1,17,0,0
16843,33.04,TRANSFER,2150,0,0,0,1,0,0
16844,165.2,CASH_OUT,2012,4,0,0,15,0,0
16845,207.06,TRANSFER,878,1,0,0,19,0,0
16846,205.73,DEBIT,2177,4,0,0,9,0,1
16847,111.82,PAYMENT,1535,3,0,0,1,0,0
16848,194.65,PAYMENT,285,3,0,0,21,0,0
16849,237.69,PAYMENT,1368,2,0,0,18,0,0
16850,309.5,CASH_OUT,892,1,0,0,15,0,0
16851,840.03,TRANSFER,2239,2,0,0,10,0,0
16852,187.58,PAYMENT,2370,4,0,1,1,0,0
16853,158.23,PAYMENT,191,0,0,0,1,0,1
16854,59.94,TRANSFER,2946,3,0,0,14,0,0
16855,229.51,DEBIT,1694,3,1,0,9,1,0
16856,289.28,PAYMENT,1362,2,0,0,13,0,0
16857,122.45,PAYMENT,1627,4,0,1,16,0,0
16858,255.86,TRANSFER,2300,3,1,1,6,0,1
16859,110.77,PAYMENT,2384,3,0,0,15,0,0
16860,290.32,TRANSFER,43,3,0,0,16,0,0
16861,369.67,TRANSFER,1663,3,0,0,11,0,0
16862,364.54,CASH_OUT,600,0,0,0,18,0,0
16863,166.98,DEBIT,256,2,0,0,2,0,0
16864,52.46,PAYMENT,1512,6,0,0,14,1,0
16865,80.49,CASH_IN,2222,1,0,0,23,0,0
16866,269.12,DEBIT,1698,1,0,0,6,0,0
16867,1717.82,PAYMENT,2734,3,1,0,13,2,1
16868,105.56,PAYMENT,815,1,0,0,15,1,0
16869,234.12,CASH_IN,852,3,0,0,14,0,0
16870,85.11,CASH_OUT,2560,0,0,0,2,0,0
16871,56.04,PAYMENT,1612,6,0,0,19,0,0
16872,75.47,TRANSFER,462,2,0,0,21,0,0
16873,18.5,TRANSFER,2319,2,0,0,16,0,0
16874,574.46,PAYMENT,2996,2,0,0,3,0,1
16875,15.96,CASH_OUT,2693,1,0,0,0,0,0
16876,114.0,CASH_OUT,306,2,0,0,0,0,1
16877,45.69,CASH_IN,1241,3,0,0,16,2,0
16878,61.29,TRANSFER,2763,3,0,0,0,1,1
16879,587.88,TRANSFER,2177,5,1,0,4,0,0
16880,181.47,CASH_OUT,551,1,0,0,3,0,0
16881,56.52,PAYMENT,1106,1,0,0,11,0,0
16882,82.31,CASH_OUT,676,4,1,0,18,0,0
16883,69.03,CASH_OUT,1339,1,0,0,1,0,1
16884,142.09,CASH_IN,1914,1,0,0,22,0,0
16885,176.42,CASH_OUT,84,10,0,0,17,0,0
16886,987.89,CASH_OUT,2833,2,0,0,18,0,0
16887,21.84,PAYMENT,606,7,0,0,4,0,0
16888,143.34,DEBIT,1074,4,0,0,13,0,0
16889,108.25,PAYMENT,2852,5,0,0,14,0,0
16890,382.43,DEBIT,865,1,0,0,7,3,0
16891,211.63,TRANSFER,2436,3,0,0,21,1,0
16892,267.83,PAYMENT,172,11,0,1,3,0,1
16893,209.58,CASH_IN,639,1,0,0,0,1,0
16894,58.44,CASH_OUT,386,3,0,0,17,0,0
16895,498.33,CASH_OUT,672,0,0,0,7,0,1
16896,329.81,PAYMENT,2529,1,0,0,15,0,0
16897,370.75,CASH_IN,76,2,0,0,16,0,0
16898,525.34,TRANSFER,2830,1,1,0,9,0,0
16899,225.35,TRANSFER,456,5,0,0,17,0,0
16900,652.62,DEBIT,897,3,0,0,12,0,0
16901,216.51,CASH_OUT,1592,1,0,0,6,0,0
16902,119.22,PAYMENT,2977,5,0,0,18,0,0
16903,147.44,TRANSFER,1601,5,0,1,23,1,0
16904,144.92,CASH_OUT,2928,5,1,0,16,0,0
16905,88.29,CASH_IN,2943,4,0,0,22,1,1
16906,758.91,PAYMENT,2925,3,0,0,7,0,0
16907,199.6,CASH_OUT,2769,3,0,0,11,0,0
16908,163.16,CASH_OUT,970,3,0,0,13,0,0
16909,218.83,PAYMENT,2565,3,0,0,15,0,0
16910,2921.51,PAYMENT,1616,5,0,0,7,1,1
16911,47.86,TRANSFER,701,3,0,0,10,2,0
16912,63.75,CASH_OUT,2847,1,0,0,15,0,0
16913,37.32,TRANSFER,558,2,0,0,9,0,1
16914,117.61,CASH_IN,2249,2,0,0,9,1,0
16915,189.71,CASH_OUT,1449,6,1,0,17,0,0
16916,93.19,CASH_OUT,595,3,1,0,2,0,0
16917,86.51,PAYMENT,554,5,0,0,9,0,0
16918,171.13,PAYMENT,993,1,0,0,14,0,0
16919,89.83,CASH_OUT,1380,4,0,1,1,1,0
16920,202.39,CASH_OUT,2835,2,0,0,20,0,1
16921,452.25,TRANSFER,479,2,0,0,23,0,0
16922,292.08,TRANSFER,812,6,0,0,4,0,0
16923,358.17,CASH_OUT,1793,4,1,0,7,0,0
16924,439.62,PAYMENT,2139,2,0,1,18,0,0
16925,196.93,CASH_OUT,1254,2,0,0,9,1,0
16926,126.64,TRANSFER,2741,1,0,0,9,1,0
16927,68.56,CASH_OUT,1123,1,0,0,18,1,1
16928,100.37,TRANSFER,1754,2,0,0,1,1,0
16929,87.91,CASH_OUT,526,1,0,0,11,0,0
16930,308.48,PAYMENT,2916,4,0,0,9,0,0
16931,209.93,PAYMENT,237,4,0,0,7,0,1
16932,297.9,PAYMENT,1518,5,0,0,16,1,1
16933,46.51,CASH_OUT,1531,0,0,0,14,0,0
16934,621.26,TRANSFER,2533,3,0,0,12,0,0
16935,96.84,PAYMENT,1184,3,0,0,11,0,0
16936,49.4,DEBIT,502,5,0,0,6,0,0
16937,95.66,TRANSFER,2746,3,0,0,7,0,0
16938,1778.93,PAYMENT,2131,1,0,0,22,0,0
16939,100.71,CASH_OUT,1809,2,0,0,6,0,0
16940,107.22,CASH_OUT,1443,4,0,0,23,0,1
16941,122.47,TRANSFER,918,2,0,0,8,0,0
16942,127.92,CASH_OUT,2292,3,0,0,3,1,0
16943,67.93,PAYMENT,2063,2,1,1,0,0,1
16944,171.27,PAYMENT,40,2,0,0,16,0,0
16945,435.11,PAYMENT,2531,3,0,0,12,0,0
16946,203.22,PAYMENT,440,0,0,0,13,0,0
16947,48.85,TRANSFER,2808,3,0,0,18,0,0
16948,105.18,TRANSFER,1770,7,0,0,5,1,1
16949,85.5,TRANSFER,2661,1,0,0,18,1,0
16950,156.48,TRANSFER,138,4,1,0,11,0,0
16951,561.41,PAYMENT,56,5,0,0,12,0,0
16952,127.88,PAYMENT,1469,3,0,0,15,0,0
16953,135.89,PAYMENT,2426,2,0,0,4,0,1
16954,878.0,PAYMENT,1035,3,0,0,18,0,0
16955,356.45,CASH_OUT,1342,0,0,0,12,1,0
16956,263.51,CASH_IN,2594,1,0,1,7,2,0
16957,1051.67,CASH_OUT,1041,2,1,0,5,0,1
16958,242.21,CASH_OUT,1706,3,0,0,16,0,0
16959,20.36,PAYMENT,2302,1,0,0,3,0,1
16960,341.27,CASH_OUT,2427,2,0,0,23,0,0
16961,30.2,CASH_OUT,1939,2,0,0,4,0,0
16962,233.23,PAYMENT,1142,4,0,0,2,0,0
16963,26.74,DEBIT,2723,6,0,0,7,0,0
16964,93.05,PAYMENT,1156,1,0,0,9,0,0
16965,103.15,TRANSFER,359,1,0,0,8,0,0
16966,68.71,TRANSFER,1985,2,0,0,16,0,0
16967,104.71,CASH_IN,1178,2,0,0,18,0,0
16968,416.78,DEBIT,2160,1,0,1,11,0,0
16969,72.68,DEBIT,296,3,0,0,9,0,0
16970,255.99,TRANSFER,1414,4,0,0,14,0,0
16971,56.51,CASH_OUT,1110,8,1,0,20,0,0
16972,122.79,PAYMENT,2876,6,0,0,11,0,0
16973,205.17,TRANSFER,2264,1,0,0,16,0,0
16974,54.79,CASH_IN,2556,5,0,0,0,0,0
16975,39.98,TRANSFER,2763,2,0,0,7,0,0
16976,242.71,PAYMENT,1900,2,0,0,7,0,0
16977,456.27,PAYMENT,1540,3,0,0,13,1,0
16978,137.13,TRANSFER,2475,3,0,0,2,0,0
16979,93.94,PAYMENT,892,1,0,0,19,1,1
16980,173.41,PAYMENT,550,2,0,0,11,0,0
16981,156.88,PAYMENT,1574,2,1,0,5,1,0
16982,189.22,PAYMENT,2190,0,1,0,6,0,0
16983,11.84,PAYMENT,151,2,0,0,11,0,0
16984,50.95,CASH_IN,2066,2,0,0,2,0,0
16985,63.74,CASH_OUT,415,2,0,0,7,1,1
16986,172.58,CASH_OUT,813,2,0,0,10,0,0
16987,178.73,CASH_OUT,948,4,0,0,17,2,0
16988,280.39,PAYMENT,2459,3,0,0,22,0,0
16989,192.02,CASH_IN,185,0,0,0,16,0,0
16990,40.42,DEBIT,1628,1,0,0,22,1,0
16991,630.81,PAYMENT,2458,3,0,0,22,0,0
16992,529.49,PAYMENT,1710,4,1,0,0,0,0
16993,42.17,CASH_OUT,1985,3,0,0,13,0,0
16994,207.0,PAYMENT,2466,2,0,0,16,0,0
16995,81.82,DEBIT,1076,1,0,1,8,0,0
16996,170.52,CASH_OUT,816,3,0,0,4,0,0
16997,425.52,PAYMENT,1864,6,0,0,19,0,0
16998,1249.01,TRANSFER,257,5,1,0,16,0,1
16999,314.59,CASH_OUT,1816,2,0,0,14,0,0
17000,199.32,PAYMENT,2665,2,0,0,8,0,0
17001,105.65,CASH_IN,743,6,0,0,19,0,0
17002,178.06,PAYMENT,2708,3,0,0,13,0,0
17003,578.11,DEBIT,2841,1,0,0,17,0,0
17004,141.92,PAYMENT,2711,2,0,0,2,0,0
17005,61.18,CASH_OUT,203,6,0,0,6,1,0
17006,29.38,PAYMENT,1428,3,0,0,4,1,1
17007,247.91,TRANSFER,2464,3,0,0,14,0,0
17008,190.05,CASH_OUT,2757,5,1,0,15,1,1
17009,77.8,PAYMENT,372,4,0,0,7,0,0
17010,414.06,TRANSFER,1177,6,0,0,2,0,0
17011,97.34,PAYMENT,769,4,0,0,15,0,0
17012,129.72,TRANSFER,2410,2,0,1,0,2,1
17013,145.96,TRANSFER,1507,0,0,0,9,0,0
17014,104.49,CASH_OUT,735,3,0,0,8,0,0
17015,187.89,PAYMENT,2530,5,0,1,12,0,0
17016,469.43,PAYMENT,2156,3,1,0,9,0,0
17017,47.35,TRANSFER,2085,3,0,1,8,0,0
17018,241.9,CASH_IN,1919,3,0,0,14,0,0
17019,176.29,CASH_IN,596,3,0,0,2,0,0
17020,173.08,TRANSFER,2626,2,0,0,14,1,1
17021,354.9,CASH_IN,741,2,0,0,13,1,0
17022,155.91,CASH_IN,2347,5,0,0,7,0,0
17023,239.9,PAYMENT,2509,4,0,0,15,0,0
17024,303.65,PAYMENT,630,2,0,1,4,0,0
17025,89.63,PAYMENT,2303,6,0,0,19,0,0
17026,200.17,PAYMENT,1725,3,0,0,16,0,0
17027,115.49,CASH_OUT,1473,3,1,0,12,0,0
17028,129.97,TRANSFER,2060,0,0,0,14,0,0
17029,107.55,TRANSFER,2412,4,0,0,11,0,0
17030,237.72,PAYMENT,151,2,0,0,10,0,0
17031,161.04,CASH_OUT,505,4,0,1,3,0,0
17032,220.2,TRANSFER,815,2,0,0,19,0,0
17033,145.84,TRANSFER,266,1,0,0,17,0,0
17034,29.84,DEBIT,2856,4,1,0,22,1,0
17035,153.14,PAYMENT,1697,1,0,0,10,2,0
17036,158.15,PAYMENT,411,3,0,0,14,0,0
17037,189.16,CASH_OUT,418,2,0,0,17,0,0
17038,81.96,CASH_IN,1500,3,0,0,13,0,0
17039,44.9,PAYMENT,723,2,0,0,7,0,0
17040,277.16,CASH_OUT,490,3,0,0,22,0,0
17041,112.89,DEBIT,139,5,0,0,6,1,0
17042,176.13,TRANSFER,243,3,0,0,19,2,1
17043,112.0,PAYMENT,2540,1,0,1,10,0,0
17044,147.52,CASH_OUT,614,3,1,1,2,1,1
17045,94.7,PAYMENT,544,3,0,0,2,0,0
17046,56.37,PAYMENT,2079,2,0,0,5,0,0
17047,238.35,CASH_IN,239,9,0,0,1,0,0
17048,81.2,TRANSFER,2901,2,0,0,10,0,0
17049,174.85,PAYMENT,87,5,0,0,5,0,0
17050,223.73,PAYMENT,513,2,1,0,10,0,1
17051,82.53,CASH_OUT,1782,3,0,0,21,2,0
17052,44.53,TRANSFER,1166,1,0,0,4,0,0
17053,1679.22,CASH_OUT,514,2,0,0,10,0,0
17054,87.55,CASH_OUT,100,5,0,0,16,1,1
17055,276.83,TRANSFER,1536,2,1,0,14,1,0
17056,1032.22,DEBIT,1667,2,0,1,9,0,0
17057,326.98,DEBIT,1098,2,0,0,19,1,0
17058,109.9,PAYMENT,2733,3,0,0,8,1,0
17059,138.78,PAYMENT,1795,3,0,0,10,1,1
17060,64.55,PAYMENT,2619,3,0,0,22,0,0
17061,358.42,PAYMENT,1858,4,0,1,9,0,1
17062,261.46,PAYMENT,2863,2,0,1,1,1,1
17063,88.73,TRANSFER,1257,2,0,0,22,1,0
17064,52.34,PAYMENT,505,3,0,0,19,0,0
17065,39.6,PAYMENT,601,6,1,0,4,0,1
17066,398.02,PAYMENT,1496,2,0,0,2,1,0
17067,167.4,PAYMENT,2824,2,0,0,19,0,0
17068,184.01,TRANSFER,1300,2,0,0,13,1,0
17069,65.17,PAYMENT,621,2,0,0,0,0,0
17070,34.35,DEBIT,1603,6,0,0,18,0,0
17071,388.62,PAYMENT,678,6,0,0,7,0,0
17072,154.79,DEBIT,495,4,0,0,7,2,1
17073,367.69,PAYMENT,254,1,0,0,18,0,0
17074,100.89,CASH_OUT,2319,7,0,0,14,1,0
17075,117.12,PAYMENT,1776,3,0,0,21,1,0
17076,302.87,CASH_IN,587,3,0,0,7,1,1
17077,308.69,PAYMENT,2761,7,0,1,2,0,0
17078,329.5,DEBIT,1607,3,0,0,3,0,1
17079,110.48,PAYMENT,2569,4,0,0,2,0,0
17080,274.39,PAYMENT,482,3,0,0,21,0,0
17081,449.93,TRANSFER,2612,3,0,0,19,2,0
17082,133.65,CASH_OUT,2576,7,1,0,14,1,1
17083,88.81,DEBIT,1927,5,1,0,0,0,1
17084,568.36,TRANSFER,2879,6,0,0,13,1,0
17085,77.13,CASH_OUT,771,3,1,0,1,0,1
17086,278.52,CASH_OUT,1971,5,0,0,16,1,0
17087,139.99,TRANSFER,738,1,0,0,12,0,0
17088,23.53,CASH_OUT,222,4,0,0,21,1,1
17089,458.79,PAYMENT,183,5,1,0,19,0,0
17090,9.41,TRANSFER,495,4,1,0,8,0,0
17091,20.41,CASH_OUT,596,3,0,0,18,0,0
17092,251.47,TRANSFER,2844,2,1,0,20,0,0
17093,251.41,CASH_IN,1503,3,0,1,9,1,0
17094,78.45,CASH_IN,2156,0,0,0,1,1,0
17095,172.06,CASH_IN,40,4,0,0,22,0,0
17096,11.81,PAYMENT,599,1,0,0,4,1,1
17097,300.96,PAYMENT,1034,1,0,0,15,1,0
17098,190.51,PAYMENT,2316,2,0,0,11,0,0
17099,141.79,DEBIT,839,2,0,1,2,0,0
17100,151.54,PAYMENT,878,5,0,0,23,0,0
17101,243.05,PAYMENT,2274,4,0,0,1,0,0
17102,144.19,PAYMENT,2238,6,0,0,17,0,0
17103,22.78,PAYMENT,528,5,0,0,20,1,0
17104,1334.53,PAYMENT,2249,1,0,0,5,1,1
17105,493.14,PAYMENT,2934,2,0,0,4,0,0
17106,41.06,PAYMENT,1188,5,0,0,12,1,0
17107,105.09,DEBIT,2303,0,0,0,14,0,1
17108,117.21,CASH_OUT,1938,4,0,1,2,0,0
17109,436.53,CASH_OUT,1873,3,0,1,18,0,0
17110,17.13,TRANSFER,61,3,0,0,2,0,1
17111,90.11,CASH_IN,324,2,0,0,11,0,0
17112,25.52,DEBIT,1643,3,0,0,2,0,0
17113,111.6,DEBIT,1585,2,0,0,2,0,0
17114,92.53,PAYMENT,1581,3,0,0,9,1,0
17115,160.72,CASH_IN,1211,1,1,0,23,0,0
17116,81.05,PAYMENT,1158,4,0,0,4,0,1
17117,70.03,PAYMENT,755,3,0,0,9,0,0
17118,275.79,PAYMENT,615,2,0,0,23,0,0
17119,233.85,CASH_OUT,2661,5,1,0,17,0,0
17120,257.6,TRANSFER,762,4,0,0,10,0,0
17121,124.35,PAYMENT,363,7,1,0,2,0,1
17122,83.79,CASH_OUT,1768,3,0,0,16,0,1
17123,131.78,TRANSFER,2814,3,0,0,21,0,0
17124,244.98,PAYMENT,391,3,0,0,20,1,0
17125,16.83,TRANSFER,959,0,0,1,14,0,0
17126,220.11,TRANSFER,964,2,0,0,16,0,0
17127,202.18,PAYMENT,1102,1,0,0,13,0,0
17128,157.93,PAYMENT,519,3,1,0,3,0,0
17129,127.83,DEBIT,162,4,0,0,6,1,1
17130,11.4,CASH_IN,902,3,0,0,2,1,0
17131,95.6,PAYMENT,328,4,0,0,7,1,0
17132,888.41,TRANSFER,2636,3,0,0,19,1,0
17133,150.34,PAYMENT,1752,5,0,0,5,0,0
17134,109.15,TRANSFER,1995,1,0,0,15,0,0
17135,150.94,TRANSFER,1877,3,0,0,13,1,1
17136,211.62,PAYMENT,1207,4,0,0,1,0,1
17137,286.81,PAYMENT,223,3,0,0,18,0,0
17138,118.05,PAYMENT,2475,6,0,0,6,0,0
17139,226.99,TRANSFER,2513,2,0,0,7,0,0
17140,793.66,DEBIT,2681,3,0,0,7,0,0
17141,405.96,DEBIT,2465,9,0,0,10,0,0
17142,1541.17,DEBIT,2720,3,0,0,10,1,0
17143,76.96,DEBIT,2412,2,0,0,4,0,0
17144,793.29,PAYMENT,1459,7,0,0,17,2,0
17145,67.31,CASH_OUT,397,4,0,0,19,0,0
17146,211.36,PAYMENT,2639,1,0,0,23,0,0
17147,308.73,CASH_IN,767,5,1,0,13,0,0
17148,89.05,CASH_IN,2586,0,0,0,7,2,0
17149,162.06,TRANSFER,2773,4,0,1,16,0,0
17150,368.88,TRANSFER,1919,5,0,0,22,0,0
17151,72.95,PAYMENT,557,5,1,0,6,0,0
17152,787.91,PAYMENT,2177,0,0,0,14,3,0
17153,37.17,DEBIT,1492,4,0,0,21,1,0
17154,1032.45,CASH_IN,307,2,0,0,5,0,0
17155,403.96,PAYMENT,1431,4,0,0,4,0,0
17156,135.68,PAYMENT,1341,4,0,0,18,0,0
17157,99.22,PAYMENT,457,7,0,0,8,0,0
17158,89.39,DEBIT,1646,5,1,0,18,0,0
17159,129.57,DEBIT,358,1,0,0,0,0,0
17160,141.39,TRANSFER,1053,3,0,0,10,0,0
17161,520.73,CASH_OUT,793,2,1,0,19,2,1
17162,1062.79,CASH_OUT,2769,7,1,0,11,0,1
17163,181.16,PAYMENT,62,2,1,1,12,0,1
17164,63.71,DEBIT,2197,3,0,1,16,0,0
17165,85.99,TRANSFER,415,3,1,1,6,1,1
17166,123.58,PAYMENT,43,2,0,0,18,1,0
17167,52.98,PAYMENT,2690,5,1,0,20,1,0
17168,45.65,CASH_OUT,2814,3,1,0,3,0,1
17169,1208.49,PAYMENT,2398,2,0,0,3,1,1
17170,200.86,CASH_OUT,115,7,1,0,12,1,1
17171,64.51,CASH_IN,2619,3,0,0,4,0,0
17172,335.83,CASH_OUT,1117,2,0,0,15,0,0
17173,45.68,CASH_OUT,1854,2,0,0,6,0,0
17174,49.6,TRANSFER,109,0,0,0,7,0,0
17175,66.48,PAYMENT,423,4,1,0,10,0,0
17176,776.28,TRANSFER,696,4,0,0,12,1,1
17177,115.25,PAYMENT,1951,1,0,0,19,0,0
17178,12.91,DEBIT,1403,1,0,0,18,0,0
17179,497.73,DEBIT,2955,3,0,0,14,1,1
17180,109.25,PAYMENT,2288,4,0,0,0,0,0
17181,23.35,CASH_IN,2480,1,1,1,14,0,1
17182,108.13,CASH_OUT,2344,2,0,1,10,0,0
17183,249.89,DEBIT,1105,4,0,0,5,1,0
17184,222.3,TRANSFER,2715,4,0,0,3,1,1
17185,896.43,CASH_OUT,61,3,0,0,6,1,0
17186,63.26,TRANSFER,1050,5,1,0,4,0,1
17187,155.51,PAYMENT,1389,3,1,0,15,0,0
17188,73.73,PAYMENT,2030,2,0,0,0,0,0
17189,31.75,PAYMENT,1850,4,0,0,14,1,0
17190,359.79,PAYMENT,497,0,0,0,1,2,1
17191,235.87,PAYMENT,321,2,0,0,23,1,0
17192,197.09,CASH_OUT,629,2,0,0,7,0,1
17193,227.42,CASH_OUT,200,2,1,0,4,1,1
17194,74.78,DEBIT,2445,2,0,0,17,0,0
17195,54.29,PAYMENT,2385,2,0,0,3,0,0
17196,154.11,DEBIT,2145,0,0,0,1,1,0
17197,474.0,CASH_OUT,1136,2,0,0,13,0,0
17198,741.06,TRANSFER,205,4,0,0,22,1,1
17199,328.79,CASH_OUT,2960,0,1,0,7,1,1
17200,152.81,CASH_OUT,949,3,0,0,5,0,0
17201,194.37,PAYMENT,2969,3,0,0,8,1,0
17202,150.14,CASH_OUT,1947,2,0,0,0,0,0
17203,53.2,CASH_OUT,141,7,0,0,7,0,1
17204,152.12,DEBIT,1822,3,0,0,4,0,0
17205,39.06,DEBIT,384,1,0,0,0,0,0
17206,131.1,CASH_OUT,1823,0,1,0,1,0,0
17207,762.12,CASH_OUT,220,1,0,0,17,0,0
17208,337.94,DEBIT,2339,3,0,0,0,1,0
17209,58.96,DEBIT,2693,3,0,0,8,0,0
17210,138.04,CASH_IN,1777,1,0,0,0,0,0
17211,64.43,CASH_OUT,1392,1,0,0,14,0,1
17212,139.42,PAYMENT,2765,3,0,0,6,0,0
17213,420.36,CASH_IN,954,4,0,0,5,1,0
17214,285.15,PAYMENT,2197,4,0,0,14,0,0
17215,1779.6,TRANSFER,966,1,0,0,0,0,0
17216,489.06,TRANSFER,2461,3,0,0,9,0,0
17217,182.0,PAYMENT,358,4,1,0,2,0,1
17218,292.12,PAYMENT,2949,5,0,0,0,1,0
17219,121.21,CASH_IN,794,1,0,0,16,0,0
17220,48.06,CASH_OUT,802,4,0,0,10,1,0
17221,547.73,TRANSFER,2162,3,0,0,15,0,1
17222,407.07,CASH_OUT,2094,6,1,0,10,0,0
17223,116.62,DEBIT,1589,1,0,0,0,0,0
17224,195.18,PAYMENT,413,4,0,0,2,0,0
17225,513.34,TRANSFER,1677,1,0,1,23,0,1
17226,345.97,TRANSFER,2159,2,0,0,10,0,0
17227,34.36,DEBIT,1571,4,0,0,22,0,0
17228,189.35,PAYMENT,2873,0,0,0,7,0,0
17229,125.51,DEBIT,2183,0,0,0,12,0,0
17230,451.69,PAYMENT,1713,2,0,0,19,1,0
17231,416.15,PAYMENT,2966,4,1,0,16,0,0
17232,554.8,PAYMENT,176,3,1,0,5,0,0
17233,48.53,TRANSFER,2351,0,0,0,23,1,1
17234,67.75,CASH_OUT,1754,0,0,0,9,0,1
17235,452.18,TRANSFER,2588,0,0,0,3,0,0
17236,82.13,PAYMENT,764,3,0,0,5,0,0
17237,32.41,TRANSFER,67,1,0,0,12,0,0
17238,252.8,CASH_IN,2004,1,0,0,20,0,1
17239,85.87,CASH_IN,600,3,0,0,11,1,1
17240,888.73,CASH_OUT,1777,5,0,0,1,0,0
17241,199.57,DEBIT,689,2,0,0,2,0,0
17242,174.21,TRANSFER,2159,6,1,0,0,0,0
17243,102.59,PAYMENT,1449,1,0,0,18,0,0
17244,728.39,PAYMENT,910,2,1,0,18,0,0
17245,212.42,PAYMENT,878,2,0,0,23,1,0
17246,98.64,TRANSFER,2864,5,0,0,6,1,0
17247,67.08,DEBIT,1302,1,0,0,12,0,0
17248,137.9,CASH_IN,794,5,1,0,15,0,1
17249,55.83,PAYMENT,2360,1,0,0,15,0,0
17250,415.25,TRANSFER,2063,2,0,1,3,0,0
17251,24.33,CASH_OUT,1735,3,0,0,23,0,0
17252,129.09,DEBIT,281,2,0,0,7,0,0
17253,273.18,PAYMENT,1035,2,1,0,16,0,1
17254,208.96,TRANSFER,1425,4,1,0,17,1,1
17255,72.44,DEBIT,1354,2,0,0,11,0,0
17256,287.22,DEBIT,1377,3,0,0,6,2,1
17257,61.19,PAYMENT,737,3,0,0,20,0,0
17258,145.13,PAYMENT,949,3,0,0,18,1,0
17259,284.82,TRANSFER,884,1,0,0,21,0,0
17260,235.78,CASH_IN,2113,2,1,0,0,0,1
17261,75.56,PAYMENT,1283,1,0,0,6,0,0
17262,491.52,DEBIT,1698,7,0,0,22,1,0
17263,161.85,PAYMENT,1218,1,1,0,10,0,0
17264,312.0,CASH_OUT,1592,3,0,1,0,0,0
17265,684.78,CASH_OUT,1660,5,0,0,12,1,0
17266,453.74,PAYMENT,2979,3,0,0,19,1,0
17267,454.92,PAYMENT,1181,2,1,0,18,0,0
17268,179.95,TRANSFER,541,0,1,0,4,0,0
17269,328.3,CASH_IN,2835,3,0,0,15,0,1
17270,183.75,PAYMENT,307,4,0,0,23,0,1
17271,44.29,CASH_OUT,360,4,0,0,1,0,0
17272,200.89,CASH_OUT,2437,2,0,0,10,1,0
17273,191.78,TRANSFER,900,2,0,0,15,0,0
17274,266.06,DEBIT,1493,6,0,0,13,1,0
17275,130.58,CASH_OUT,2179,3,0,0,22,1,0
17276,69.31,CASH_OUT,406,4,0,0,16,0,0
17277,286.15,TRANSFER,1309,5,0,0,10,1,0
17278,39.91,CASH_OUT,2666,2,0,0,7,0,0
17279,638.31,PAYMENT,2851,1,0,0,10,0,0
17280,117.75,CASH_IN,851,2,0,0,0,1,1
17281,189.72,PAYMENT,31,3,0,0,1,0,0
17282,259.45,CASH_OUT,1893,3,0,0,0,0,0
17283,267.92,CASH_OUT,1912,5,0,0,13,0,0
17284,36.27,PAYMENT,157,4,0,0,17,0,0
17285,338.35,PAYMENT,2003,5,0,1,4,0,0
17286,200.97,PAYMENT,1508,1,0,1,15,0,0
17287,78.63,PAYMENT,972,1,0,0,19,0,0
17288,70.13,CASH_IN,2429,4,0,0,7,0,0
17289,106.27,CASH_IN,2119,2,0,0,0,0,0
17290,40.5,PAYMENT,1408,2,0,0,19,1,0
17291,830.7,PAYMENT,288,3,0,0,13,0,0
17292,655.99,CASH_IN,1263,3,0,0,18,0,0
17293,233.15,PAYMENT,66,3,0,0,23,0,1
17294,118.7,DEBIT,2099,5,0,1,18,0,0
17295,121.86,PAYMENT,1214,5,0,0,15,0,0
17296,316.74,CASH_OUT,1795,2,0,0,7,0,0
17297,860.77,TRANSFER,2436,1,0,0,6,0,0
17298,83.9,PAYMENT,1908,1,0,0,4,0,0
17299,48.54,PAYMENT,859,5,0,0,10,0,0
17300,697.6,CASH_OUT,1338,1,0,1,6,0,0
17301,24.85,PAYMENT,1887,2,0,0,17,1,0
17302,54.13,CASH_OUT,1946,5,0,0,19,0,0
17303,115.95,PAYMENT,2383,5,0,0,14,0,0
17304,31.17,TRANSFER,43,0,0,0,13,0,0
17305,451.31,TRANSFER,77,4,0,0,22,0,0
17306,349.64,TRANSFER,1295,7,1,1,15,1,0
17307,83.53,PAYMENT,1939,4,0,0,3,0,0
17308,533.58,TRANSFER,1764,0,1,0,6,1,0
17309,632.25,CASH_OUT,1151,2,0,0,19,0,0
17310,132.53,DEBIT,845,1,0,0,23,0,0
17311,94.57,CASH_OUT,1179,6,0,0,2,0,1
17312,1421.69,PAYMENT,2237,4,0,0,16,0,0
17313,305.26,PAYMENT,1318,0,0,0,6,1,0
17314,191.78,PAYMENT,1300,6,0,0,12,1,1
17315,580.3,PAYMENT,2048,1,0,0,2,0,1
17316,200.72,PAYMENT,2262,0,0,0,5,0,0
17317,89.51,PAYMENT,2544,3,1,0,21,0,0
17318,160.8,PAYMENT,1623,4,0,0,7,0,0
17319,419.33,PAYMENT,1749,2,1,1,16,1,1
17320,20.24,PAYMENT,2860,4,0,0,14,0,0
17321,111.27,PAYMENT,2708,4,1,0,1,0,0
17322,591.73,PAYMENT,764,3,1,1,17,1,0
17323,88.96,CASH_OUT,1936,3,0,0,11,0,1
17324,696.53,PAYMENT,1292,4,0,0,7,0,0
17325,610.78,PAYMENT,587,4,0,0,6,0,0
17326,139.0,PAYMENT,1282,2,0,0,20,1,1
17327,84.05,TRANSFER,2404,0,0,1,1,1,0
17328,111.35,CASH_IN,95,3,0,0,0,0,0
17329,2131.57,PAYMENT,2390,2,0,0,21,0,0
17330,967.22,TRANSFER,319,5,0,0,1,1,0
17331,168.24,CASH_OUT,2304,2,0,1,9,0,1
17332,80.79,TRANSFER,204,2,0,0,7,0,0
17333,166.84,CASH_IN,1118,3,0,0,0,0,0
17334,189.39,CASH_IN,876,1,0,0,19,0,0
17335,42.8,PAYMENT,2839,2,0,0,4,0,0
17336,160.78,PAYMENT,2347,2,0,0,22,0,0
17337,556.91,CASH_OUT,2259,3,0,0,1,0,1
17338,24.55,DEBIT,2983,0,0,0,3,0,0
17339,339.2,CASH_IN,864,1,0,0,4,0,0
17340,586.87,PAYMENT,2417,1,0,0,11,0,0
17341,84.73,PAYMENT,2973,1,0,0,12,1,0
17342,807.69,CASH_OUT,916,3,0,0,22,0,0
17343,74.42,TRANSFER,1949,1,0,0,13,0,0
17344,230.69,TRANSFER,888,5,1,0,4,0,0
17345,109.21,CASH_OUT,2830,3,0,1,4,0,1
17346,109.18,PAYMENT,1169,2,0,0,9,0,1
17347,80.05,CASH_IN,1804,4,0,0,4,0,0
17348,298.44,CASH_IN,1064,4,0,0,22,1,0
17349,346.82,TRANSFER,2976,3,1,0,20,0,0
17350,139.15,CASH_OUT,196,3,1,0,10,0,0
17351,38.09,CASH_OUT,2039,2,1,0,13,0,1
17352,222.11,PAYMENT,2640,5,0,0,3,0,1
17353,226.33,PAYMENT,1853,5,0,0,9,0,0
17354,119.5,PAYMENT,2001,8,0,1,11,0,0
17355,960.29,DEBIT,357,1,0,0,20,0,0
17356,31.06,PAYMENT,1100,2,0,0,22,1,0
17357,16.16,PAYMENT,1431,4,0,0,22,0,0
17358,71.46,TRANSFER,1888,2,0,0,8,0,0
17359,302.0,PAYMENT,850,3,0,0,8,0,0
17360,51.63,PAYMENT,428,3,0,0,5,1,0
17361,55.65,TRANSFER,466,2,0,0,6,2,0
17362,384.15,TRANSFER,2887,0,0,0,9,0,0
17363,235.7,TRANSFER,826,4,0,0,6,0,0
17364,216.39,CASH_OUT,1100,2,0,0,3,1,0
17365,324.22,CASH_OUT,2808,4,1,0,23,1,1
17366,97.01,TRANSFER,2875,2,0,0,23,0,0
17367,101.6,CASH_OUT,2712,3,0,0,0,0,0
17368,333.55,PAYMENT,555,1,0,0,23,1,0
17369,38.67,TRANSFER,518,6,0,1,9,0,0
17370,17.41,PAYMENT,1818,2,0,0,8,1,0
17371,96.23,PAYMENT,2582,5,0,0,6,0,0
17372,376.48,PAYMENT,779,4,0,1,23,0,0
17373,191.63,PAYMENT,1420,3,0,0,23,0,0
17374,349.78,TRANSFER,1368,3,1,0,3,1,1
17375,19.76,TRANSFER,1163,1,0,0,5,0,0
17376,203.47,PAYMENT,2951,1,1,0,11,0,1
17377,285.39,DEBIT,1629,4,0,0,12,1,0
17378,38.44,TRANSFER,585,0,0,0,20,0,0
17379,351.45,CASH_IN,2065,3,0,0,6,0,0
17380,132.75,TRANSFER,2486,1,1,1,21,1,1
17381,3201.38,PAYMENT,268,5,0,0,23,0,1
17382,16.82,DEBIT,346,1,0,0,18,0,0
17383,583.54,CASH_IN,799,1,1,0,9,0,0
17384,100.07,TRANSFER,2156,2,0,0,7,0,0
17385,29.45,PAYMENT,2552,7,1,1,19,0,0
17386,87.62,PAYMENT,359,3,0,0,20,0,0
17387,195.88,CASH_IN,2587,5,0,0,19,0,0
17388,418.83,PAYMENT,806,7,0,0,20,0,0
17389,830.45,CASH_OUT,1754,2,0,0,20,0,0
17390,615.17,CASH_OUT,949,2,0,0,8,1,0
17391,56.52,PAYMENT,2243,2,0,0,9,1,0
17392,459.51,CASH_OUT,1763,2,1,0,6,1,0
17393,219.49,CASH_OUT,2978,1,0,0,11,0,0
17394,77.12,PAYMENT,2314,1,0,0,23,0,0
17395,120.07,TRANSFER,1723,1,0,0,6,0,0
17396,72.98,CASH_IN,2548,3,0,0,14,0,0
17397,154.02,TRANSFER,164,1,0,0,7,1,1
17398,71.55,CASH_OUT,976,2,0,0,13,0,0
17399,53.09,TRANSFER,189,3,0,0,6,0,0
17400,239.64,PAYMENT,2696,6,0,0,4,1,0
17401,278.31,DEBIT,871,3,0,0,7,0,0
17402,123.03,TRANSFER,2832,2,0,0,7,0,0
17403,582.69,PAYMENT,2832,1,1,0,6,0,0
17404,114.38,CASH_OUT,1154,3,0,0,9,0,1
17405,109.64,CASH_OUT,1278,3,0,0,10,0,0
17406,287.29,PAYMENT,584,1,0,0,17,0,0
17407,130.01,CASH_IN,1418,5,0,0,17,1,0
17408,161.55,PAYMENT,1371,6,0,0,9,0,0
17409,11.94,CASH_OUT,444,4,0,0,19,0,0
17410,150.91,TRANSFER,1076,5,0,0,23,0,0
17411,23.87,PAYMENT,869,3,0,0,1,0,0
17412,43.77,CASH_IN,1236,1,0,0,4,0,1
17413,39.04,CASH_OUT,685,4,0,0,1,1,1
17414,52.32,CASH_OUT,1685,6,0,0,12,1,0
17415,85.73,TRANSFER,806,1,0,0,12,1,1
17416,91.24,DEBIT,1825,2,0,0,3,0,0
17417,288.38,PAYMENT,1008,1,0,0,3,1,0
17418,185.38,TRANSFER,580,0,0,0,5,1,0
17419,22.17,DEBIT,329,3,0,0,2,0,0
17420,161.3,PAYMENT,1350,3,0,1,23,1,0
17421,204.03,PAYMENT,1322,3,0,0,5,0,0
17422,106.85,DEBIT,617,2,0,0,5,0,0
17423,139.65,DEBIT,1333,2,0,0,20,0,0
17424,179.52,CASH_OUT,2125,5,0,0,9,0,0
17425,318.81,TRANSFER,234,4,0,0,21,0,0
17426,30.73,TRANSFER,2688,4,0,0,23,0,0
17427,116.24,PAYMENT,451,3,0,0,15,0,0
17428,670.71,TRANSFER,1003,2,0,0,7,1,0
17429,611.96,TRANSFER,2015,7,0,0,12,2,0
17430,347.56,PAYMENT,2003,2,0,0,16,0,0
17431,253.87,TRANSFER,2397,6,0,1,6,0,0
17432,776.37,TRANSFER,977,4,0,0,1,0,0
17433,1010.14,CASH_OUT,1733,6,0,0,6,0,0
17434,130.44,TRANSFER,2167,4,0,0,10,0,0
17435,56.29,CASH_IN,579,5,0,0,2,0,0
17436,113.26,PAYMENT,1824,2,0,0,22,1,1
17437,3283.6,TRANSFER,1823,3,0,0,0,0,1
17438,30.9,TRANSFER,2035,4,0,0,14,0,0
17439,92.71,PAYMENT,1312,2,0,0,10,1,0
17440,36.14,PAYMENT,1669,4,0,0,15,1,0
17441,168.13,CASH_OUT,1740,0,0,0,14,0,0
17442,44.58,TRANSFER,1671,4,0,0,3,0,0
17443,133.12,DEBIT,2188,3,0,0,4,0,0
17444,21.11,CASH_OUT,1592,1,0,0,22,1,0
17445,275.23,PAYMENT,2012,8,0,0,7,0,0
17446,503.88,TRANSFER,713,2,0,0,12,0,0
17447,101.09,CASH_OUT,52,5,0,0,7,0,0
17448,129.65,CASH_OUT,1699,7,0,0,5,1,0
17449,126.04,CASH_IN,1462,2,0,0,10,0,0
17450,177.84,CASH_OUT,2648,5,0,1,21,0,0
17451,142.86,PAYMENT,2518,3,0,0,11,1,0
17452,319.93,PAYMENT,1821,4,0,0,18,0,0
17453,509.3,CASH_OUT,1965,3,0,0,8,1,0
17454,65.75,PAYMENT,1847,6,0,0,21,0,0
17455,108.93,TRANSFER,1388,2,1,0,2,0,0
17456,365.63,CASH_OUT,716,3,1,0,0,0,0
17457,35.81,TRANSFER,1200,1,1,0,7,0,0
17458,20.68,TRANSFER,491,3,0,0,11,0,0
17459,186.11,CASH_OUT,658,2,0,0,11,1,0
17460,243.8,PAYMENT,781,7,1,0,12,0,0
17461,72.07,CASH_OUT,695,3,1,0,0,1,1
17462,83.21,CASH_OUT,337,2,0,0,7,0,0
17463,69.39,TRANSFER,2498,2,0,0,7,1,1
17464,62.37,PAYMENT,1898,4,0,0,8,1,0
17465,296.93,CASH_OUT,332,4,1,0,11,0,1
17466,45.58,TRANSFER,741,5,1,0,12,0,0
17467,113.8,PAYMENT,555,2,0,0,4,0,0
17468,60.02,DEBIT,76,2,0,0,18,0,0
17469,34.63,CASH_OUT,789,2,0,0,2,0,0
17470,354.31,TRANSFER,635,0,0,0,21,0,0
17471,88.25,TRANSFER,2576,5,1,0,0,0,0
17472,179.19,DEBIT,135,5,0,0,6,0,0
17473,32.85,CASH_OUT,769,7,0,0,17,1,0
17474,70.67,TRANSFER,936,2,0,0,8,0,0
17475,316.11,CASH_OUT,2847,2,0,0,23,0,0
17476,1972.92,PAYMENT,2235,2,1,0,7,0,1
17477,20.57,PAYMENT,2448,1,0,1,21,0,1
17478,121.38,PAYMENT,821,3,0,0,13,0,0
17479,224.14,PAYMENT,2073,6,0,0,12,0,0
17480,80.15,CASH_OUT,2322,2,0,0,21,0,0
17481,347.07,PAYMENT,1588,2,0,0,17,1,0
17482,62.38,CASH_OUT,2194,5,0,0,21,0,0
17483,173.1,TRANSFER,99,4,0,0,9,0,1
17484,88.05,PAYMENT,2955,3,0,0,23,1,1
17485,502.42,PAYMENT,1128,2,0,0,7,1,0
17486,75.46,TRANSFER,164,4,0,0,8,0,0
17487,104.39,PAYMENT,766,1,0,0,23,0,0
17488,382.1,TRANSFER,2967,3,0,0,5,0,0
17489,53.09,CASH_OUT,167,2,1,0,3,0,1
17490,158.98,CASH_OUT,1906,3,0,0,19,0,0
17491,23.99,CASH_OUT,2790,2,1,0,3,1,0
17492,50.0,CASH_OUT,1467,2,0,0,2,1,0
17493,217.49,CASH_IN,1485,4,0,0,6,0,0
17494,55.11,PAYMENT,2317,1,0,1,4,0,0
17495,86.09,DEBIT,2614,4,0,0,15,0,0
17496,243.01,TRANSFER,246,5,0,0,8,0,0
17497,83.16,CASH_OUT,2958,4,0,0,11,0,0
17498,337.93,CASH_OUT,2584,1,0,0,22,0,0
17499,184.13,TRANSFER,2495,0,1,0,12,0,0
17500,229.45,DEBIT,416,2,0,1,23,0,0
17501,513.35,PAYMENT,1187,2,0,0,1,0,0
17502,204.35,TRANSFER,1368,3,0,0,19,0,0
17503,691.49,PAYMENT,952,2,0,0,1,0,1
17504,369.17,PAYMENT,624,5,0,0,4,0,1
17505,87.93,CASH_OUT,2917,2,0,0,11,2,0
17506,540.85,PAYMENT,65,3,0,0,9,1,0
17507,193.23,CASH_IN,858,2,0,0,21,0,0
17508,100.02,CASH_OUT,1796,2,0,0,23,0,0
17509,196.05,TRANSFER,1665,3,0,0,20,0,0
17510,451.39,PAYMENT,740,4,0,0,1,0,0
17511,233.94,PAYMENT,2069,4,0,0,17,0,0
17512,918.18,DEBIT,2759,4,1,0,18,0,1
17513,439.89,CASH_OUT,1195,5,0,0,4,0,0
17514,250.43,PAYMENT,2325,2,0,0,14,1,0
17515,53.19,PAYMENT,2398,6,1,0,15,0,0
17516,124.0,PAYMENT,1577,3,0,0,11,0,0
17517,159.44,PAYMENT,752,7,0,0,22,0,1
17518,297.86,CASH_OUT,2859,6,0,0,2,0,0
17519,280.71,CASH_OUT,2704,4,0,0,13,0,0
17520,175.83,TRANSFER,1514,4,0,0,14,0,0
17521,167.39,CASH_IN,2062,4,0,1,18,0,0
17522,305.04,PAYMENT,352,5,0,1,0,0,0
17523,62.89,TRANSFER,959,4,0,0,16,0,0
17524,808.77,CASH_OUT,1866,1,1,0,7,0,1
17525,19.16,PAYMENT,1190,5,0,0,2,0,1
17526,636.13,PAYMENT,1447,1,0,0,2,1,1
17527,141.86,TRANSFER,2981,2,0,0,7,0,0
17528,404.47,PAYMENT,1722,5,0,0,15,2,0
17529,213.54,TRANSFER,2138,1,0,1,10,0,0
17530,209.77,CASH_OUT,2003,5,0,0,11,0,0
17531,258.33,PAYMENT,1854,2,0,0,23,0,0
17532,333.3,PAYMENT,2996,3,1,0,10,1,1
17533,106.82,PAYMENT,2405,6,0,0,8,0,0
17534,417.71,TRANSFER,2972,4,0,0,1,0,0
17535,50.18,PAYMENT,2245,4,0,0,8,1,0
17536,147.62,CASH_IN,2435,4,0,1,20,0,0
17537,342.4,CASH_IN,1588,4,0,0,13,0,0
17538,401.42,PAYMENT,2945,4,0,1,17,0,0
17539,235.28,CASH_IN,2013,4,1,0,23,1,0
17540,100.14,TRANSFER,1877,2,0,0,4,0,0
17541,363.84,PAYMENT,712,8,0,0,15,1,0
17542,75.99,CASH_OUT,2161,3,0,0,18,0,0
17543,855.26,CASH_OUT,2325,5,0,0,4,0,0
17544,136.36,PAYMENT,855,5,0,0,4,0,0
17545,31.83,PAYMENT,1549,1,0,0,21,0,0
17546,44.94,PAYMENT,961,1,0,0,8,1,0
17547,155.03,PAYMENT,2558,6,0,0,16,0,1
17548,170.69,PAYMENT,675,1,0,0,17,0,0
17549,1063.86,CASH_OUT,222,2,1,0,22,0,0
17550,52.54,PAYMENT,1753,2,0,0,21,0,0
17551,154.39,PAYMENT,2515,1,0,0,7,1,0
17552,51.45,PAYMENT,529,2,0,1,19,0,0
17553,90.68,CASH_IN,181,5,0,0,2,0,1
17554,799.49,PAYMENT,698,3,0,0,13,0,0
17555,47.64,TRANSFER,1573,1,0,0,23,0,0
17556,266.94,TRANSFER,2346,1,0,0,16,0,0
17557,219.84,CASH_OUT,604,4,0,0,16,0,0
17558,144.87,TRANSFER,1590,6,0,0,15,0,0
17559,249.49,PAYMENT,2068,2,0,0,12,0,0
17560,46.52,PAYMENT,2234,1,0,1,23,0,0
17561,777.69,PAYMENT,2264,2,0,0,8,1,0
17562,1017.24,TRANSFER,346,2,0,0,4,0,0
17563,155.57,PAYMENT,2677,2,0,0,17,0,0
17564,1674.23,PAYMENT,1690,3,0,1,16,0,1
17565,99.58,CASH_OUT,1016,6,0,0,23,0,0
17566,221.5,PAYMENT,1296,1,0,0,18,1,1
17567,621.35,CASH_OUT,1591,0,0,0,17,0,0
17568,93.78,PAYMENT,2161,1,0,0,10,0,0
17569,37.28,DEBIT,225,3,0,1,9,0,0
17570,29.62,DEBIT,1188,2,0,0,5,0,0
17571,1165.41,CASH_OUT,2006,2,0,0,3,1,1
17572,87.44,DEBIT,1883,6,0,0,5,0,0
17573,123.26,PAYMENT,407,1,0,0,15,0,0
17574,48.78,CASH_OUT,2195,6,0,1,14,0,0
17575,383.12,PAYMENT,1967,2,0,0,17,0,0
17576,67.93,CASH_OUT,2103,3,1,0,3,1,1
17577,90.81,PAYMENT,268,5,0,0,19,0,0
17578,200.24,PAYMENT,1143,3,1,0,8,0,0
17579,51.21,DEBIT,411,0,1,0,3,0,0
17580,124.14,PAYMENT,2870,3,0,0,18,0,0
17581,603.18,CASH_OUT,1685,4,0,0,15,1,1
17582,227.75,CASH_OUT,1071,1,0,1,23,0,0
17583,169.11,PAYMENT,693,2,0,0,23,0,0
17584,183.99,TRANSFER,531,3,0,0,11,0,0
17585,100.57,PAYMENT,649,1,0,0,18,1,0
17586,1092.42,DEBIT,1708,3,0,0,19,1,1
17587,65.88,DEBIT,1949,3,1,0,13,1,0
17588,183.26,CASH_OUT,2853,5,1,0,17,0,0
17589,166.51,CASH_IN,246,3,0,0,12,1,0
17590,406.98,PAYMENT,2101,3,0,0,3,0,0
17591,447.28,PAYMENT,1547,4,0,0,12,1,0
17592,143.74,PAYMENT,1815,4,0,1,4,1,0
17593,198.48,TRANSFER,1029,3,0,0,22,0,0
17594,206.14,PAYMENT,2450,2,0,0,3,0,0
17595,15.3,TRANSFER,2691,5,0,0,14,0,0
17596,30.3,CASH_OUT,1522,2,0,0,21,0,0
17597,81.04,PAYMENT,1886,2,0,0,18,0,0
17598,84.64,PAYMENT,1591,3,1,0,18,0,1
17599,44.73,PAYMENT,359,1,0,0,16,0,0
17600,314.06,CASH_OUT,1887,1,0,0,16,0,0
17601,148.73,PAYMENT,965,1,0,0,8,0,0
17602,119.74,PAYMENT,2494,6,0,1,15,0,0
17603,42.26,CASH_OUT,1494,1,0,0,12,0,0
17604,141.95,PAYMENT,452,1,1,0,10,0,0
17605,10.73,TRANSFER,1694,3,0,1,4,0,0
17606,126.1,CASH_OUT,2683,2,0,0,7,0,0
17607,158.09,TRANSFER,1211,3,0,0,16,0,0
17608,189.03,TRANSFER,1720,2,0,0,21,0,0
17609,31.06,PAYMENT,729,1,0,0,0,0,0
17610,185.83,PAYMENT,142,2,0,0,9,0,0
17611,52.38,TRANSFER,571,4,0,0,14,0,0
17612,65.86,PAYMENT,970,4,0,0,16,0,1
17613,304.27,CASH_IN,1810,4,0,0,13,1,1
17614,1112.22,PAYMENT,1586,3,0,0,9,0,0
17615,156.23,TRANSFER,2030,3,0,0,21,0,0
17616,65.56,PAYMENT,47,1,0,0,12,0,0
17617,179.23,CASH_IN,2239,3,0,0,5,0,0
17618,379.57,CASH_OUT,1513,2,0,0,13,1,0
17619,276.16,TRANSFER,188,5,0,0,4,0,0
17620,2305.64,TRANSFER,1063,2,1,0,6,0,1
17621,72.58,PAYMENT,902,3,0,0,0,0,1
17622,190.99,TRANSFER,1815,2,0,0,19,0,0
17623,698.49,PAYMENT,1068,4,1,0,12,0,0
17624,656.0,TRANSFER,594,3,0,0,17,0,0
17625,21.11,PAYMENT,728,4,0,0,19,0,0
17626,147.92,PAYMENT,2523,1,0,0,0,0,0
17627,654.93,PAYMENT,1991,6,0,0,11,1,0
17628,2672.16,PAYMENT,1798,3,0,1,5,1,1
17629,300.0,PAYMENT,919,4,0,0,12,0,0
17630,102.73,CASH_IN,420,3,0,0,3,1,0
17631,54.1,CASH_OUT,2216,4,0,0,1,1,0
17632,1364.77,DEBIT,1466,2,0,0,4,0,0
17633,307.58,PAYMENT,1727,6,0,0,11,0,0
17634,63.56,TRANSFER,2961,3,0,0,8,0,1
17635,121.13,CASH_OUT,2839,2,0,0,12,0,0
17636,202.39,TRANSFER,2202,2,0,0,5,0,0
17637,255.65,TRANSFER,2296,4,0,0,7,0,1
17638,60.36,TRANSFER,310,3,0,0,21,1,0
17639,80.3,TRANSFER,2517,7,1,0,7,0,0
17640,28.42,CASH_OUT,2179,1,0,0,22,0,0
17641,419.79,CASH_OUT,2548,2,1,0,12,0,1
17642,105.47,DEBIT,1429,3,0,0,9,1,0
17643,236.59,DEBIT,1658,3,0,0,0,0,0
17644,615.39,TRANSFER,1244,1,1,0,15,0,1
17645,184.91,PAYMENT,2511,1,0,0,22,0,0
17646,132.56,PAYMENT,2088,3,0,0,1,0,0
17647,180.17,PAYMENT,1753,0,1,0,11,0,0
17648,158.09,PAYMENT,1299,3,1,0,6,1,0
17649,516.03,PAYMENT,2209,3,0,0,1,0,0
17650,202.52,PAYMENT,2561,3,0,0,1,0,0
17651,86.11,CASH_OUT,444,6,1,0,14,0,0
17652,423.2,PAYMENT,2899,3,0,0,3,0,0
17653,508.0,TRANSFER,597,8,0,0,20,0,0
17654,38.93,PAYMENT,2939,1,0,0,21,1,0
17655,687.31,CASH_IN,2432,1,0,0,2,1,0
17656,213.73,CASH_OUT,1609,3,0,0,0,0,0
17657,197.01,PAYMENT,1774,1,1,1,20,1,1
17658,406.11,DEBIT,290,2,0,0,0,0,0
17659,84.19,PAYMENT,1760,2,0,0,4,0,0
17660,385.35,CASH_IN,2669,2,0,0,15,1,0
17661,101.82,TRANSFER,1040,3,0,0,13,0,0
17662,33.96,PAYMENT,609,2,0,0,5,0,0
17663,54.72,PAYMENT,2418,3,0,0,4,1,0
17664,261.65,PAYMENT,999,1,0,0,18,0,0
17665,57.66,CASH_IN,1682,5,0,0,5,0,0
17666,742.54,CASH_OUT,124,7,0,0,7,0,0
17667,487.5,PAYMENT,2093,3,0,0,16,0,0
17668,563.09,TRANSFER,2052,4,1,0,17,1,1
17669,168.14,PAYMENT,1164,2,0,0,11,0,0
17670,192.07,PAYMENT,355,1,0,0,9,0,0
17671,44.98,DEBIT,1275,5,1,0,23,2,0
17672,401.73,TRANSFER,904,1,0,0,23,0,0
17673,216.99,PAYMENT,2748,4,1,0,19,0,0
17674,261.73,DEBIT,123,2,0,0,12,1,1
17675,802.97,PAYMENT,1026,4,0,0,22,0,1
17676,80.97,PAYMENT,365,2,0,0,3,0,0
17677,130.82,PAYMENT,2889,4,0,1,18,0,0
17678,205.75,TRANSFER,1554,3,1,0,1,0,0
17679,58.24,TRANSFER,193,6,0,1,16,0,0
17680,123.03,PAYMENT,2971,5,1,0,18,2,0
17681,242.97,CASH_OUT,1439,4,0,0,5,0,0
17682,107.19,CASH_OUT,2489,5,1,0,6,0,0
17683,549.49,CASH_OUT,397,5,1,1,14,0,1
17684,32.76,CASH_IN,348,1,0,0,0,0,0
17685,456.13,PAYMENT,1308,3,0,0,21,0,0
17686,287.49,PAYMENT,1884,4,1,0,11,0,0
17687,84.03,CASH_OUT,1838,4,1,0,13,1,0
17688,58.89,PAYMENT,2566,4,1,0,1,1,1
17689,18.54,PAYMENT,2627,6,0,0,6,0,0
17690,67.01,PAYMENT,2973,3,0,0,14,0,0
17691,422.92,CASH_OUT,1473,2,0,0,15,2,0
17692,140.32,PAYMENT,1981,3,0,0,14,0,0
17693,474.84,PAYMENT,216,5,0,0,5,0,0
17694,79.85,PAYMENT,2102,3,0,0,11,1,0
17695,301.0,CASH_OUT,2219,6,0,0,8,0,0
17696,72.42,TRANSFER,457,1,1,0,9,0,1
17697,56.51,PAYMENT,1177,2,0,0,22,1,0
17698,133.34,CASH_OUT,54,1,0,0,17,1,0
17699,76.33,CASH_OUT,1856,1,0,1,9,0,0
17700,31.73,TRANSFER,506,3,0,0,3,0,0
17701,123.68,PAYMENT,1516,6,0,0,10,0,0
17702,165.08,TRANSFER,2924,1,0,0,22,0,0
17703,527.61,DEBIT,1484,4,0,0,13,0,0
17704,378.72,PAYMENT,1285,3,0,0,10,1,0
17705,502.67,PAYMENT,1710,4,0,0,20,0,0
17706,305.01,PAYMENT,1076,5,0,0,23,1,0
17707,206.98,CASH_OUT,2059,4,0,0,23,0,0
17708,43.43,CASH_OUT,151,1,0,0,16,0,0
17709,172.41,PAYMENT,1012,1,0,0,5,0,1
17710,269.56,PAYMENT,1283,3,0,0,4,0,0
17711,637.43,DEBIT,46,0,0,0,3,0,0
17712,294.8,CASH_OUT,1338,5,0,0,3,0,0
17713,513.06,DEBIT,31,1,0,0,9,0,1
17714,52.88,CASH_IN,296,2,0,0,13,0,1
17715,107.08,TRANSFER,1581,4,0,0,16,0,0
17716,228.0,PAYMENT,1902,4,0,0,9,1,0
17717,473.88,CASH_OUT,1586,2,0,0,4,2,0
17718,128.35,PAYMENT,280,2,0,0,10,0,0
17719,136.67,TRANSFER,306,5,0,0,22,0,0
17720,295.05,TRANSFER,1059,5,1,0,11,0,1
17721,48.14,DEBIT,1867,5,0,0,16,0,0
17722,740.56,PAYMENT,1290,5,0,0,0,0,1
17723,61.61,PAYMENT,1879,7,0,0,22,1,0
17724,21.79,CASH_OUT,1750,1,0,0,2,0,0
17725,149.91,CASH_IN,2010,4,0,0,1,0,1
17726,811.15,DEBIT,2301,0,1,0,16,1,1
17727,266.79,TRANSFER,970,1,1,0,21,0,0
17728,314.53,PAYMENT,1084,3,0,0,12,0,0
17729,154.68,PAYMENT,502,2,1,1,21,0,1
17730,127.44,DEBIT,543,3,0,0,11,1,0
17731,31.66,TRANSFER,1395,3,0,0,1,0,0
17732,15.5,CASH_OUT,2242,3,0,0,20,0,0
17733,180.6,PAYMENT,329,5,0,0,9,0,0
17734,551.45,PAYMENT,2531,1,0,0,6,0,0
17735,209.38,TRANSFER,2716,2,0,0,19,0,0
17736,276.88,CASH_IN,2558,3,0,0,1,0,0
17737,723.22,DEBIT,2152,1,0,0,2,0,1
17738,206.18,CASH_IN,2386,2,0,0,5,0,0
17739,131.28,TRANSFER,105,4,0,0,17,0,0
17740,65.46,CASH_OUT,2464,2,0,0,18,0,0
17741,1121.26,CASH_IN,2824,3,0,0,12,0,0
17742,251.27,PAYMENT,489,1,0,0,3,1,0
17743,57.77,DEBIT,1594,6,0,0,21,0,0
17744,46.01,TRANSFER,1869,3,0,0,17,0,0
17745,519.6,DEBIT,1893,2,0,0,23,0,0
17746,52.59,CASH_OUT,1628,4,0,0,8,0,1
17747,947.51,PAYMENT,690,3,0,0,8,0,0
17748,9.43,PAYMENT,2390,4,0,0,2,0,0
17749,615.6,PAYMENT,2346,1,1,0,21,0,0
17750,241.51,PAYMENT,2232,4,0,0,7,0,1
17751,167.1,TRANSFER,1249,4,0,0,5,0,1
17752,124.53,CASH_OUT,2557,5,1,0,5,0,0
17753,983.12,TRANSFER,1909,7,0,0,9,0,0
17754,300.98,PAYMENT,1501,0,0,0,19,0,0
17755,60.15,DEBIT,1830,1,0,0,5,0,0
17756,26.6,TRANSFER,1127,4,1,0,22,0,0
17757,177.2,CASH_IN,1128,2,1,0,4,0,1
17758,148.25,PAYMENT,1150,3,0,0,14,0,0
17759,32.46,CASH_IN,1444,6,0,0,15,1,1
17760,140.42,PAYMENT,57,2,0,0,4,0,0
17761,83.6,CASH_OUT,2939,2,1,0,1,0,0
17762,149.8,CASH_OUT,148,3,0,0,20,0,1
17763,306.72,DEBIT,1637,5,0,0,7,0,0
17764,660.24,PAYMENT,179,1,0,0,4,0,0
17765,368.3,PAYMENT,711,4,0,0,3,0,0
17766,72.14,CASH_IN,1725,2,0,0,2,1,0
17767,214.63,PAYMENT,1195,2,0,0,13,0,1
17768,158.08,PAYMENT,791,3,0,0,20,1,0
17769,39.17,TRANSFER,212,3,0,0,14,0,0
17770,221.02,PAYMENT,1124,2,0,1,8,0,1
17771,950.2,PAYMENT,2260,2,1,0,12,0,0
17772,153.3,PAYMENT,202,0,0,1,1,0,0
17773,30.14,PAYMENT,2619,2,0,0,2,2,0
17774,152.97,TRANSFER,1887,3,0,0,5,0,0
17775,44.09,PAYMENT,384,3,0,0,17,1,1
17776,351.99,CASH_OUT,2231,4,0,0,7,0,0
17777,250.85,DEBIT,2678,3,0,0,5,1,0
17778,125.1,PAYMENT,2462,5,0,0,15,0,0
17779,106.57,CASH_IN,762,3,0,0,23,0,0
17780,120.03,DEBIT,949,4,0,1,1,0,0
17781,149.65,CASH_OUT,1364,1,0,0,22,0,0
17782,68.56,DEBIT,1078,3,0,0,2,0,1
17783,37.05,PAYMENT,1151,5,0,0,10,0,0
17784,463.45,CASH_IN,583,2,0,0,4,0,0
17785,100.95,CASH_OUT,1353,2,0,0,23,0,0
17786,175.4,PAYMENT,390,2,0,0,16,1,0
17787,197.41,CASH_OUT,1961,5,0,0,0,0,1
17788,204.8,TRANSFER,2853,1,0,0,9,0,0
17789,45.89,PAYMENT,903,7,0,1,16,1,0
17790,27.78,PAYMENT,1116,5,0,0,15,0,0
17791,82.38,CASH_OUT,747,2,0,0,10,0,0
17792,220.46,CASH_OUT,2737,3,0,0,1,0,0
17793,71.67,TRANSFER,2572,5,0,1,3,0,0
17794,104.07,TRANSFER,453,1,0,0,6,1,0
17795,1245.51,PAYMENT,870,3,0,0,20,0,1
17796,23.44,TRANSFER,284,4,1,0,21,0,0
17797,69.75,CASH_IN,290,2,0,0,22,0,0
17798,988.91,CASH_IN,552,5,0,0,13,0,0
17799,141.94,CASH_OUT,2067,6,0,0,12,1,0
17800,73.26,DEBIT,1953,1,1,1,19,1,0
17801,477.6,CASH_IN,2499,2,0,0,5,0,0
17802,156.84,PAYMENT,1582,4,0,1,0,0,1
17803,104.76,PAYMENT,2657,2,0,0,13,0,0
17804,179.89,PAYMENT,445,4,0,0,23,0,0
17805,76.85,TRANSFER,947,2,0,0,14,0,0
17806,53.65,CASH_OUT,235,1,0,0,18,0,0
17807,132.48,PAYMENT,2546,2,0,0,13,0,0
17808,54.0,CASH_IN,2159,3,0,0,9,0,0
17809,150.01,TRANSFER,1120,5,0,0,6,1,0
17810,211.54,CASH_OUT,786,2,1,0,12,0,0
17811,348.3,PAYMENT,296,1,0,0,12,0,0
17812,458.48,PAYMENT,780,4,0,0,5,0,0
17813,98.92,CASH_OUT,1796,1,0,0,16,0,0
17814,244.55,CASH_IN,1793,2,0,0,23,0,0
17815,242.87,CASH_IN,504,3,0,0,22,0,0
17816,205.99,CASH_OUT,1539,0,1,1,4,1,0
17817,91.89,PAYMENT,182,1,0,0,14,0,0
17818,53.09,PAYMENT,583,3,0,0,11,0,0
17819,245.18,CASH_IN,516,0,0,0,12,0,1
17820,26.93,PAYMENT,2648,3,0,0,7,0,0
17821,113.54,CASH_OUT,2706,0,1,0,1,0,0
17822,11.55,TRANSFER,2838,1,0,1,3,0,0
17823,39.0,TRANSFER,1428,6,0,1,20,0,0
17824,61.74,TRANSFER,1801,6,0,0,2,0,0
17825,444.4,DEBIT,2786,3,0,0,2,0,0
17826,295.33,CASH_IN,1086,3,1,0,10,0,0
17827,85.29,CASH_IN,867,3,0,0,19,0,0
17828,307.78,TRANSFER,2252,2,0,0,9,0,0
17829,360.55,PAYMENT,2642,5,0,0,22,0,0
17830,126.39,DEBIT,2762,8,0,0,16,1,0
17831,37.17,PAYMENT,996,3,0,0,11,0,0
17832,120.55,TRANSFER,1551,4,0,0,1,0,0
17833,134.57,PAYMENT,2800,4,0,0,3,0,0
17834,43.27,TRANSFER,1251,6,0,0,11,0,0
17835,214.23,PAYMENT,1051,4,0,0,8,0,1
17836,196.33,CASH_IN,2870,4,0,0,16,0,0
17837,231.61,DEBIT,1990,2,1,1,5,0,1
17838,196.16,TRANSFER,276,2,0,1,2,0,1
17839,307.92,PAYMENT,461,2,0,0,22,0,0
17840,124.05,CASH_OUT,596,4,0,0,2,0,0
17841,181.6,PAYMENT,510,2,0,0,23,0,0
17842,99.71,DEBIT,287,1,0,0,21,1,0
17843,82.72,PAYMENT,564,4,0,0,16,1,1
17844,565.81,PAYMENT,2185,2,0,0,15,0,0
17845,19.23,CASH_OUT,205,0,0,0,8,1,1
17846,356.65,CASH_OUT,498,2,0,0,14,0,0
17847,79.79,TRANSFER,2604,2,0,0,8,3,1
17848,70.1,PAYMENT,848,6,0,0,14,0,1
17849,192.79,PAYMENT,181,1,0,0,5,0,0
17850,33.46,PAYMENT,1329,8,0,0,6,0,0
17851,65.63,PAYMENT,853,1,0,0,16,0,0
17852,63.49,CASH_IN,2358,2,0,0,3,0,0
17853,118.94,PAYMENT,1651,3,0,0,21,1,0
17854,66.41,TRANSFER,2000,3,0,0,5,0,0
17855,735.92,CASH_OUT,460,2,0,1,9,0,1
17856,895.17,PAYMENT,349,1,1,0,13,1,0
17857,19.65,CASH_IN,2148,4,0,0,17,0,0
17858,255.78,CASH_OUT,1141,3,0,0,12,1,0
17859,350.26,PAYMENT,86,2,0,0,14,0,0
17860,255.44,CASH_IN,2244,4,0,0,5,0,0
17861,76.85,TRANSFER,660,3,0,0,23,0,0
17862,116.27,CASH_OUT,826,1,0,0,13,1,0
17863,70.23,CASH_IN,2999,4,0,0,9,0,0
17864,97.49,CASH_IN,1451,5,0,1,13,0,0
17865,44.26,TRANSFER,2397,3,1,0,3,0,1
17866,132.32,PAYMENT,1868,5,0,0,12,0,0
17867,33.02,PAYMENT,561,4,0,1,16,0,0
17868,121.49,CASH_OUT,36,4,0,0,5,0,0
17869,42.58,DEBIT,1775,2,1,0,15,0,0
17870,182.51,PAYMENT,2535,3,0,1,20,0,0
17871,75.23,PAYMENT,267,5,0,0,8,0,0
17872,198.46,CASH_IN,2528,3,0,0,7,1,0
17873,437.72,PAYMENT,2973,2,0,0,4,0,1
17874,727.38,PAYMENT,1167,2,0,0,18,0,0
17875,11.85,PAYMENT,521,2,0,0,16,0,0
17876,64.44,PAYMENT,478,4,0,0,21,1,0
17877,109.61,DEBIT,1034,0,0,0,19,0,0
17878,235.17,DEBIT,1452,1,0,0,16,0,0
17879,28.49,PAYMENT,668,4,0,0,1,1,1
17880,55.58,DEBIT,2280,4,0,0,7,0,0
17881,169.08,PAYMENT,2659,1,0,0,2,0,0
17882,161.56,CASH_IN,2937,3,0,0,3,0,0
17883,216.51,PAYMENT,149,4,0,0,4,0,0
17884,231.29,CASH_IN,694,0,1,0,22,1,0
17885,208.22,PAYMENT,1588,3,0,0,10,0,0
17886,180.13,PAYMENT,973,3,0,0,2,0,0
17887,156.92,DEBIT,2701,2,0,0,8,1,0
17888,288.52,PAYMENT,2990,1,0,0,7,0,0
17889,15.81,DEBIT,2257,1,1,1,18,0,0
17890,695.29,PAYMENT,660,3,1,0,6,0,1
17891,16.37,PAYMENT,671,1,1,0,7,0,0
17892,50.44,CASH_IN,2777,0,0,0,5,0,0
17893,118.3,TRANSFER,982,4,0,0,3,2,0
17894,290.79,TRANSFER,1565,3,0,0,1,1,0
17895,7.42,PAYMENT,522,2,0,0,18,0,0
17896,144.3,TRANSFER,1646,2,0,0,4,1,1
17897,327.8,PAYMENT,2474,2,0,0,22,0,0
17898,401.22,TRANSFER,819,4,1,0,2,0,0
17899,73.9,CASH_OUT,1691,4,0,0,14,0,0
17900,109.86,CASH_OUT,1721,2,0,0,22,0,0
17901,80.15,DEBIT,1999,1,0,0,5,1,0
17902,100.22,CASH_OUT,1159,4,0,0,20,1,0
17903,52.89,PAYMENT,2411,5,0,0,15,0,0
17904,60.99,PAYMENT,688,3,0,0,19,0,0
17905,229.15,TRANSFER,1427,1,0,0,4,1,0
17906,169.29,PAYMENT,2078,3,0,0,16,1,0
17907,242.64,PAYMENT,2529,1,0,0,1,1,0
17908,183.83,CASH_IN,213,2,0,1,18,0,0
17909,300.17,CASH_IN,2781,0,0,0,6,0,0
17910,357.17,CASH_OUT,610,4,0,0,1,0,0
17911,26.0,TRANSFER,2417,1,0,0,2,0,0
17912,63.16,TRANSFER,947,4,1,0,17,0,0
17913,117.76,CASH_OUT,651,3,0,0,10,0,0
17914,145.09,CASH_IN,1949,5,0,0,22,1,0
17915,75.94,CASH_OUT,1925,1,0,0,7,0,1
17916,369.45,PAYMENT,201,1,0,0,18,0,0
17917,1074.86,CASH_OUT,2455,3,0,0,6,1,1
17918,178.78,CASH_OUT,2254,3,1,0,18,0,0
17919,161.47,PAYMENT,640,3,0,0,14,2,0
17920,347.05,PAYMENT,2113,5,0,1,11,2,1
17921,22.97,CASH_OUT,1506,2,0,0,12,1,1
17922,152.7,TRANSFER,254,1,0,0,6,0,0
17923,395.06,CASH_IN,2070,4,0,1,3,0,0
17924,78.01,PAYMENT,2933,1,0,0,6,1,0
17925,43.53,PAYMENT,1346,2,1,0,19,0,0
17926,123.25,PAYMENT,1104,5,0,0,6,0,0
17927,139.67,TRANSFER,2230,4,0,0,22,0,0
17928,59.82,TRANSFER,1907,5,0,1,18,0,0
17929,1207.32,CASH_IN,2826,3,0,0,20,1,0
17930,91.96,CASH_OUT,1701,3,0,0,4,2,1
17931,46.82,DEBIT,2843,7,0,0,17,0,0
17932,135.15,PAYMENT,2898,3,1,1,2,0,1
17933,367.92,PAYMENT,2182,1,0,0,0,0,0
17934,151.02,PAYMENT,396,5,0,0,13,0,0
17935,241.19,TRANSFER,1336,1,0,0,22,0,0
17936,62.08,PAYMENT,1536,2,0,0,8,0,0
17937,657.0,CASH_OUT,862,1,0,0,13,2,1
17938,260.27,PAYMENT,1137,1,1,0,4,0,1
17939,423.14,PAYMENT,1764,1,0,0,3,0,0
17940,213.83,TRANSFER,1053,8,0,1,3,0,0
17941,338.62,PAYMENT,1098,2,0,0,20,0,0
17942,61.99,CASH_IN,1440,2,0,0,22,0,0
17943,90.79,CASH_IN,1242,1,1,0,7,0,0
17944,570.48,PAYMENT,2567,5,0,0,22,0,0
17945,706.09,CASH_IN,2127,2,0,0,13,0,0
17946,47.13,TRANSFER,845,0,0,0,23,0,0
17947,190.52,TRANSFER,2278,2,0,0,17,0,0
17948,96.45,PAYMENT,204,6,0,0,3,0,1
17949,73.92,CASH_OUT,2219,3,0,0,19,0,0
17950,197.32,PAYMENT,2267,3,0,0,3,1,0
17951,464.5,PAYMENT,1666,3,0,0,20,1,0
17952,233.15,PAYMENT,887,3,0,0,10,0,0
17953,107.82,TRANSFER,2858,3,0,0,0,0,0
17954,248.36,CASH_OUT,2946,3,0,0,3,0,1
17955,103.55,CASH_IN,1598,5,0,1,9,0,0
17956,224.1,CASH_OUT,1681,9,1,0,11,1,1
17957,599.72,DEBIT,1094,7,0,0,11,0,1
17958,18.59,CASH_OUT,2406,5,0,0,22,0,0
17959,329.39,PAYMENT,1426,3,1,0,22,0,0
17960,31.85,TRANSFER,2852,3,0,0,20,0,0
17961,506.91,TRANSFER,2172,5,0,0,7,1,0
17962,78.49,TRANSFER,2771,5,0,0,20,0,0
17963,43.92,TRANSFER,2559,3,0,0,21,0,0
17964,297.46,CASH_OUT,2088,1,0,0,22,0,0
17965,213.61,PAYMENT,1607,3,0,0,0,1,0
17966,54.64,CASH_OUT,1520,2,0,0,13,0,1
17967,42.39,PAYMENT,2850,3,0,0,7,0,0
17968,123.04,PAYMENT,2548,5,1,0,14,0,0
17969,44.52,TRANSFER,460,3,0,0,19,0,1
17970,51.34,TRANSFER,1096,6,1,1,8,1,1
17971,166.6,PAYMENT,2081,2,0,0,13,1,0
17972,56.49,TRANSFER,366,0,0,0,22,1,0
17973,227.36,TRANSFER,404,3,0,0,5,0,0
17974,658.62,PAYMENT,1148,3,1,0,13,1,0
17975,127.93,CASH_OUT,59,1,1,0,6,0,0
17976,169.04,PAYMENT,927,3,0,0,17,1,0
17977,1116.66,CASH_OUT,871,4,0,0,6,0,0
17978,45.26,PAYMENT,2297,1,0,0,12,0,0
17979,488.45,TRANSFER,2205,4,0,0,14,0,0
17980,433.05,CASH_IN,1917,2,0,0,17,2,1
17981,348.74,CASH_IN,254,4,0,0,2,0,0
17982,540.1,CASH_OUT,437,4,0,0,11,0,0
17983,196.48,PAYMENT,2754,2,0,0,0,0,1
17984,82.85,PAYMENT,2235,2,1,1,13,0,0
17985,443.44,CASH_OUT,738,5,0,0,18,0,0
17986,460.74,TRANSFER,2484,2,0,0,14,0,0
17987,448.23,DEBIT,59,2,0,0,3,0,0
17988,155.17,PAYMENT,2273,2,0,0,3,0,0
17989,72.52,TRANSFER,1222,2,0,0,17,0,0
17990,179.71,TRANSFER,2896,3,0,0,2,0,1
17991,380.78,CASH_OUT,2421,2,0,1,20,0,0
17992,413.37,PAYMENT,2656,2,0,0,6,0,0
17993,96.58,DEBIT,1452,2,0,1,8,1,1
17994,203.44,TRANSFER,213,2,1,0,4,0,1
17995,40.09,CASH_IN,2589,1,0,0,18,0,0
17996,397.4,TRANSFER,650,5,0,0,12,1,0
17997,67.81,CASH_OUT,2295,2,0,0,20,0,0
17998,325.47,PAYMENT,2004,1,0,0,5,0,0
17999,47.03,CASH_OUT,350,4,0,0,22,0,0
18000,416.3,TRANSFER,2079,3,0,0,18,0,0
18001,204.76,TRANSFER,2072,2,1,0,1,0,0
18002,67.94,PAYMENT,1662,7,0,0,19,0,0
18003,296.3,CASH_OUT,1223,1,0,0,19,0,0
18004,82.24,PAYMENT,2848,4,0,0,5,0,0
18005,314.05,PAYMENT,1862,4,0,0,1,0,1
18006,112.83,PAYMENT,1358,3,0,0,3,0,0
18007,26.55,PAYMENT,2672,1,0,0,14,0,0
18008,55.57,CASH_OUT,111,3,0,0,5,0,0
18009,96.5,PAYMENT,1346,2,0,1,23,0,0
18010,583.0,PAYMENT,252,3,0,0,7,1,1
18011,365.46,PAYMENT,2852,4,0,0,16,0,0
18012,752.85,TRANSFER,908,2,0,0,8,0,0
18013,775.6,TRANSFER,1091,3,0,0,1,0,0
18014,86.94,PAYMENT,2519,7,0,0,3,0,0
18015,122.92,TRANSFER,2650,5,0,0,21,2,1
18016,98.37,TRANSFER,624,2,0,1,6,0,0
18017,75.83,CASH_IN,964,3,0,0,12,0,0
18018,23.54,PAYMENT,2105,2,0,0,22,0,0
18019,146.24,CASH_IN,214,5,0,0,0,0,0
18020,41.04,PAYMENT,1183,4,1,1,20,1,1
18021,143.43,CASH_OUT,2147,5,1,0,3,0,0
18022,1231.23,TRANSFER,2796,1,0,0,10,0,0
18023,89.18,PAYMENT,697,3,0,0,18,0,0
18024,180.33,CASH_OUT,578,3,0,0,3,0,0
18025,367.47,CASH_OUT,246,4,0,0,10,0,0
18026,196.43,TRANSFER,1941,5,0,0,18,0,0
18027,198.84,TRANSFER,637,5,0,0,22,1,1
18028,103.3,PAYMENT,1302,5,0,0,18,0,0
18029,117.7,DEBIT,724,2,0,0,20,0,0
18030,56.83,CASH_IN,2690,4,0,0,6,1,0
18031,345.86,PAYMENT,2817,5,0,0,0,0,0
18032,26.01,CASH_OUT,2058,2,0,0,16,0,0
18033,391.93,PAYMENT,501,5,0,0,15,1,0
18034,36.46,CASH_OUT,1391,1,0,1,22,0,0
18035,388.62,TRANSFER,414,2,0,0,17,0,0
18036,104.19,TRANSFER,32,3,0,0,6,0,0
18037,43.3,PAYMENT,2660,3,1,0,5,0,0
18038,264.89,DEBIT,126,3,0,0,3,1,1
18039,375.69,CASH_IN,626,5,0,0,6,0,0
18040,95.77,CASH_OUT,2828,4,0,0,16,0,0
18041,305.09,PAYMENT,717,3,0,0,20,1,1
18042,15.1,PAYMENT,672,2,0,0,16,0,0
18043,39.62,TRANSFER,718,3,0,0,5,0,0
18044,540.45,CASH_IN,642,5,0,0,14,1,0
18045,118.67,DEBIT,1493,0,1,0,18,0,0
18046,23.05,PAYMENT,1782,3,1,0,13,0,0
18047,73.78,CASH_OUT,729,1,0,0,8,0,0
18048,58.94,CASH_OUT,382,2,0,0,0,0,0
18049,125.72,PAYMENT,2258,3,0,0,21,0,0
18050,102.44,TRANSFER,1871,2,0,0,19,1,1
18051,177.49,PAYMENT,2046,4,0,0,23,2,0
18052,138.45,CASH_OUT,506,4,0,0,2,1,0
18053,578.1,CASH_IN,1456,4,0,0,8,0,0
18054,226.91,CASH_IN,2743,1,0,0,8,1,0
18055,234.55,CASH_OUT,2068,3,0,0,16,0,0
18056,475.88,PAYMENT,2499,1,0,0,20,0,0
18057,100.61,CASH_OUT,2982,3,0,0,19,0,0
18058,42.02,CASH_IN,1099,0,0,0,8,0,0
18059,496.2,CASH_OUT,891,4,0,0,12,0,0
18060,170.01,TRANSFER,115,6,0,0,13,1,1
18061,170.61,DEBIT,2824,5,0,0,16,0,0
18062,78.78,CASH_IN,2970,2,0,0,13,1,0
18063,80.09,CASH_IN,2671,5,0,0,20,0,0
18064,346.1,DEBIT,207,1,0,0,19,0,0
18065,397.29,PAYMENT,1891,3,0,0,23,0,0
18066,325.0,CASH_IN,1954,2,1,0,23,0,0
18067,327.98,TRANSFER,1279,6,0,0,16,0,0
18068,262.18,PAYMENT,2270,6,0,0,5,0,0
18069,169.27,CASH_OUT,1199,2,0,0,22,0,0
18070,124.54,TRANSFER,2872,2,0,0,14,0,0
18071,497.86,PAYMENT,2564,9,0,0,1,0,1
18072,102.13,DEBIT,2719,6,0,0,2,0,0
18073,214.86,PAYMENT,496,0,0,0,16,0,0
18074,66.42,DEBIT,2040,2,0,0,19,0,0
18075,76.76,PAYMENT,2522,2,0,0,2,0,0
18076,117.2,PAYMENT,915,2,0,0,9,0,0
18077,66.42,TRANSFER,1459,8,0,0,6,0,0
18078,329.59,CASH_OUT,918,0,0,0,20,1,0
18079,38.55,PAYMENT,2168,2,0,0,8,0,0
18080,163.9,DEBIT,92,0,1,0,12,0,0
18081,169.44,CASH_OUT,44,3,0,0,13,0,1
18082,24.27,CASH_OUT,1807,5,0,1,17,0,0
18083,95.49,PAYMENT,1475,5,0,0,4,0,0
18084,191.66,TRANSFER,1926,2,0,0,10,1,1
18085,227.86,DEBIT,1269,2,0,0,3,0,0
18086,120.99,PAYMENT,1827,5,0,0,6,0,0
18087,292.04,PAYMENT,2810,2,0,0,3,0,0
18088,133.04,TRANSFER,2371,1,0,0,15,0,1
18089,150.45,DEBIT,845,4,0,0,22,0,0
18090,190.88,TRANSFER,1580,3,0,0,0,0,0
18091,375.03,TRANSFER,2335,2,0,0,15,0,0
18092,75.51,CASH_OUT,1896,3,0,0,7,1,0
18093,91.21,DEBIT,2790,1,0,0,6,0,0
18094,76.03,PAYMENT,1965,4,1,0,12,0,0
18095,106.46,PAYMENT,2239,6,1,0,15,1,0
18096,617.84,PAYMENT,456,5,0,0,10,0,0
18097,263.15,PAYMENT,53,1,0,0,13,0,0
18098,47.89,PAYMENT,1294,4,0,0,6,0,0
18099,81.41,PAYMENT,1027,3,0,0,13,0,0
18100,215.46,TRANSFER,1155,4,0,0,17,0,0
18101,59.95,PAYMENT,1334,5,0,0,14,0,0
18102,71.86,TRANSFER,2706,0,0,0,6,0,0
18103,569.61,DEBIT,2622,4,1,0,2,0,0
18104,80.37,PAYMENT,328,1,0,0,11,0,0
18105,385.55,PAYMENT,1070,0,0,0,10,0,0
18106,520.78,PAYMENT,577,3,0,0,5,0,0
18107,71.27,TRANSFER,2054,5,0,0,13,1,0
18108,60.95,CASH_OUT,1456,3,0,0,0,0,0
18109,112.6,CASH_IN,2348,3,0,0,22,0,0
18110,49.97,TRANSFER,2147,2,0,0,20,0,0
18111,167.51,CASH_IN,2305,3,0,0,11,0,0
18112,120.83,CASH_OUT,2314,1,0,0,8,0,0
18113,212.85,PAYMENT,226,2,0,0,4,0,0
18114,600.01,PAYMENT,1567,3,0,0,1,0,1
18115,336.13,CASH_OUT,1160,3,0,0,7,0,0
18116,242.07,DEBIT,1292,2,0,0,12,0,0
18117,20.78,PAYMENT,398,5,0,0,18,0,0
18118,231.22,PAYMENT,846,3,0,0,7,0,0
18119,831.0,CASH_IN,1521,1,0,0,23,0,0
18120,7.31,PAYMENT,2961,2,0,0,0,0,0
18121,295.71,CASH_OUT,749,2,0,0,1,0,0
18122,126.55,PAYMENT,2792,3,0,0,16,0,0
18123,63.45,PAYMENT,668,2,0,0,10,0,0
18124,330.67,TRANSFER,825,1,0,0,5,1,0
18125,820.33,CASH_OUT,2419,2,0,1,2,0,1
18126,322.22,PAYMENT,2232,2,0,0,15,0,0
18127,102.39,CASH_OUT,2533,7,0,0,9,0,0
18128,57.77,PAYMENT,1716,1,0,0,4,0,0
18129,171.51,TRANSFER,2109,6,0,0,13,1,0
18130,355.37,PAYMENT,1033,1,0,0,16,1,0
18131,100.78,CASH_OUT,1068,1,0,0,21,0,0
18132,111.01,CASH_IN,1912,3,1,1,14,0,0
18133,2494.89,PAYMENT,2205,2,0,0,21,0,0
18134,436.44,PAYMENT,1432,2,0,0,17,0,0
18135,468.78,CASH_IN,2017,5,0,0,12,0,0
18136,34.46,TRANSFER,2501,3,0,0,13,1,0
18137,73.17,TRANSFER,125,3,1,0,18,0,0
18138,159.92,PAYMENT,844,1,0,0,6,1,0
18139,54.54,DEBIT,2690,6,0,0,6,0,0
18140,735.39,DEBIT,1171,3,0,0,8,0,0
18141,608.08,PAYMENT,2599,4,0,0,5,0,0
18142,87.05,TRANSFER,2005,5,0,0,19,0,0
18143,883.52,CASH_IN,253,0,0,0,23,0,1
18144,147.78,TRANSFER,1277,1,0,0,13,0,0
18145,1977.11,TRANSFER,2325,5,0,0,7,0,1
18146,171.52,PAYMENT,1004,2,0,0,0,0,0
18147,264.06,PAYMENT,1891,3,1,0,15,0,0
18148,601.79,CASH_OUT,678,4,0,0,14,1,0
18149,532.53,TRANSFER,771,6,0,0,13,0,0
18150,247.33,TRANSFER,2939,1,0,0,15,0,0
18151,128.88,PAYMENT,1606,6,0,0,5,1,0
18152,248.17,CASH_OUT,2629,2,0,0,3,0,1
18153,65.62,CASH_OUT,813,5,0,0,21,4,1
18154,172.8,TRANSFER,1817,1,0,0,15,0,0
18155,48.94,DEBIT,167,5,0,0,3,0,1
18156,25.01,PAYMENT,2086,2,0,1,9,0,0
18157,156.09,CASH_OUT,1861,6,0,0,16,0,0
18158,524.41,TRANSFER,598,2,1,0,23,2,1
18159,374.58,PAYMENT,2379,3,0,0,10,1,0
18160,136.74,PAYMENT,660,3,0,0,19,0,0
18161,851.49,PAYMENT,1828,3,0,0,6,0,0
18162,84.01,CASH_IN,200,0,0,0,10,1,0
18163,21.81,CASH_OUT,913,5,0,0,1,0,0
18164,16.74,CASH_OUT,541,3,0,0,18,0,0
18165,45.55,PAYMENT,1949,4,0,0,5,0,0
18166,335.84,DEBIT,2446,3,0,0,23,1,0
18167,78.66,PAYMENT,404,0,0,0,20,0,0
18168,235.32,CASH_OUT,1925,2,0,0,10,0,0
18169,769.92,CASH_IN,233,3,0,0,5,0,0
18170,49.4,PAYMENT,86,4,0,0,9,0,0
18171,239.49,CASH_OUT,686,5,0,1,5,0,0
18172,254.41,PAYMENT,1078,1,0,0,0,1,1
18173,62.76,PAYMENT,2224,3,0,0,11,0,0
18174,574.91,CASH_OUT,2999,2,0,0,0,0,1
18175,111.31,PAYMENT,101,1,0,0,21,1,0
18176,101.11,TRANSFER,1587,2,0,0,23,0,0
18177,1226.12,PAYMENT,779,6,0,0,17,2,1
18178,250.33,TRANSFER,982,2,0,0,14,0,0
18179,374.39,PAYMENT,2213,1,1,0,12,0,0
18180,575.3,CASH_OUT,1099,2,0,0,12,1,0
18181,77.44,PAYMENT,546,1,0,0,16,0,0
18182,517.92,CASH_IN,1065,2,0,1,14,0,0
18183,89.85,CASH_OUT,56,6,0,0,6,0,0
18184,86.09,TRANSFER,113,3,0,0,2,1,0
18185,113.07,CASH_IN,1960,1,0,0,7,3,0
18186,79.67,PAYMENT,2625,5,0,0,22,2,0
18187,337.7,PAYMENT,1105,4,0,0,5,1,0
18188,193.87,PAYMENT,1695,5,0,0,2,0,1
18189,90.81,PAYMENT,103,6,0,0,19,1,0
18190,291.34,DEBIT,519,1,0,0,20,0,0
18191,112.71,PAYMENT,2089,6,0,0,16,0,0
18192,106.9,CASH_IN,1389,3,0,0,8,0,1
18193,155.82,CASH_OUT,1307,8,0,0,9,0,0
18194,235.91,PAYMENT,2748,4,0,0,22,0,0
18195,219.17,DEBIT,632,3,1,1,6,0,1
18196,103.21,DEBIT,2749,7,0,0,9,0,0
18197,346.23,DEBIT,1031,2,0,0,19,1,1
18198,118.82,TRANSFER,861,1,0,0,23,0,1
18199,77.09,PAYMENT,1157,1,0,0,21,1,0
18200,34.19,PAYMENT,632,4,1,0,11,0,0
18201,396.7,CASH_OUT,2392,8,0,0,21,0,0
18202,150.26,PAYMENT,822,8,0,0,11,0,0
18203,183.25,CASH_OUT,1925,7,1,0,8,0,0
18204,422.34,CASH_OUT,97,1,0,0,6,0,1
18205,92.07,PAYMENT,1554,3,0,0,20,0,0
18206,37.55,TRANSFER,1225,3,0,0,3,0,0
18207,159.14,DEBIT,1736,1,0,0,2,0,0
18208,201.94,PAYMENT,1196,7,1,0,8,0,0
18209,114.11,PAYMENT,1962,5,0,0,8,0,1
18210,647.9,PAYMENT,1790,2,1,0,4,0,0
18211,12.35,PAYMENT,226,3,0,0,5,1,0
18212,454.89,PAYMENT,1763,6,0,0,22,0,0
18213,327.39,PAYMENT,694,1,0,0,11,0,0
18214,234.34,PAYMENT,2599,2,0,1,9,0,0
18215,5.28,TRANSFER,2267,4,0,0,0,0,0
18216,535.87,PAYMENT,41,0,0,0,0,0,0
18217,53.17,PAYMENT,992,3,0,0,2,1,1
18218,89.33,CASH_IN,1082,4,0,0,10,0,0
18219,125.14,TRANSFER,1018,3,0,0,11,0,0
18220,223.05,PAYMENT,2632,4,0,0,0,0,0
18221,281.3,CASH_IN,117,2,0,0,18,0,0
18222,362.43,PAYMENT,885,1,0,0,23,0,0
18223,335.58,PAYMENT,502,2,0,0,15,0,0
18224,191.12,CASH_IN,140,4,0,0,11,1,0
18225,224.96,PAYMENT,1934,1,1,0,23,1,1
18226,49.86,CASH_IN,2498,2,0,0,16,0,0
18227,70.03,CASH_IN,2146,4,0,0,2,0,0
18228,363.38,PAYMENT,2196,5,0,0,17,0,0
18229,342.82,PAYMENT,808,1,0,0,11,1,0
18230,306.07,PAYMENT,276,3,0,0,13,0,0
18231,88.73,PAYMENT,2908,3,0,0,17,0,0
18232,368.89,CASH_IN,2099,4,0,0,1,0,1
18233,46.47,TRANSFER,2065,3,1,1,9,0,0
18234,435.88,PAYMENT,428,1,0,0,20,2,0
18235,114.33,TRANSFER,1551,5,0,0,3,0,0
18236,799.65,PAYMENT,355,4,0,0,7,0,0
18237,32.41,PAYMENT,1245,3,0,0,1,2,0
18238,865.58,PAYMENT,631,4,0,0,15,0,0
18239,103.39,CASH_OUT,675,1,0,0,5,1,0
18240,101.55,PAYMENT,381,1,0,0,9,0,0
18241,180.34,TRANSFER,840,3,0,0,21,0,0
18242,73.92,PAYMENT,433,4,0,0,23,0,0
18243,138.06,TRANSFER,2714,1,0,0,8,0,0
18244,70.98,PAYMENT,1920,0,1,0,6,1,0
18245,73.62,PAYMENT,1480,3,0,0,6,0,0
18246,241.5,TRANSFER,2779,0,0,0,8,0,1
18247,60.25,TRANSFER,2400,1,0,0,8,0,0
18248,68.84,PAYMENT,623,3,0,0,3,0,0
18249,37.61,CASH_OUT,2304,3,0,0,8,0,0
18250,89.66,PAYMENT,2257,3,0,0,3,0,0
18251,550.93,CASH_OUT,1531,4,0,0,0,0,0
18252,63.69,TRANSFER,1468,6,0,0,9,0,0
18253,71.4,CASH_IN,980,3,0,0,2,0,0
18254,180.17,TRANSFER,2913,2,0,0,8,0,0
18255,102.43,PAYMENT,693,0,0,0,18,0,0
18256,1377.68,CASH_IN,2014,1,0,0,12,0,0
18257,126.15,CASH_OUT,183,2,1,0,6,0,0
18258,207.52,DEBIT,762,3,0,0,16,0,0
18259,381.37,PAYMENT,835,1,1,0,14,0,0
18260,374.12,TRANSFER,151,5,0,0,14,0,1
18261,187.41,TRANSFER,211,4,0,0,13,1,0
18262,126.33,CASH_OUT,1479,5,0,0,19,0,1
18263,1123.3,DEBIT,2613,2,0,1,11,0,1
18264,134.32,TRANSFER,1733,2,0,0,3,0,1
18265,95.42,CASH_OUT,367,1,0,0,7,0,0
18266,77.8,PAYMENT,2180,1,0,0,10,1,0
18267,26.4,PAYMENT,260,1,1,0,16,1,0
18268,337.52,PAYMENT,1235,7,1,0,14,0,0
18269,14.18,PAYMENT,2704,2,0,0,14,0,0
18270,147.57,PAYMENT,808,7,0,0,0,1,0
18271,120.92,PAYMENT,2952,1,0,0,3,1,1
18272,1394.05,TRANSFER,757,1,0,0,5,1,0
18273,23.77,TRANSFER,892,3,0,0,6,0,0
18274,60.27,CASH_OUT,2967,4,0,0,20,0,1
18275,129.53,TRANSFER,1564,2,0,0,21,0,0
18276,121.81,TRANSFER,2043,1,0,1,5,0,0
18277,85.67,PAYMENT,1863,2,1,0,8,0,0
18278,136.87,CASH_IN,32,1,0,0,5,0,0
18279,42.12,PAYMENT,1529,4,0,0,14,1,1
18280,212.13,DEBIT,1374,2,1,0,23,0,1
18281,14.56,TRANSFER,937,1,0,0,16,0,0
18282,144.64,PAYMENT,1601,4,0,0,0,0,0
18283,81.42,PAYMENT,1237,2,0,0,15,2,1
18284,410.05,PAYMENT,2257,5,0,0,15,0,0
18285,858.61,PAYMENT,1941,2,1,0,6,0,0
18286,106.59,PAYMENT,154,2,1,0,14,0,0
18287,596.29,TRANSFER,1725,3,0,0,18,0,0
18288,108.19,PAYMENT,1493,8,0,0,1,1,0
18289,56.48,CASH_OUT,2462,5,1,1,3,1,1
18290,850.57,CASH_IN,2074,5,0,0,23,0,0
18291,249.83,TRANSFER,2723,4,0,0,19,0,0
18292,149.07,PAYMENT,2040,2,0,0,14,0,0
18293,295.06,PAYMENT,2279,1,0,0,10,1,0
18294,195.24,PAYMENT,693,5,1,0,1,0,0
18295,138.49,CASH_OUT,357,4,0,0,17,0,0
18296,39.39,CASH_OUT,878,5,0,0,15,0,0
18297,113.23,TRANSFER,2485,3,0,0,13,1,0
18298,276.79,PAYMENT,618,7,0,0,4,1,0
18299,131.27,PAYMENT,294,4,0,0,3,2,1
18300,365.89,CASH_IN,1496,3,0,0,20,0,0
18301,217.82,TRANSFER,283,1,0,0,23,2,0
18302,61.67,DEBIT,1123,0,0,0,19,1,0
18303,39.68,DEBIT,1588,1,0,0,9,0,0
18304,126.83,CASH_IN,1266,3,0,0,9,0,1
18305,87.86,PAYMENT,1838,1,0,0,23,0,0
18306,207.75,PAYMENT,639,8,0,1,22,0,1
18307,72.38,PAYMENT,2039,4,0,0,9,0,0
18308,80.21,DEBIT,2063,6,0,0,9,0,0
18309,425.42,PAYMENT,2614,4,0,0,0,0,0
18310,172.12,CASH_OUT,2957,1,0,0,22,0,0
18311,73.5,DEBIT,579,3,0,0,17,0,0
18312,151.05,CASH_IN,1248,7,0,0,9,0,0
18313,589.29,TRANSFER,2347,1,0,0,17,1,0
18314,199.1,PAYMENT,1543,1,0,0,19,0,0
18315,268.53,PAYMENT,807,3,0,0,4,0,0
18316,69.95,TRANSFER,228,3,0,0,1,0,0
18317,414.23,DEBIT,2219,5,0,0,19,0,0
18318,1507.34,DEBIT,1294,5,0,1,3,2,1
18319,67.26,PAYMENT,1262,4,1,0,13,1,1
18320,45.52,PAYMENT,1319,7,1,0,2,0,0
18321,176.89,TRANSFER,384,2,0,0,0,1,1
18322,356.2,TRANSFER,2894,4,1,0,18,0,1
18323,135.45,PAYMENT,2058,7,0,0,14,0,0
18324,51.77,PAYMENT,2253,1,1,0,14,0,1
18325,133.14,DEBIT,416,3,0,0,18,0,0
18326,269.91,DEBIT,2649,4,0,0,16,0,0
18327,98.79,TRANSFER,2870,3,1,0,20,0,0
18328,272.4,CASH_OUT,1898,3,0,0,4,0,0
18329,475.66,PAYMENT,662,2,0,0,8,0,0
18330,188.71,CASH_OUT,196,2,1,0,10,0,0
18331,144.32,PAYMENT,2635,1,0,0,3,0,0
18332,340.14,PAYMENT,1352,2,1,0,17,0,0
18333,63.05,PAYMENT,826,7,1,0,0,0,0
18334,57.13,PAYMENT,1156,4,0,0,15,1,1
18335,113.68,CASH_IN,115,2,1,0,13,1,0
18336,90.75,DEBIT,1920,4,0,0,7,0,0
18337,66.46,CASH_OUT,2744,3,0,0,23,0,0
18338,925.62,CASH_OUT,1903,2,0,1,3,0,0
18339,1302.44,PAYMENT,1421,4,1,0,17,0,0
18340,104.2,TRANSFER,2080,4,1,0,17,1,0
18341,162.67,CASH_OUT,2901,4,0,0,1,0,0
18342,123.0,TRANSFER,2956,5,0,0,7,0,1
18343,449.21,PAYMENT,2866,0,0,1,18,1,0
18344,547.66,CASH_OUT,1077,1,0,0,8,0,0
18345,25.1,PAYMENT,1527,5,0,0,0,0,0
18346,238.89,PAYMENT,1873,4,0,0,6,0,0
18347,40.17,TRANSFER,2602,6,0,0,8,0,0
18348,861.15,PAYMENT,1271,1,0,0,18,0,0
18349,230.5,CASH_OUT,525,2,0,0,10,0,0
18350,65.15,CASH_OUT,2760,2,0,0,13,0,0
18351,116.59,PAYMENT,2939,3,0,0,1,1,1
18352,111.17,DEBIT,619,3,1,0,18,1,0
18353,250.91,CASH_IN,1804,5,0,0,17,0,0
18354,420.7,PAYMENT,1810,1,0,0,2,1,0
18355,47.08,CASH_OUT,2070,1,0,1,18,1,0
18356,933.33,PAYMENT,59,1,0,0,3,0,0
18357,739.29,CASH_OUT,2544,2,0,0,22,0,0
18358,61.85,CASH_IN,2280,1,1,0,21,2,1
18359,159.62,PAYMENT,753,5,1,0,12,0,0
18360,821.23,CASH_OUT,182,4,0,0,20,0,0
18361,509.24,CASH_IN,707,4,0,0,14,0,0
18362,105.98,PAYMENT,2120,5,0,0,0,2,1
18363,335.07,PAYMENT,2491,1,1,0,18,0,0
18364,2972.62,PAYMENT,1605,0,0,0,9,0,0
18365,164.87,PAYMENT,2520,4,0,0,16,0,0
18366,78.83,PAYMENT,2228,4,0,0,18,0,0
18367,176.34,PAYMENT,1646,3,0,0,6,1,0
18368,189.91,PAYMENT,1310,1,0,0,11,0,0
18369,87.84,PAYMENT,1156,0,0,0,19,1,0
18370,230.82,CASH_OUT,1606,4,0,0,3,0,0
18371,42.33,DEBIT,2907,3,0,0,6,2,0
18372,76.28,DEBIT,1753,4,0,0,9,0,0
18373,316.79,PAYMENT,1447,6,0,1,0,0,0
18374,25.67,CASH_OUT,137,4,0,1,21,2,0
18375,366.2,DEBIT,2406,3,0,0,8,1,0
18376,19.85,DEBIT,1561,4,0,0,23,1,1
18377,26.28,CASH_IN,2783,6,0,0,10,0,0
18378,90.11,CASH_OUT,662,0,0,0,5,0,0
18379,197.72,PAYMENT,1863,1,0,0,1,1,0
18380,558.51,PAYMENT,626,4,1,0,19,0,0
18381,157.22,TRANSFER,455,5,0,0,5,0,0
18382,115.98,PAYMENT,936,1,0,0,8,0,0
18383,264.96,DEBIT,2310,0,0,1,5,1,0
18384,62.12,PAYMENT,2528,3,1,1,17,0,0
18385,170.62,DEBIT,784,2,0,0,4,0,0
18386,44.73,CASH_OUT,1320,1,0,0,21,1,0
18387,161.19,TRANSFER,2593,4,0,0,8,0,0
18388,130.34,PAYMENT,2668,4,0,0,11,0,0
18389,66.4,PAYMENT,1801,3,0,0,23,0,0
18390,175.04,CASH_OUT,2561,3,0,0,6,1,0
18391,173.91,CASH_IN,108,1,0,0,12,0,0
18392,480.8,DEBIT,2766,1,0,0,22,1,0
18393,29.8,PAYMENT,1295,3,0,1,21,0,1
18394,137.54,PAYMENT,2483,3,0,0,11,1,0
18395,69.39,PAYMENT,935,4,0,0,7,1,1
18396,354.16,PAYMENT,305,2,0,0,15,1,0
18397,315.42,CASH_IN,2071,5,0,1,22,0,0
18398,246.63,PAYMENT,207,4,0,0,14,0,0
18399,73.42,TRANSFER,700,4,0,0,11,0,0
18400,359.77,TRANSFER,841,3,0,0,13,0,0
18401,32.13,PAYMENT,1596,1,0,0,0,0,0
18402,26.17,CASH_OUT,360,2,1,0,9,0,0
18403,41.44,TRANSFER,2630,4,0,0,8,0,0
18404,143.53,PAYMENT,1935,2,0,0,11,0,0
18405,291.54,CASH_OUT,203,5,0,0,17,0,0
18406,7.57,PAYMENT,1875,4,0,0,4,0,0
18407,557.1,CASH_OUT,2554,3,0,0,17,0,0
18408,169.21,DEBIT,121,8,0,0,14,0,0
18409,30.95,CASH_OUT,2587,4,0,0,15,0,0
18410,164.18,TRANSFER,2973,6,0,0,8,0,0
18411,442.54,CASH_OUT,2678,3,0,0,3,0,1
18412,270.28,CASH_IN,628,3,0,0,16,2,0
18413,445.44,PAYMENT,1598,1,1,0,7,0,0
18414,37.85,CASH_OUT,443,5,0,1,13,0,0
18415,98.1,TRANSFER,2214,2,0,0,3,0,0
18416,58.87,CASH_IN,2755,8,1,0,15,0,0
18417,826.81,PAYMENT,118,1,0,0,12,0,0
18418,281.28,DEBIT,1647,1,0,0,13,0,0
18419,2558.07,TRANSFER,1096,4,1,1,13,0,1
18420,92.98,PAYMENT,1700,3,1,0,10,1,0
18421,71.9,TRANSFER,373,2,0,0,9,0,0
18422,128.66,PAYMENT,2373,2,0,0,22,0,0
18423,588.96,PAYMENT,370,4,0,0,8,0,0
18424,102.91,PAYMENT,2708,4,0,0,14,1,0
18425,168.08,PAYMENT,1371,1,0,0,7,1,1
18426,163.48,TRANSFER,64,4,0,0,6,0,0
18427,154.39,PAYMENT,200,3,1,0,21,0,1
18428,77.29,PAYMENT,415,4,0,0,7,1,0
18429,129.37,TRANSFER,364,0,0,0,16,1,0
18430,123.95,PAYMENT,108,5,0,0,21,0,0
18431,147.29,PAYMENT,2449,3,0,0,2,0,0
18432,381.27,PAYMENT,1221,5,0,0,21,0,0
18433,863.18,TRANSFER,2029,2,0,0,19,0,0
18434,64.04,PAYMENT,2313,4,0,0,13,0,0
18435,100.28,PAYMENT,1867,2,0,0,11,1,0
18436,65.04,TRANSFER,1586,4,0,0,18,0,0
18437,178.95,PAYMENT,522,3,0,0,6,2,0
18438,86.63,TRANSFER,2726,5,0,0,16,1,0
18439,188.63,PAYMENT,1380,2,0,0,22,1,0
18440,447.48,CASH_IN,184,4,0,0,4,1,1
18441,11.87,CASH_OUT,2143,2,1,0,23,0,0
18442,242.69,DEBIT,1797,1,0,0,11,0,0
18443,93.67,TRANSFER,1591,4,0,0,18,0,0
18444,235.2,TRANSFER,1418,3,0,0,21,0,0
18445,60.55,DEBIT,229,4,0,0,19,0,0
18446,490.91,PAYMENT,541,4,0,0,12,0,0
18447,369.92,TRANSFER,2589,3,0,0,18,0,0
18448,262.0,PAYMENT,2575,3,0,0,19,0,0
18449,328.07,TRANSFER,2762,5,0,0,16,0,0
18450,70.41,PAYMENT,2772,5,0,0,2,0,0
18451,79.87,CASH_OUT,1093,2,0,0,12,0,0
18452,314.96,DEBIT,2349,1,0,0,23,1,0
18453,68.87,PAYMENT,2801,2,0,0,5,0,0
18454,629.95,CASH_IN,2237,4,0,0,10,0,0
18455,107.38,PAYMENT,2112,1,0,0,20,0,0
18456,245.16,PAYMENT,2909,4,0,0,2,0,0
18457,1211.06,CASH_OUT,2013,2,0,0,19,0,0
18458,73.24,PAYMENT,2503,3,0,0,2,0,0
18459,158.98,TRANSFER,2198,2,0,0,7,0,0
18460,425.89,PAYMENT,1487,5,1,0,18,2,0
18461,384.24,TRANSFER,2493,1,0,0,17,0,0
18462,106.93,TRANSFER,315,2,0,0,7,0,1
18463,88.52,DEBIT,1008,3,0,0,13,0,0
18464,117.55,CASH_OUT,434,2,0,0,16,2,1
18465,631.35,PAYMENT,517,2,0,0,4,1,0
18466,112.27,PAYMENT,1284,4,0,0,11,1,0
18467,160.47,DEBIT,1153,4,0,1,10,0,0
18468,96.85,CASH_OUT,2007,2,0,0,9,0,0
18469,300.53,TRANSFER,2822,7,0,0,10,0,0
18470,173.39,TRANSFER,1055,2,0,0,22,0,0
18471,54.41,PAYMENT,1562,0,0,0,11,0,0
18472,56.33,TRANSFER,557,1,0,0,18,0,0
18473,20.11,CASH_OUT,2810,5,0,1,15,0,1
18474,64.63,PAYMENT,2772,4,0,0,16,0,0
18475,328.31,DEBIT,2476,5,0,0,20,0,0
18476,557.67,PAYMENT,276,1,1,0,6,0,0
18477,294.58,TRANSFER,2018,2,1,0,11,0,0
18478,258.43,PAYMENT,657,3,0,1,23,0,0
18479,130.77,TRANSFER,2146,3,0,0,0,0,1
18480,322.12,PAYMENT,1975,7,0,1,5,0,1
18481,197.61,PAYMENT,2641,3,0,0,4,0,0
18482,901.85,DEBIT,426,3,0,0,18,2,1
18483,134.5,TRANSFER,637,3,0,1,23,1,1
18484,568.5,TRANSFER,2362,1,0,0,20,0,0
18485,355.71,TRANSFER,2223,8,0,0,4,0,0
18486,309.65,PAYMENT,2463,4,0,0,9,0,0
18487,19.86,PAYMENT,1336,5,0,0,3,1,1
18488,375.85,PAYMENT,327,2,0,0,4,0,0
18489,130.65,TRANSFER,1760,3,1,1,16,1,1
18490,95.21,CASH_IN,1574,2,0,0,23,0,0
18491,33.69,PAYMENT,2592,2,0,1,7,0,0
18492,147.59,CASH_OUT,1091,3,0,0,0,0,1
18493,153.48,PAYMENT,1512,3,1,0,14,0,0
18494,40.33,PAYMENT,1123,7,1,0,3,1,1
18495,34.01,TRANSFER,2658,3,0,0,14,0,0
18496,241.44,PAYMENT,699,2,0,0,3,0,0
18497,354.85,TRANSFER,811,2,1,0,7,0,0
18498,179.52,PAYMENT,2079,4,0,0,23,0,0
18499,469.11,DEBIT,2919,4,1,1,18,1,1
18500,136.13,CASH_OUT,112,6,0,0,6,0,0
18501,140.56,PAYMENT,384,3,0,1,19,0,0
18502,59.32,PAYMENT,1839,4,1,0,9,0,1
18503,31.18,PAYMENT,2020,6,0,0,9,1,0
18504,948.29,PAYMENT,170,2,0,1,5,0,1
18505,460.03,CASH_OUT,1861,5,1,0,20,0,0
18506,36.87,CASH_IN,2677,3,0,0,8,0,0
18507,173.43,PAYMENT,2031,6,0,0,1,0,0
18508,134.28,TRANSFER,1987,2,0,0,11,0,0
18509,112.84,PAYMENT,1449,6,1,0,11,2,0
18510,98.59,CASH_OUT,864,1,0,0,6,0,0
18511,217.3,PAYMENT,2870,3,0,0,10,0,1
18512,336.36,DEBIT,960,2,0,0,22,2,0
18513,221.94,CASH_OUT,941,3,0,0,17,2,0
18514,131.56,DEBIT,2318,1,0,0,19,0,0
18515,126.82,PAYMENT,2701,3,0,1,12,0,0
18516,378.73,TRANSFER,1354,2,0,0,14,1,0
18517,235.91,CASH_OUT,1046,2,0,1,17,0,1
18518,159.6,CASH_OUT,1205,6,1,0,16,0,0
18519,143.18,PAYMENT,1050,1,0,0,11,0,0
18520,209.61,DEBIT,1015,4,0,0,8,0,0
18521,92.91,DEBIT,1931,3,0,0,0,0,0
18522,337.49,PAYMENT,2983,5,0,1,12,0,0
18523,50.61,TRANSFER,816,5,0,0,8,0,0
18524,98.35,PAYMENT,2291,4,0,0,22,0,0
18525,273.45,CASH_IN,2869,5,0,0,7,0,0
18526,47.8,CASH_OUT,1242,2,0,1,17,0,0
18527,30.78,PAYMENT,2210,5,0,0,14,0,0
18528,158.08,PAYMENT,2157,0,0,0,21,0,0
18529,27.21,PAYMENT,130,3,0,0,4,0,0
18530,40.5,PAYMENT,1411,1,0,0,2,0,0
18531,316.27,PAYMENT,2041,2,0,1,23,0,0
18532,120.93,CASH_OUT,1577,2,0,0,7,1,0
18533,536.73,CASH_OUT,664,6,0,0,21,0,0
18534,44.49,TRANSFER,1418,4,0,0,15,0,1
18535,135.1,CASH_OUT,216,2,0,0,19,0,1
18536,221.31,PAYMENT,1405,6,0,0,19,0,0
18537,46.04,PAYMENT,2283,8,0,0,17,0,0
18538,416.45,CASH_OUT,2960,5,0,1,18,0,0
18539,247.32,PAYMENT,76,4,0,0,15,0,1
18540,29.69,PAYMENT,2898,4,0,0,13,0,0
18541,142.92,PAYMENT,2176,3,0,0,4,0,1
18542,218.32,TRANSFER,2582,2,1,0,17,1,0
18543,82.26,CASH_IN,1786,0,0,0,0,0,0
18544,33.79,TRANSFER,452,2,0,1,12,0,0
18545,196.07,PAYMENT,1643,2,0,0,9,0,1
18546,1354.57,CASH_IN,1006,3,0,0,9,1,0
18547,100.79,PAYMENT,2294,2,0,0,2,0,0
18548,712.83,TRANSFER,2251,4,0,0,3,0,0
18549,69.95,PAYMENT,2518,2,0,0,10,0,0
18550,184.11,DEBIT,2183,5,1,0,8,0,0
18551,321.03,CASH_OUT,1730,8,0,1,15,0,0
18552,147.17,TRANSFER,2488,4,0,0,17,0,0
18553,110.2,CASH_OUT,1466,4,0,0,0,0,0
18554,306.78,TRANSFER,142,8,0,0,23,0,1
18555,983.83,PAYMENT,175,4,0,0,8,0,0
18556,200.45,CASH_OUT,2721,1,0,0,8,0,0
18557,88.58,TRANSFER,2613,1,0,0,15,1,0
18558,122.76,CASH_OUT,2375,3,0,1,10,0,0
18559,1844.03,PAYMENT,2265,4,0,0,1,0,1
18560,169.85,PAYMENT,2188,3,0,0,23,0,0
18561,81.91,TRANSFER,85,6,0,0,11,0,1
18562,47.23,TRANSFER,610,2,0,0,4,0,1
18563,23.91,PAYMENT,559,5,0,0,12,0,0
18564,213.49,PAYMENT,478,3,0,0,12,1,0
18565,285.61,CASH_OUT,1966,2,0,0,21,1,0
18566,99.81,PAYMENT,1216,1,0,0,3,0,0
18567,146.21,TRANSFER,1697,4,1,0,22,0,0
18568,46.04,TRANSFER,248,3,0,0,13,0,0
18569,169.51,PAYMENT,921,2,0,0,20,0,0
18570,240.21,CASH_IN,360,2,0,0,7,0,0
18571,86.91,PAYMENT,1192,2,1,0,23,1,1
18572,804.69,CASH_IN,2581,3,0,0,8,0,0
18573,64.26,CASH_OUT,1409,3,0,0,14,2,0
18574,197.05,TRANSFER,2358,1,0,0,6,0,1
18575,346.65,DEBIT,873,3,0,0,5,0,0
18576,137.37,CASH_OUT,41,3,0,0,16,0,0
18577,122.92,DEBIT,1998,2,0,0,8,1,0
18578,35.56,TRANSFER,2642,3,0,0,1,1,0
18579,576.71,TRANSFER,1149,2,0,0,15,0,0
18580,125.22,TRANSFER,261,4,1,0,14,2,1
18581,254.01,PAYMENT,1831,4,0,0,20,0,0
18582,290.82,DEBIT,1165,3,0,0,10,0,0
18583,79.18,CASH_OUT,1968,1,1,0,2,0,0
18584,121.81,CASH_OUT,1100,3,0,0,22,0,0
18585,563.68,DEBIT,2331,6,0,0,15,0,0
18586,48.56,DEBIT,1572,3,0,1,1,0,1
18587,1246.28,PAYMENT,1909,0,0,1,0,0,0
18588,70.47,CASH_OUT,1476,2,0,0,9,0,0
18589,45.63,TRANSFER,2365,4,0,0,8,0,0
18590,169.41,TRANSFER,1359,1,0,0,11,0,0
18591,1350.66,DEBIT,1968,4,0,0,5,0,0
18592,21.96,CASH_IN,2451,3,0,0,0,0,0
18593,128.89,CASH_OUT,224,2,0,0,20,0,0
18594,238.95,PAYMENT,1974,3,0,0,19,0,0
18595,153.49,CASH_OUT,1059,2,1,0,10,0,0
18596,217.44,TRANSFER,1534,2,0,0,2,0,0
18597,72.38,PAYMENT,894,3,0,0,22,0,0
18598,81.47,TRANSFER,2220,1,0,1,16,0,0
18599,127.94,PAYMENT,2780,4,0,0,10,1,0
18600,47.95,TRANSFER,1713,4,0,0,3,1,1
18601,141.93,CASH_OUT,2248,3,0,0,6,1,0
18602,100.61,PAYMENT,519,2,0,0,12,0,0
18603,92.75,CASH_OUT,2173,3,0,0,7,0,0
18604,204.49,PAYMENT,1248,2,0,0,22,1,0
18605,24.03,TRANSFER,2337,3,0,0,15,0,0
18606,118.03,TRANSFER,1289,1,0,0,21,0,0
18607,1506.21,CASH_OUT,2072,5,0,0,8,0,1
18608,50.09,CASH_OUT,1571,3,0,0,20,3,0
18609,536.73,TRANSFER,1814,1,1,1,14,0,0
18610,156.75,PAYMENT,81,4,0,0,16,0,1
18611,81.21,CASH_OUT,816,5,0,0,7,0,0
18612,39.62,TRANSFER,151,2,1,0,1,0,0
18613,170.66,PAYMENT,1591,2,0,0,23,0,0
18614,634.86,PAYMENT,1869,6,0,0,10,0,1
18615,100.56,PAYMENT,2772,4,0,0,17,0,0
18616,136.87,PAYMENT,2166,2,0,0,17,0,0
18617,407.63,TRANSFER,1496,5,0,0,16,1,1
18618,208.69,TRANSFER,67,3,1,0,12,0,0
18619,30.81,TRANSFER,113,5,0,0,17,0,1
18620,163.84,PAYMENT,1954,2,0,0,11,1,0
18621,673.33,DEBIT,1991,1,0,0,16,0,0
18622,143.03,TRANSFER,1039,5,0,0,22,0,0
18623,9.57,TRANSFER,2786,4,0,0,19,0,1
18624,218.81,PAYMENT,768,2,0,1,5,0,0
18625,121.7,TRANSFER,1056,2,1,0,7,0,1
18626,23.83,CASH_OUT,1862,2,0,0,21,1,0
18627,27.68,TRANSFER,701,3,0,0,18,0,0
18628,393.51,CASH_IN,59,2,1,0,7,0,0
18629,71.35,CASH_OUT,657,3,0,1,4,2,1
18630,59.89,CASH_IN,1220,4,0,0,16,1,0
18631,143.22,PAYMENT,122,2,0,0,21,0,0
18632,77.93,PAYMENT,2295,4,0,0,23,0,0
18633,164.03,PAYMENT,1241,2,0,0,21,0,1
18634,121.18,CASH_OUT,1001,4,0,0,1,1,0
18635,44.7,TRANSFER,1775,5,0,0,10,0,0
18636,89.01,CASH_OUT,915,2,0,0,14,0,0
18637,231.08,PAYMENT,727,4,0,1,15,0,0
18638,154.77,PAYMENT,2359,6,1,0,11,1,0
18639,136.74,PAYMENT,1004,2,0,0,10,0,0
18640,1030.07,PAYMENT,418,4,1,0,13,0,0
18641,308.29,PAYMENT,958,4,0,1,3,1,0
18642,348.08,PAYMENT,2950,1,1,0,15,2,0
18643,125.72,PAYMENT,2214,2,0,0,15,0,0
18644,184.96,CASH_OUT,317,3,0,0,3,0,0
18645,96.44,PAYMENT,1386,1,0,0,13,0,1
18646,322.97,PAYMENT,648,6,0,0,11,0,0
18647,132.9,PAYMENT,441,2,0,0,21,0,0
18648,185.37,DEBIT,436,3,0,0,6,0,0
18649,174.27,TRANSFER,629,3,0,0,20,0,0
18650,145.74,DEBIT,2054,3,0,0,17,1,0
18651,2802.28,TRANSFER,1178,0,0,0,1,1,1
18652,76.2,DEBIT,2044,2,0,0,12,0,1
18653,75.51,PAYMENT,2699,5,0,1,16,0,0
18654,297.11,PAYMENT,1883,6,1,1,10,0,1
18655,81.85,CASH_OUT,1375,2,0,0,0,0,0
18656,110.9,DEBIT,1787,2,0,0,10,0,0
18657,50.08,CASH_IN,1550,3,0,0,13,1,0
18658,242.63,TRANSFER,2146,6,0,0,7,0,0
18659,245.74,PAYMENT,2773,3,0,0,22,0,0
18660,108.29,PAYMENT,2572,2,0,0,12,1,1
18661,303.33,PAYMENT,913,2,0,0,18,0,1
18662,23.15,PAYMENT,1729,0,0,0,6,0,0
18663,73.2,PAYMENT,2369,1,0,0,8,0,0
18664,125.21,PAYMENT,1572,3,0,0,0,0,0
18665,45.96,CASH_IN,2810,1,1,0,11,0,1
18666,25.82,PAYMENT,445,3,0,0,19,1,1
18667,109.08,PAYMENT,1272,2,0,0,14,1,0
18668,297.09,PAYMENT,926,4,0,0,3,1,1
18669,534.92,PAYMENT,447,3,0,0,12,0,0
18670,85.86,PAYMENT,592,0,0,0,15,0,0
18671,308.96,PAYMENT,1473,6,0,0,3,0,0
18672,280.49,DEBIT,1975,3,0,0,5,1,0
18673,502.0,TRANSFER,2804,8,0,0,18,1,0
18674,104.57,PAYMENT,1214,6,0,0,15,0,0
18675,24.57,TRANSFER,2078,3,0,0,14,0,0
18676,159.2,PAYMENT,1120,3,0,0,7,0,0
18677,53.85,PAYMENT,192,3,0,0,18,0,0
18678,71.99,PAYMENT,344,3,0,0,13,0,0
18679,109.81,PAYMENT,362,0,1,1,20,0,0
18680,105.75,CASH_OUT,554,0,1,0,9,0,0
18681,170.98,CASH_OUT,2133,6,0,0,10,0,1
18682,299.81,PAYMENT,2466,3,0,0,23,0,0
18683,102.75,CASH_OUT,622,3,0,0,4,0,0
18684,220.46,PAYMENT,1767,0,1,0,15,0,0
18685,150.63,PAYMENT,760,7,0,0,6,1,0
18686,378.23,PAYMENT,556,3,0,0,17,0,1
18687,122.9,TRANSFER,153,4,0,0,3,0,1
18688,137.15,PAYMENT,1750,5,0,0,23,0,0
18689,102.06,CASH_OUT,2471,1,1,0,11,0,0
18690,126.19,CASH_OUT,733,2,1,0,11,1,1
18691,67.8,CASH_IN,938,4,0,0,18,0,0
18692,61.4,PAYMENT,2989,2,1,0,18,0,1
18693,322.39,PAYMENT,1023,3,0,0,0,0,1
18694,50.24,PAYMENT,357,3,0,0,22,0,0
18695,107.87,DEBIT,1596,6,0,0,22,0,0
18696,409.67,CASH_OUT,2644,0,0,0,11,1,1
18697,104.3,CASH_IN,1017,4,0,0,5,0,0
18698,339.93,TRANSFER,484,4,0,0,4,0,0
18699,82.18,TRANSFER,2751,4,0,0,6,1,0
18700,51.87,PAYMENT,766,3,1,1,1,0,0
18701,30.12,CASH_IN,1185,4,0,0,10,0,0
18702,551.55,CASH_IN,2004,2,0,0,4,0,0
18703,47.61,PAYMENT,131,1,0,0,23,0,0
18704,313.31,PAYMENT,1911,0,1,0,9,0,0
18705,54.6,CASH_OUT,1284,3,0,0,7,1,0
18706,554.12,PAYMENT,1927,2,0,0,0,1,0
18707,1348.55,CASH_IN,2648,3,0,0,17,0,0
18708,27.48,TRANSFER,838,3,0,0,4,0,0
18709,50.16,TRANSFER,1271,3,0,0,13,0,0
18710,321.54,CASH_OUT,2445,3,0,0,8,0,0
18711,247.9,CASH_OUT,120,1,0,1,12,0,0
18712,322.76,PAYMENT,1791,1,0,0,18,0,0
18713,83.62,DEBIT,1422,2,0,0,12,0,0
18714,1083.05,DEBIT,2216,1,0,0,7,0,0
18715,167.01,TRANSFER,2191,1,0,0,1,0,0
18716,43.95,TRANSFER,2099,3,0,0,0,0,0
18717,115.22,TRANSFER,1076,5,0,0,4,1,0
18718,44.54,TRANSFER,1118,2,0,0,9,1,0
18719,728.47,DEBIT,489,1,1,0,3,0,0
18720,76.68,PAYMENT,1763,2,0,0,13,0,0
18721,242.86,PAYMENT,143,3,0,1,23,0,0
18722,92.7,DEBIT,1934,4,0,0,15,1,0
18723,80.21,PAYMENT,1550,2,0,1,16,0,0
18724,21.97,CASH_OUT,1535,1,0,0,12,0,0
18725,269.93,PAYMENT,2617,8,0,0,23,2,0
18726,544.13,DEBIT,950,1,0,0,1,0,0
18727,59.38,CASH_OUT,2334,4,0,0,0,0,1
18728,31.65,DEBIT,1338,4,0,0,10,0,0
18729,331.4,DEBIT,1099,2,0,0,6,1,0
18730,28.61,PAYMENT,1898,4,1,0,6,0,0
18731,502.47,TRANSFER,681,3,0,0,22,0,0
18732,60.08,CASH_OUT,485,3,0,1,7,1,1
18733,49.24,CASH_IN,2756,6,0,0,12,0,0
18734,190.27,PAYMENT,421,3,0,0,15,0,0
18735,52.56,DEBIT,2543,1,0,0,17,0,0
18736,73.18,PAYMENT,441,0,0,0,1,0,0
18737,211.45,CASH_IN,1212,1,0,1,22,1,0
18738,13.08,TRANSFER,940,1,1,0,6,2,1
18739,766.95,TRANSFER,2009,3,0,0,7,0,0
18740,155.03,PAYMENT,580,7,0,0,19,1,1
18741,40.73,PAYMENT,1667,2,0,0,17,0,0
18742,53.66,PAYMENT,1901,2,0,0,12,1,0
18743,400.07,TRANSFER,2549,3,0,0,10,0,1
18744,270.71,TRANSFER,1970,3,0,0,7,1,1
18745,593.94,CASH_OUT,805,3,0,0,0,0,0
18746,74.98,PAYMENT,2887,1,0,0,16,0,0
18747,199.65,TRANSFER,472,1,0,0,10,1,0
18748,227.37,DEBIT,2542,4,1,0,21,1,1
18749,297.46,CASH_OUT,1388,3,0,0,18,0,0
18750,458.19,PAYMENT,2923,4,0,0,20,0,0
18751,72.44,CASH_IN,945,3,0,0,0,0,0
18752,132.4,DEBIT,2685,3,0,1,12,0,1
18753,80.63,DEBIT,2819,5,1,0,22,0,0
18754,140.81,CASH_IN,573,1,0,0,21,0,0
18755,298.4,CASH_OUT,929,3,0,0,7,1,0
18756,28.39,PAYMENT,674,2,0,0,2,0,0
18757,450.06,CASH_OUT,1288,1,0,0,2,2,1
18758,47.5,CASH_OUT,2921,0,0,0,5,0,0
18759,109.14,PAYMENT,1800,2,0,0,20,1,0
18760,514.88,PAYMENT,52,4,0,0,19,0,0
18761,206.03,PAYMENT,2814,10,0,0,18,0,0
18762,208.41,CASH_OUT,173,7,0,0,19,0,0
18763,45.58,PAYMENT,2383,2,0,0,1,0,0
18764,52.24,TRANSFER,2569,1,1,0,2,0,1
18765,380.41,CASH_IN,1448,4,0,0,1,1,0
18766,82.34,PAYMENT,613,4,0,0,7,0,0
18767,90.48,DEBIT,1101,1,0,0,14,0,0
18768,389.14,TRANSFER,2623,3,0,0,6,1,1
18769,51.94,PAYMENT,2482,3,0,1,21,1,0
18770,194.27,PAYMENT,2843,2,0,0,23,0,0
18771,154.92,PAYMENT,1628,3,0,0,15,0,0
18772,148.02,PAYMENT,1155,4,0,0,10,0,0
18773,88.37,CASH_IN,1582,2,0,0,6,0,0
18774,83.11,CASH_OUT,270,5,0,0,8,0,0
18775,50.48,CASH_IN,1309,3,0,0,19,1,0
18776,240.49,TRANSFER,2000,6,0,0,14,0,1
18777,76.08,TRANSFER,2438,3,0,1,0,0,1
18778,391.01,PAYMENT,2144,2,0,0,17,0,0
18779,118.56,TRANSFER,2357,1,1,0,18,0,0
18780,51.5,CASH_OUT,1459,1,0,0,6,0,1
18781,117.0,PAYMENT,807,2,0,0,13,0,0
18782,98.41,DEBIT,1058,3,0,0,0,0,0
18783,407.12,CASH_OUT,2620,1,0,0,13,0,0
18784,102.62,CASH_IN,1320,5,0,0,7,1,0
18785,112.59,CASH_OUT,2640,2,0,0,0,1,0
18786,608.83,PAYMENT,1812,1,0,0,14,1,0
18787,246.72,CASH_OUT,2125,0,0,0,9,1,1
18788,782.67,PAYMENT,2411,5,0,1,3,0,1
18789,522.72,TRANSFER,2059,4,0,1,21,0,0
18790,61.12,TRANSFER,1697,2,0,0,10,1,1
18791,399.39,PAYMENT,165,4,0,0,17,0,0
18792,682.19,TRANSFER,548,3,0,0,2,0,0
18793,687.33,PAYMENT,2196,2,0,0,2,0,0
18794,398.65,PAYMENT,371,5,0,0,5,0,1
18795,390.54,CASH_IN,1032,1,0,1,12,1,0
18796,109.65,TRANSFER,2704,2,0,0,14,0,0
18797,64.24,PAYMENT,2241,6,1,1,20,0,0
18798,104.35,TRANSFER,314,3,0,0,12,0,0
18799,28.08,CASH_OUT,993,5,1,0,19,0,0
18800,568.38,PAYMENT,1651,2,0,0,10,0,0
18801,111.8,TRANSFER,1754,4,0,1,9,0,1
18802,539.87,TRANSFER,406,3,1,0,18,1,1
18803,43.32,CASH_IN,82,6,0,0,14,1,0
18804,438.18,TRANSFER,357,6,0,0,16,1,0
18805,90.48,PAYMENT,2418,3,0,0,21,2,0
18806,41.08,PAYMENT,2604,2,1,0,5,1,1
18807,755.3,CASH_OUT,668,2,1,0,4,0,1
18808,449.13,PAYMENT,1633,2,0,0,1,0,0
18809,183.42,CASH_IN,535,6,1,0,8,0,0
18810,153.54,PAYMENT,897,2,0,0,10,1,0
18811,230.33,PAYMENT,733,6,0,0,11,1,0
18812,180.3,PAYMENT,2255,3,1,0,20,0,0
18813,67.2,CASH_OUT,997,2,0,0,3,0,0
18814,98.29,TRANSFER,588,3,0,0,9,1,0
18815,1054.39,PAYMENT,938,4,0,0,7,1,1
18816,2147.71,CASH_IN,2731,5,0,0,20,0,0
18817,708.16,PAYMENT,38,4,0,0,7,1,0
18818,239.42,PAYMENT,1465,1,0,0,2,0,0
18819,105.87,PAYMENT,963,3,0,0,2,0,0
18820,66.81,DEBIT,2601,2,0,0,8,1,0
18821,71.36,CASH_OUT,1657,0,0,0,9,0,0
18822,85.35,CASH_OUT,306,4,0,0,11,0,0
18823,1275.59,PAYMENT,2516,1,0,0,8,1,1
18824,903.51,TRANSFER,1091,4,0,0,1,2,1
18825,313.02,TRANSFER,2897,2,0,0,18,1,0
18826,56.79,PAYMENT,1847,3,0,0,15,0,0
18827,362.51,PAYMENT,1843,4,0,0,0,0,0
18828,116.91,CASH_IN,464,4,0,0,18,0,0
18829,17.24,PAYMENT,1297,2,1,0,18,0,0
18830,197.77,CASH_OUT,869,4,0,0,4,0,0
18831,63.95,PAYMENT,2821,3,0,0,2,0,0
18832,66.15,CASH_OUT,1226,0,0,0,13,0,0
18833,115.54,PAYMENT,2328,5,0,0,18,0,0
18834,90.17,PAYMENT,661,5,0,0,8,1,0
18835,143.42,TRANSFER,1395,2,0,0,22,0,0
18836,136.68,DEBIT,2922,8,0,0,16,0,0
18837,22.74,DEBIT,1986,3,1,0,10,0,0
18838,678.77,PAYMENT,43,3,0,1,15,1,0
18839,55.51,PAYMENT,2351,2,0,0,19,0,0
18840,57.26,TRANSFER,2430,4,1,0,10,0,0
18841,106.85,TRANSFER,1188,4,0,0,3,0,1
18842,133.18,CASH_OUT,1753,5,0,0,16,0,0
18843,638.41,TRANSFER,2519,7,0,0,14,1,0
18844,194.3,TRANSFER,1432,3,0,0,4,1,1
18845,261.51,CASH_OUT,596,3,0,0,19,0,0
18846,195.3,PAYMENT,831,6,0,0,6,1,0
18847,187.07,CASH_OUT,156,4,0,0,17,0,0
18848,202.3,TRANSFER,1824,3,0,0,6,0,0
18849,21.48,CASH_IN,1048,1,0,0,9,0,0
18850,115.59,PAYMENT,1989,5,1,0,5,0,0
18851,474.5,PAYMENT,1897,6,0,0,17,1,0
18852,7649.01,DEBIT,2898,1,0,0,4,1,1
18853,44.51,TRANSFER,1588,3,0,0,12,0,0
18854,226.58,DEBIT,1253,1,0,0,16,0,0
18855,83.84,CASH_OUT,724,4,0,0,13,1,0
18856,1150.15,DEBIT,768,1,0,0,15,1,1
18857,38.33,PAYMENT,2700,7,0,0,18,0,0
18858,277.26,PAYMENT,108,4,0,0,16,0,0
18859,36.34,CASH_IN,1810,3,0,1,6,1,1
18860,107.92,CASH_IN,2217,1,0,0,5,1,1
18861,143.41,CASH_OUT,1054,1,0,0,5,0,0
18862,432.55,TRANSFER,296,4,0,0,15,0,0
18863,50.54,DEBIT,258,3,0,0,11,1,0
18864,288.12,PAYMENT,1422,1,1,0,5,1,1
18865,151.23,CASH_OUT,2527,5,0,0,14,0,0
18866,194.96,PAYMENT,2634,2,1,0,4,1,1
18867,386.96,PAYMENT,1152,2,0,0,20,0,1
18868,41.16,TRANSFER,626,2,0,1,2,0,1
18869,333.82,CASH_IN,1234,1,0,0,3,1,0
18870,84.02,CASH_OUT,864,1,0,0,8,1,0
18871,444.02,DEBIT,758,3,0,0,9,0,0
18872,207.38,PAYMENT,2233,4,0,0,19,0,0
18873,120.36,PAYMENT,2937,1,0,0,21,0,0
18874,82.27,PAYMENT,1951,0,0,0,10,0,0
18875,338.08,PAYMENT,869,3,0,0,7,0,0
18876,523.72,PAYMENT,2654,3,0,0,9,1,0
18877,87.11,PAYMENT,946,1,1,0,5,0,1
18878,47.8,TRANSFER,684,1,0,0,20,1,0
18879,297.14,PAYMENT,2004,3,0,0,16,1,1
18880,34.86,TRANSFER,421,3,1,0,15,0,0
18881,40.22,DEBIT,1413,5,1,0,0,0,1
18882,51.28,CASH_OUT,362,6,1,0,12,0,0
18883,97.96,CASH_IN,2269,3,0,0,14,1,0
18884,39.0,CASH_IN,1399,3,0,0,3,0,0
18885,21.35,PAYMENT,324,4,0,0,23,0,0
18886,47.68,CASH_OUT,2212,3,0,0,17,0,0
18887,282.16,CASH_OUT,2280,3,0,0,5,0,0
18888,41.61,PAYMENT,1768,1,0,0,23,0,0
18889,105.61,CASH_IN,2165,2,0,0,15,0,0
18890,1039.71,TRANSFER,2422,2,0,0,21,0,0
18891,141.29,PAYMENT,2640,1,1,0,17,0,0
18892,209.04,CASH_OUT,1749,2,0,0,3,0,0
18893,57.63,CASH_OUT,279,2,0,0,23,0,1
18894,1291.39,TRANSFER,2396,3,1,0,3,0,1
18895,86.38,PAYMENT,2366,2,0,0,22,0,0
18896,118.14,TRANSFER,330,1,0,0,16,0,0
18897,553.94,TRANSFER,1059,2,0,0,8,0,0
18898,123.75,DEBIT,578,4,0,0,13,2,0
18899,155.69,CASH_IN,2335,1,0,0,11,0,0
18900,111.98,CASH_OUT,647,4,0,0,16,0,0
18901,112.75,PAYMENT,251,6,1,0,11,0,0
18902,214.97,PAYMENT,2390,3,0,0,8,0,0
18903,258.0,PAYMENT,377,2,0,0,20,0,0
18904,78.0,TRANSFER,2941,1,0,1,3,0,1
18905,68.99,PAYMENT,2706,3,0,0,22,1,0
18906,80.71,TRANSFER,720,1,0,0,3,0,1
18907,36.55,PAYMENT,2168,6,0,0,11,1,0
18908,30.25,TRANSFER,1224,6,0,0,4,0,0
18909,199.77,PAYMENT,323,1,0,0,10,0,0
18910,379.4,PAYMENT,2269,1,0,0,23,0,1
18911,354.62,CASH_OUT,2883,4,0,1,16,0,0
18912,13.71,TRANSFER,60,1,0,0,20,1,1
18913,116.16,CASH_OUT,635,4,1,0,19,0,0
18914,49.3,CASH_OUT,811,3,0,0,19,0,0
18915,171.36,CASH_IN,1557,2,0,0,1,0,0
18916,97.73,PAYMENT,1151,1,0,0,3,0,0
18917,268.25,PAYMENT,81,1,0,0,13,1,0
18918,145.6,TRANSFER,2552,1,0,0,23,1,1
18919,22.29,DEBIT,2016,3,0,0,0,0,0
18920,56.43,CASH_OUT,2887,2,0,0,16,0,0
18921,149.27,TRANSFER,379,2,0,0,23,0,0
18922,162.41,PAYMENT,1030,1,0,0,13,1,0
18923,36.39,TRANSFER,787,3,0,0,8,0,0
18924,31.93,TRANSFER,1071,4,0,0,1,1,1
18925,157.0,CASH_OUT,2307,7,0,0,11,1,0
18926,36.46,TRANSFER,743,6,0,1,9,0,0
18927,27.98,PAYMENT,639,4,0,0,19,0,0
18928,95.09,PAYMENT,1534,3,0,0,19,0,0
18929,91.06,PAYMENT,2652,3,0,1,7,1,1
18930,61.66,TRANSFER,892,7,0,0,18,0,0
18931,73.42,PAYMENT,1465,3,0,0,22,0,0
18932,150.48,TRANSFER,2465,4,0,0,4,0,1
18933,72.23,CASH_OUT,684,5,0,0,16,0,0
18934,159.29,PAYMENT,2079,2,0,0,13,0,0
18935,101.45,TRANSFER,2969,3,0,0,19,1,0
18936,175.5,CASH_IN,180,5,0,0,9,0,0
18937,357.17,TRANSFER,2008,5,0,0,20,1,0
18938,343.52,TRANSFER,1400,1,0,0,6,1,0
18939,538.19,TRANSFER,1847,2,0,0,18,1,0
18940,343.14,PAYMENT,782,5,0,0,23,1,0
18941,188.4,PAYMENT,1706,2,1,0,22,0,0
18942,96.21,PAYMENT,1221,2,0,0,18,1,0
18943,100.71,PAYMENT,657,4,1,0,15,0,0
18944,61.7,CASH_OUT,2756,1,0,0,20,2,1
18945,149.09,PAYMENT,929,3,1,0,9,0,0
18946,298.09,DEBIT,1920,1,0,1,7,0,0
18947,71.83,CASH_IN,140,1,0,1,3,0,0
18948,142.99,CASH_OUT,2257,5,0,0,19,0,0
18949,75.39,CASH_OUT,1006,3,0,0,9,0,0
18950,182.98,PAYMENT,1464,3,1,0,15,0,0
18951,85.68,TRANSFER,210,3,0,0,13,0,0
18952,70.84,DEBIT,396,5,0,0,9,0,0
18953,75.19,PAYMENT,1578,2,0,0,11,0,0
18954,245.51,PAYMENT,2251,0,0,0,5,0,1
18955,134.73,PAYMENT,2163,1,0,0,22,0,0
18956,96.7,TRANSFER,2625,3,0,0,18,0,0
18957,192.75,PAYMENT,1736,3,0,0,14,1,0
18958,98.05,TRANSFER,1659,2,0,1,12,0,0
18959,457.84,CASH_OUT,1984,4,0,0,11,0,0
18960,56.04,PAYMENT,976,6,0,0,22,0,0
18961,123.1,CASH_OUT,460,5,0,0,16,0,1
18962,36.42,PAYMENT,1699,1,0,0,6,0,0
18963,104.91,PAYMENT,687,6,0,0,18,0,0
18964,27.67,PAYMENT,1427,2,1,0,6,0,0
18965,313.04,CASH_OUT,293,3,1,0,13,1,1
18966,319.42,CASH_IN,198,6,1,1,2,0,1
18967,325.11,PAYMENT,346,3,0,1,21,0,0
18968,152.76,PAYMENT,2481,3,0,1,12,0,0
18969,61.57,CASH_IN,242,1,0,0,0,0,0
18970,66.66,CASH_OUT,1621,7,0,1,6,1,1
18971,685.52,PAYMENT,663,3,1,0,3,0,1
18972,623.7,TRANSFER,1951,2,0,0,4,1,1
18973,167.76,CASH_IN,1414,2,0,0,12,0,0
18974,88.62,PAYMENT,701,2,1,0,10,0,0
18975,583.25,PAYMENT,2200,0,1,0,12,1,1
18976,74.11,PAYMENT,1075,0,0,0,3,0,0
18977,186.58,CASH_OUT,2630,2,1,0,22,0,0
18978,573.61,PAYMENT,906,5,1,1,7,1,0
18979,64.31,CASH_IN,423,0,0,0,7,0,0
18980,340.09,CASH_OUT,1988,6,1,0,6,0,0
18981,249.78,TRANSFER,2634,1,0,0,2,1,0
18982,142.66,PAYMENT,2338,1,0,0,22,0,0
18983,54.96,DEBIT,2601,5,1,0,20,0,0
18984,71.92,TRANSFER,1798,0,0,0,17,0,1
18985,198.23,TRANSFER,262,3,0,0,19,0,0
18986,35.75,DEBIT,317,4,0,0,7,0,0
18987,169.14,CASH_IN,2453,4,0,0,12,0,0
18988,254.95,TRANSFER,1839,0,0,0,22,0,1
18989,397.51,TRANSFER,743,2,0,0,19,0,0
18990,36.66,PAYMENT,861,4,1,0,23,0,0
18991,553.49,DEBIT,116,3,0,0,3,0,0
18992,808.65,CASH_IN,2974,2,0,0,13,1,1
18993,223.67,PAYMENT,1938,5,0,0,6,0,0
18994,52.56,CASH_OUT,2770,2,0,0,20,0,0
18995,106.9,CASH_OUT,2247,2,1,0,1,1,1
18996,141.51,PAYMENT,1282,2,0,0,12,0,0
18997,194.51,CASH_OUT,1264,3,0,0,1,0,0
18998,151.71,PAYMENT,522,4,0,0,14,0,0
18999,196.6,CASH_OUT,1966,3,0,0,14,0,0
19000,135.54,PAYMENT,2011,3,0,0,22,0,0
19001,193.47,CASH_OUT,1593,0,0,0,5,0,0
19002,93.64,PAYMENT,51,1,0,0,16,0,0
19003,105.83,PAYMENT,61,5,0,1,8,1,0
19004,83.43,PAYMENT,374,6,0,0,8,0,0
19005,1009.55,CASH_OUT,1933,3,0,0,6,0,1
19006,641.56,PAYMENT,1190,1,0,0,11,0,0
19007,258.6,CASH_OUT,513,3,0,1,10,0,0
19008,558.53,TRANSFER,1858,4,0,1,10,0,0
19009,329.79,CASH_OUT,2654,4,0,0,8,0,0
19010,177.91,TRANSFER,1914,3,1,0,23,1,1
19011,32.93,PAYMENT,1644,5,0,1,19,0,0
19012,114.19,PAYMENT,345,2,0,0,17,0,0
19013,106.16,PAYMENT,796,0,0,0,13,1,0
19014,47.8,CASH_OUT,954,3,0,0,17,1,1
19015,33.58,CASH_OUT,1906,3,0,0,8,0,0
19016,242.92,PAYMENT,1116,4,0,0,8,1,0
19017,205.31,CASH_OUT,2665,3,1,0,7,0,0
19018,46.18,PAYMENT,2359,1,0,0,1,0,0
19019,70.39,PAYMENT,64,6,0,0,18,0,0
19020,474.01,TRANSFER,1643,0,0,0,8,0,0
19021,61.7,PAYMENT,404,4,0,0,6,0,0
19022,176.06,CASH_OUT,1316,2,0,0,5,0,1
19023,122.76,DEBIT,2016,1,1,0,8,0,0
19024,246.25,PAYMENT,2130,3,0,0,2,0,0
19025,63.05,TRANSFER,838,3,0,0,1,0,0
19026,162.4,DEBIT,545,3,0,0,11,1,1
19027,175.69,PAYMENT,543,4,0,0,18,0,0
19028,186.83,PAYMENT,2368,2,0,0,12,1,1
19029,160.63,PAYMENT,958,3,0,0,12,0,0
19030,209.48,CASH_OUT,514,2,1,0,4,0,0
19031,1328.45,CASH_OUT,1926,2,0,0,11,1,1
19032,1922.34,CASH_OUT,2730,3,0,0,11,0,0
19033,78.32,TRANSFER,1168,3,0,0,22,0,0
19034,14.61,CASH_OUT,2852,3,0,0,10,0,1
19035,269.21,PAYMENT,153,3,0,0,21,0,1
19036,178.8,DEBIT,1932,3,0,1,11,0,0
19037,428.82,PAYMENT,1656,2,1,0,7,0,0
19038,197.33,PAYMENT,1614,1,0,0,18,0,0
19039,157.37,DEBIT,302,7,0,0,13,0,0
19040,458.93,CASH_IN,694,3,0,0,18,0,0
19041,527.83,CASH_OUT,1435,2,1,0,9,2,1
19042,37.09,PAYMENT,2068,4,0,0,2,0,0
19043,65.59,CASH_IN,1274,4,0,0,10,0,0
19044,133.54,CASH_OUT,1826,1,0,1,13,0,0
19045,163.77,CASH_OUT,228,0,1,1,16,2,0
19046,118.39,DEBIT,2160,5,0,0,4,0,0
19047,229.11,PAYMENT,1556,4,0,0,16,2,0
19048,401.86,TRANSFER,1360,4,0,0,13,0,0
19049,831.07,CASH_OUT,407,9,0,0,10,0,0
19050,264.78,TRANSFER,1691,4,0,0,13,0,0
19051,63.29,PAYMENT,1012,3,0,0,22,0,0
19052,128.08,PAYMENT,376,3,0,0,14,0,0
19053,137.64,CASH_OUT,2108,2,0,1,23,0,1
19054,248.3,PAYMENT,1413,3,0,0,17,1,0
19055,218.8,PAYMENT,2629,5,0,0,15,0,0
19056,1153.32,PAYMENT,1374,4,0,0,0,0,1
19057,93.55,PAYMENT,2353,3,0,0,15,0,0
19058,218.06,PAYMENT,774,3,0,0,1,1,0
19059,1563.55,PAYMENT,2495,3,0,0,14,0,0
19060,82.66,CASH_IN,862,5,0,0,7,0,0
19061,171.6,PAYMENT,1853,2,0,0,23,0,0
19062,57.69,CASH_OUT,1203,2,0,0,15,1,0
19063,161.11,CASH_OUT,762,2,0,0,21,0,0
19064,68.02,TRANSFER,458,5,0,0,22,1,1
19065,422.76,PAYMENT,2328,5,0,0,8,0,1
19066,171.97,CASH_IN,2088,3,0,0,17,0,0
19067,58.24,TRANSFER,2494,2,0,0,9,0,0
19068,343.97,PAYMENT,2627,2,0,0,5,0,0
19069,177.62,TRANSFER,606,4,0,0,3,1,0
19070,384.84,PAYMENT,579,3,0,0,4,0,0
19071,47.1,PAYMENT,796,2,0,0,14,0,0
19072,214.61,TRANSFER,486,0,1,0,9,1,1
19073,321.61,PAYMENT,1322,5,0,0,16,0,0
19074,97.19,CASH_OUT,973,2,1,0,23,2,0
19075,42.14,DEBIT,2321,3,0,0,6,0,0
19076,142.36,PAYMENT,309,1,0,0,19,0,0
19077,506.8,PAYMENT,833,2,1,0,17,0,1
19078,457.57,CASH_OUT,1162,3,0,0,19,0,0
19079,96.7,TRANSFER,2526,1,1,0,11,0,0
19080,41.14,TRANSFER,128,3,0,0,5,0,0
19081,96.43,CASH_IN,1608,3,0,0,8,1,0
19082,92.9,CASH_IN,881,4,0,0,9,0,0
19083,231.93,TRANSFER,1157,2,1,0,2,1,1
19084,133.62,PAYMENT,656,2,0,0,2,0,0
19085,69.88,TRANSFER,75,3,0,0,8,0,0
19086,447.76,TRANSFER,603,4,0,0,12,1,0
19087,170.79,TRANSFER,655,3,0,0,2,0,0
19088,229.39,PAYMENT,1251,5,0,0,11,2,0
19089,26.44,TRANSFER,2841,2,0,0,13,1,0
19090,13.14,TRANSFER,2182,5,0,1,17,0,0
19091,35.25,PAYMENT,58,1,1,0,6,0,0
19092,91.79,DEBIT,198,2,0,0,11,0,0
19093,264.11,CASH_IN,1580,3,0,0,12,1,0
19094,14.26,CASH_OUT,663,4,0,0,19,0,1
19095,729.86,TRANSFER,898,1,1,0,21,0,0
19096,176.01,PAYMENT,917,3,0,0,19,0,0
19097,578.42,CASH_OUT,2534,4,1,0,0,0,0
19098,61.19,CASH_OUT,2520,3,0,0,11,0,1
19099,245.64,CASH_OUT,1390,2,0,0,12,0,0
19100,161.61,PAYMENT,825,1,0,0,14,0,0
19101,336.19,CASH_OUT,2476,4,0,0,0,0,0
19102,117.47,DEBIT,2263,1,0,0,7,1,0
19103,238.22,PAYMENT,2375,3,0,0,5,0,0
19104,446.84,PAYMENT,2918,1,1,0,13,0,0
19105,77.39,TRANSFER,2608,0,0,0,10,1,0
19106,189.09,CASH_OUT,1508,3,1,0,5,0,0
19107,22.47,PAYMENT,2043,6,1,1,23,0,0
19108,299.62,CASH_IN,2719,3,0,0,18,0,0
19109,1048.02,PAYMENT,687,4,0,0,17,0,0
19110,42.76,CASH_IN,274,3,1,0,6,1,1
19111,135.45,PAYMENT,1047,6,0,0,18,0,0
19112,357.98,PAYMENT,165,2,0,0,16,0,0
19113,153.15,CASH_IN,1777,6,1,0,16,0,0
19114,175.05,CASH_IN,1190,3,0,0,2,1,0
19115,100.38,DEBIT,234,5,0,0,14,1,0
19116,96.72,PAYMENT,913,2,0,0,0,0,0
19117,136.09,TRANSFER,1913,1,0,0,1,0,1
19118,154.73,PAYMENT,585,3,1,0,17,0,0
19119,45.54,PAYMENT,2137,4,0,0,14,0,0
19120,138.93,PAYMENT,2326,3,1,0,3,0,1
19121,712.32,PAYMENT,1468,4,0,1,2,1,1
19122,97.6,CASH_IN,914,1,0,0,22,0,0
19123,43.07,PAYMENT,2715,1,0,0,0,0,0
19124,127.56,CASH_OUT,1012,5,0,0,3,0,0
19125,72.63,CASH_OUT,2474,2,0,0,21,2,1
19126,38.93,PAYMENT,2122,2,0,0,0,0,0
19127,170.57,DEBIT,2079,5,0,0,2,0,1
19128,72.95,PAYMENT,1215,6,1,0,7,0,1
19129,79.46,DEBIT,1250,4,0,0,21,0,0
19130,173.02,DEBIT,735,2,0,0,20,1,0
19131,32.03,DEBIT,2636,3,0,0,23,0,0
19132,26.01,CASH_OUT,2303,0,1,1,21,0,0
19133,290.29,PAYMENT,1055,8,0,0,22,0,0
19134,21.52,PAYMENT,2021,2,1,0,21,0,0
19135,55.89,TRANSFER,1346,5,0,0,5,0,0
19136,24.54,PAYMENT,148,4,0,1,8,0,1
19137,91.27,CASH_IN,627,2,1,0,16,0,0
19138,227.71,CASH_OUT,1884,1,0,0,15,0,0
19139,166.06,PAYMENT,2645,1,0,0,10,1,0
19140,1622.74,PAYMENT,2652,2,0,0,21,0,0
19141,440.06,PAYMENT,37,3,0,0,15,0,1
19142,58.49,TRANSFER,1938,7,0,0,11,1,0
19143,44.83,PAYMENT,2312,2,0,0,12,0,0
19144,2223.17,CASH_OUT,456,3,1,0,4,0,1
19145,429.48,CASH_OUT,2679,1,0,0,1,0,1
19146,267.57,PAYMENT,1669,4,0,1,2,0,0
19147,159.95,TRANSFER,2356,1,0,0,23,0,0
19148,195.1,CASH_OUT,2989,3,0,0,16,3,1
19149,33.71,TRANSFER,2930,1,0,0,16,1,0
19150,173.65,DEBIT,1815,3,0,0,1,1,0
19151,159.37,PAYMENT,669,3,0,1,2,0,0
19152,60.09,TRANSFER,2437,1,0,0,0,0,0
19153,86.62,CASH_IN,1233,3,0,0,11,0,0
19154,675.31,PAYMENT,634,6,1,0,14,0,0
19155,130.95,TRANSFER,2289,0,0,0,14,1,0
19156,1177.53,CASH_OUT,2793,4,0,0,12,0,0
19157,26.03,CASH_OUT,2626,5,0,0,5,0,0
19158,88.05,PAYMENT,2295,0,0,0,15,0,0
19159,31.59,TRANSFER,175,4,0,0,13,0,0
19160,44.28,PAYMENT,2718,5,0,0,3,1,0
19161,64.83,CASH_OUT,1706,5,0,0,5,1,0
19162,203.43,TRANSFER,1086,3,0,0,19,0,0
19163,193.8,CASH_OUT,2488,1,0,0,17,1,1
19164,75.24,CASH_OUT,1487,3,0,0,16,0,0
19165,15.99,PAYMENT,1424,4,0,0,17,1,0
19166,650.47,PAYMENT,1637,3,0,1,16,0,1
19167,111.52,PAYMENT,1753,3,1,0,13,0,0
19168,48.6,PAYMENT,1103,4,0,1,0,0,0
19169,195.38,CASH_OUT,2399,1,1,0,12,0,0
19170,182.08,CASH_OUT,1552,4,0,0,18,1,0
19171,107.48,PAYMENT,565,3,0,0,6,0,0
19172,172.18,CASH_IN,2146,4,0,0,22,0,0
19173,46.76,TRANSFER,2993,3,0,0,23,1,0
19174,317.32,PAYMENT,790,4,0,0,16,1,0
19175,54.77,PAYMENT,1152,3,1,0,10,0,1
19176,81.0,TRANSFER,2787,7,1,0,23,0,1
19177,283.95,PAYMENT,2904,2,0,0,4,0,0
19178,494.7,CASH_IN,237,2,0,0,2,0,0
19179,724.71,TRANSFER,844,2,0,0,22,0,0
19180,426.58,DEBIT,927,0,0,0,6,0,0
19181,107.33,PAYMENT,2027,1,0,0,0,1,1
19182,31.78,CASH_OUT,1425,7,0,0,3,0,0
19183,604.9,CASH_IN,55,3,0,0,16,0,0
19184,584.46,PAYMENT,536,4,1,0,12,0,0
19185,75.79,PAYMENT,2225,4,0,0,23,2,0
19186,372.85,TRANSFER,890,7,1,0,3,0,0
19187,106.47,DEBIT,407,8,0,0,21,1,0
19188,665.99,CASH_OUT,94,2,0,0,10,0,0
19189,88.69,CASH_OUT,2806,1,0,0,20,0,0
19190,1073.47,CASH_OUT,2880,3,0,0,2,1,1
19191,325.75,PAYMENT,2706,0,0,0,15,1,0
19192,895.65,TRANSFER,626,1,0,0,12,0,0
19193,93.34,PAYMENT,2049,2,0,0,8,0,0
19194,222.52,PAYMENT,2356,7,0,1,11,2,1
19195,56.3,CASH_IN,395,4,0,0,1,0,0
19196,345.15,CASH_OUT,1841,3,0,0,8,0,0
19197,364.69,DEBIT,1911,4,1,0,7,0,0
19198,1631.12,PAYMENT,528,2,1,0,2,0,1
19199,240.34,PAYMENT,198,4,1,0,15,0,0
19200,306.16,CASH_IN,2539,4,0,0,5,0,0
19201,92.68,PAYMENT,2497,0,0,0,2,1,0
19202,255.03,PAYMENT,1953,2,0,0,4,0,0
19203,101.51,TRANSFER,905,4,0,0,20,0,0
19204,166.64,PAYMENT,69,2,0,0,6,0,0
19205,176.71,DEBIT,2440,3,0,0,12,0,0
19206,104.34,TRANSFER,2161,0,1,1,6,0,0
19207,158.06,CASH_IN,2421,2,0,0,20,0,0
19208,101.97,CASH_IN,538,5,0,0,0,0,0
19209,101.52,PAYMENT,2918,1,0,0,6,1,0
19210,435.57,CASH_OUT,2415,6,1,0,13,0,0
19211,176.87,PAYMENT,1051,3,0,0,6,1,0
19212,209.99,PAYMENT,903,2,1,0,15,0,0
19213,34.56,CASH_IN,2059,0,0,0,5,0,0
19214,226.66,PAYMENT,2939,6,0,0,1,0,0
19215,252.25,PAYMENT,1757,3,0,1,0,1,1
19216,99.65,PAYMENT,1850,4,0,0,4,2,1
19217,1193.96,PAYMENT,211,5,0,0,6,0,0
19218,15.04,TRANSFER,36,3,1,0,1,0,0
19219,325.18,TRANSFER,694,1,0,0,2,0,0
19220,302.72,TRANSFER,437,1,0,0,9,0,0
19221,255.08,DEBIT,1352,4,0,0,14,2,0
19222,177.01,PAYMENT,2339,2,0,0,14,0,0
19223,257.41,PAYMENT,1452,4,0,0,21,0,0
19224,353.6,PAYMENT,1644,2,0,0,23,0,0
19225,71.82,CASH_OUT,1605,1,0,0,21,0,0
19226,200.18,TRANSFER,2552,0,0,0,4,1,0
19227,123.55,DEBIT,2354,5,0,0,15,0,0
19228,49.71,CASH_OUT,855,2,0,0,0,0,0
19229,304.04,PAYMENT,1674,1,1,1,11,0,0
19230,84.41,PAYMENT,125,3,1,0,3,1,1
19231,33.19,TRANSFER,2825,6,0,0,15,0,1
19232,86.56,CASH_OUT,2470,2,0,0,2,0,1
19233,66.76,PAYMENT,2062,4,0,0,0,0,0
19234,415.08,CASH_OUT,428,3,1,0,1,0,0
19235,172.98,CASH_IN,1291,5,0,0,0,0,0
19236,591.34,CASH_OUT,1957,3,0,0,7,0,0
19237,76.21,CASH_OUT,758,4,0,0,12,0,0
19238,355.73,CASH_OUT,1024,2,0,0,8,0,0
19239,2539.25,PAYMENT,1686,0,0,0,17,1,1
19240,211.88,PAYMENT,837,4,0,0,3,0,0
19241,351.3,PAYMENT,1403,3,0,0,9,0,0
19242,296.94,PAYMENT,1404,5,0,0,18,0,0
19243,35.8,DEBIT,796,2,0,0,22,0,0
19244,266.62,PAYMENT,1064,2,0,1,20,0,0
19245,201.63,CASH_OUT,1117,2,0,0,6,0,0
19246,114.46,CASH_OUT,1175,4,0,0,6,0,0
19247,61.31,CASH_OUT,2264,5,0,0,1,0,0
19248,297.07,TRANSFER,2469,2,0,0,7,0,0
19249,56.13,TRANSFER,2277,2,1,0,21,0,1
19250,1253.44,TRANSFER,2132,0,0,0,8,0,0
19251,166.36,DEBIT,411,5,0,0,23,0,0
19252,43.67,PAYMENT,324,1,0,0,22,0,0
19253,88.77,PAYMENT,2000,4,1,0,3,0,0
19254,112.38,TRANSFER,84,3,0,0,12,0,1
19255,1656.36,PAYMENT,1897,2,0,0,22,0,0
19256,61.28,TRANSFER,672,2,0,0,12,0,0
19257,132.13,DEBIT,1480,4,0,0,19,0,0
19258,86.68,CASH_OUT,109,5,0,0,11,0,1
19259,244.51,CASH_IN,669,0,0,0,8,0,0
19260,88.07,PAYMENT,1542,4,0,0,5,0,0
19261,47.51,PAYMENT,1304,4,0,0,20,0,0
19262,122.08,CASH_OUT,2373,3,0,0,5,1,0
19263,110.01,CASH_IN,768,0,1,0,5,0,0
19264,82.09,TRANSFER,202,5,0,0,3,0,0
19265,86.59,CASH_IN,928,1,0,0,17,1,0
19266,485.27,DEBIT,565,4,0,0,22,0,0
19267,107.8,TRANSFER,1542,5,0,0,22,1,0
19268,47.74,PAYMENT,1850,3,0,0,6,0,0
19269,93.49,TRANSFER,2845,5,0,0,12,0,0
19270,156.7,DEBIT,2516,3,0,0,10,0,0
19271,39.01,PAYMENT,1342,4,0,0,16,0,0
19272,754.44,CASH_OUT,2051,1,0,0,17,0,0
19273,353.39,CASH_OUT,1133,1,1,0,7,1,1
19274,620.28,PAYMENT,126,2,0,0,17,0,0
19275,219.67,TRANSFER,743,4,0,0,1,0,0
19276,18.29,PAYMENT,59,2,0,0,6,0,0
19277,689.06,CASH_IN,1023,4,0,0,10,0,0
19278,62.58,CASH_OUT,1626,3,0,0,10,0,0
19279,67.88,CASH_IN,1497,4,0,0,10,0,0
19280,173.53,PAYMENT,1728,3,0,0,3,0,0
19281,588.88,PAYMENT,1316,2,0,0,14,0,0
19282,425.51,CASH_IN,1443,1,0,0,10,1,0
19283,367.34,PAYMENT,2732,5,0,0,21,0,1
19284,108.65,PAYMENT,893,0,0,0,19,0,0
19285,106.95,PAYMENT,1119,0,0,0,23,2,0
19286,209.76,TRANSFER,2813,1,1,0,21,1,0
19287,130.31,PAYMENT,882,0,0,0,11,1,0
19288,361.16,TRANSFER,1838,6,0,0,15,0,0
19289,340.4,CASH_OUT,2608,5,0,0,7,1,0
19290,268.09,TRANSFER,1087,2,0,1,2,0,1
19291,11.87,DEBIT,2317,2,0,0,23,0,1
19292,168.68,PAYMENT,625,3,0,0,4,0,0
19293,133.11,TRANSFER,1970,0,0,0,7,0,0
19294,175.57,PAYMENT,2765,5,0,0,13,2,0
19295,69.8,CASH_IN,2391,3,0,0,21,0,0
19296,39.46,DEBIT,2923,3,0,1,19,0,1
19297,235.84,PAYMENT,1848,5,0,0,21,0,0
19298,103.93,PAYMENT,1508,1,0,0,17,0,1
19299,263.67,PAYMENT,1031,9,0,0,5,0,0
19300,75.87,CASH_IN,186,5,0,0,3,0,1
19301,611.5,CASH_OUT,2982,2,0,0,0,0,1
19302,403.86,CASH_IN,1260,4,0,0,2,0,0
19303,199.7,PAYMENT,2249,4,0,0,17,1,0
19304,119.91,TRANSFER,1219,9,0,0,0,0,1
19305,348.07,CASH_OUT,1836,4,0,0,23,1,0
19306,219.76,CASH_IN,1979,3,0,0,21,0,0
19307,188.4,PAYMENT,534,2,0,0,13,0,0
19308,421.1,PAYMENT,573,2,0,0,2,0,0
19309,618.03,DEBIT,1605,2,0,0,18,0,0
19310,42.42,PAYMENT,1129,4,0,0,6,2,1
19311,51.92,TRANSFER,1265,3,0,1,16,0,1
19312,68.02,TRANSFER,2680,4,0,0,0,0,0
19313,33.04,PAYMENT,1823,5,0,0,14,0,0
19314,139.39,PAYMENT,1798,1,0,0,0,0,0
19315,270.46,CASH_OUT,1075,1,0,0,14,0,0
19316,145.27,PAYMENT,2231,5,0,0,18,0,1
19317,87.0,PAYMENT,2501,3,1,0,15,0,0
19318,457.81,CASH_OUT,677,1,0,0,12,0,0
19319,170.81,DEBIT,321,4,0,0,12,0,0
19320,209.14,CASH_OUT,1463,0,0,0,19,1,0
19321,470.71,CASH_IN,642,0,0,0,23,0,0
19322,131.2,DEBIT,2670,5,1,0,9,0,0
19323,1164.69,CASH_IN,2724,3,0,0,17,0,0
19324,94.84,DEBIT,1565,3,0,0,16,0,0
19325,1094.39,CASH_OUT,2462,1,0,0,20,0,0
19326,56.0,CASH_OUT,760,6,1,0,21,0,1
19327,249.01,CASH_OUT,2311,1,0,0,22,0,0
19328,78.06,DEBIT,247,4,0,0,6,0,0
19329,454.67,CASH_OUT,1469,2,0,0,0,0,0
19330,92.0,CASH_OUT,1515,9,0,0,18,0,0
19331,198.52,PAYMENT,1800,5,0,0,23,1,1
19332,77.44,DEBIT,1624,3,0,0,13,1,0
19333,378.88,TRANSFER,1630,3,0,0,21,0,0
19334,77.03,PAYMENT,275,4,0,0,12,1,1
19335,799.04,CASH_OUT,2226,4,0,0,7,0,1
19336,54.82,PAYMENT,923,3,0,0,20,0,0
19337,38.64,PAYMENT,433,3,0,0,6,1,0
19338,384.35,PAYMENT,532,4,0,0,1,0,0
19339,82.13,PAYMENT,2046,3,0,0,19,0,0
19340,147.34,PAYMENT,413,4,1,0,10,1,0
19341,107.53,TRANSFER,2110,1,1,0,2,0,1
19342,39.94,CASH_IN,431,2,0,0,9,0,0
19343,137.42,TRANSFER,1478,8,0,0,10,0,0
19344,525.8,CASH_OUT,2734,2,0,0,6,0,0
19345,404.7,CASH_IN,298,4,0,0,9,0,0
19346,187.13,PAYMENT,1806,4,0,0,4,0,0
19347,451.36,CASH_OUT,2376,3,0,0,12,0,0
19348,51.44,PAYMENT,142,5,1,0,21,0,0
19349,107.18,CASH_OUT,1557,1,1,0,14,0,0
19350,220.48,PAYMENT,1035,1,0,0,19,0,0
19351,130.27,DEBIT,1374,4,0,0,5,0,0
19352,115.95,PAYMENT,2996,4,0,0,17,0,0
19353,44.67,TRANSFER,2751,4,0,0,20,0,0
19354,18.52,PAYMENT,394,4,0,0,3,1,1
19355,336.25,CASH_OUT,235,4,0,0,3,0,0
19356,189.28,TRANSFER,1939,3,0,1,17,0,0
19357,365.77,PAYMENT,1010,6,0,0,11,0,0
19358,95.85,PAYMENT,1288,2,0,0,18,0,0
19359,72.76,PAYMENT,136,0,0,0,11,0,0
19360,149.39,CASH_OUT,2674,2,0,0,13,1,1
19361,348.7,PAYMENT,1789,1,0,0,16,0,0
19362,117.75,CASH_OUT,69,1,0,0,13,0,0
19363,330.89,TRANSFER,2473,3,1,0,0,1,1
19364,54.25,PAYMENT,2383,7,0,0,5,0,0
19365,126.29,PAYMENT,1799,1,0,0,4,0,0
19366,138.36,CASH_IN,2120,8,0,0,8,0,0
19367,505.93,CASH_OUT,2932,0,1,0,4,0,0
19368,182.66,PAYMENT,1037,3,0,1,23,0,1
19369,850.72,CASH_OUT,2654,4,0,0,16,0,0
19370,38.56,CASH_IN,1647,5,0,0,19,0,0
19371,169.0,PAYMENT,178,2,1,1,5,0,1
19372,177.58,TRANSFER,2148,6,0,0,11,0,0
19373,275.92,PAYMENT,2398,2,0,0,1,0,1
19374,65.8,PAYMENT,1656,7,0,0,6,0,0
19375,799.87,PAYMENT,2521,1,0,0,17,1,0
19376,150.35,CASH_OUT,1951,5,0,0,23,0,0
19377,50.05,TRANSFER,2844,6,0,0,14,0,0
19378,146.05,TRANSFER,1215,4,0,0,4,0,0
19379,108.51,PAYMENT,1837,3,0,0,7,1,0
19380,2400.03,TRANSFER,1413,3,0,0,19,0,1
19381,424.09,PAYMENT,487,4,1,0,13,1,0
19382,155.97,CASH_OUT,1905,1,0,0,10,0,0
19383,132.7,PAYMENT,717,2,0,0,2,0,0
19384,384.16,CASH_IN,2050,3,0,0,12,0,0
19385,402.97,PAYMENT,822,5,1,0,6,0,0
19386,8.07,CASH_OUT,1249,1,0,0,0,0,0
19387,282.31,TRANSFER,2890,4,0,0,22,0,1
19388,152.62,CASH_OUT,121,1,0,0,13,0,0
19389,40.0,CASH_IN,2730,2,0,0,15,0,0
19390,357.89,PAYMENT,2338,2,0,0,23,0,0
19391,1402.75,CASH_OUT,2222,3,0,0,10,0,1
19392,258.99,PAYMENT,2316,2,0,0,7,2,0
19393,446.05,PAYMENT,1124,2,0,0,19,1,1
19394,901.55,DEBIT,935,5,0,0,19,1,1
19395,64.7,PAYMENT,2996,4,0,0,22,0,0
19396,23.16,PAYMENT,685,2,0,1,6,0,0
19397,286.25,PAYMENT,337,1,1,0,6,0,0
19398,115.86,TRANSFER,2744,1,0,0,17,0,0
19399,37.56,DEBIT,803,4,0,0,19,0,0
19400,137.25,PAYMENT,1156,5,0,0,21,0,0
19401,307.21,TRANSFER,309,2,0,0,14,0,1
19402,127.87,TRANSFER,2832,4,1,0,17,0,0
19403,67.57,PAYMENT,2676,5,0,0,1,0,0
19404,118.69,TRANSFER,2210,4,0,1,8,0,1
19405,145.55,TRANSFER,2788,2,0,0,11,1,0
19406,21.55,PAYMENT,2163,0,0,0,15,0,0
19407,128.67,CASH_IN,634,5,0,0,9,1,0
19408,38.69,PAYMENT,1234,1,0,0,14,0,0
19409,286.87,PAYMENT,1724,7,1,1,6,0,0
19410,31.15,DEBIT,2112,3,0,0,10,0,0
19411,408.58,CASH_OUT,1559,2,0,0,16,0,0
19412,98.58,CASH_IN,639,5,0,0,19,0,0
19413,86.23,CASH_OUT,2111,4,0,0,19,0,0
19414,199.23,TRANSFER,507,3,0,0,9,0,0
19415,62.42,CASH_OUT,1776,1,0,0,1,1,0
19416,196.12,PAYMENT,495,4,1,1,5,0,0
19417,71.37,CASH_OUT,2462,4,1,0,6,1,1
19418,85.05,TRANSFER,1362,1,1,0,7,0,1
19419,222.6,DEBIT,1179,2,0,0,8,0,1
19420,47.53,CASH_OUT,1989,1,0,0,12,0,0
19421,41.92,PAYMENT,1115,6,0,0,19,0,0
19422,190.23,TRANSFER,1401,5,0,1,0,0,1
19423,144.47,PAYMENT,2451,3,0,0,8,1,0
19424,175.69,CASH_OUT,269,3,0,0,21,1,1
19425,205.95,TRANSFER,849,5,1,1,2,2,1
19426,157.18,PAYMENT,2615,5,0,1,10,0,0
19427,272.62,DEBIT,1895,4,0,0,21,0,1
19428,163.6,DEBIT,884,1,0,0,16,2,0
19429,19.94,DEBIT,77,2,0,0,23,0,0
19430,25.84,PAYMENT,842,6,0,0,1,0,0
19431,1020.4,CASH_OUT,516,5,0,0,3,0,1
19432,148.42,DEBIT,2878,5,0,0,16,0,0
19433,383.85,TRANSFER,1643,1,0,0,17,0,0
19434,105.04,PAYMENT,1574,6,0,0,23,0,1
19435,140.05,CASH_IN,2817,4,1,0,20,0,0
19436,94.31,CASH_IN,1300,7,1,0,10,1,1
19437,1747.48,CASH_OUT,1158,3,0,0,10,0,0
19438,191.19,PAYMENT,1567,0,0,0,14,0,0
19439,86.93,PAYMENT,917,1,0,0,6,1,0
19440,28.46,CASH_OUT,1512,3,1,0,7,2,1
19441,1068.2,TRANSFER,1425,3,0,0,12,0,0
19442,126.06,CASH_OUT,1835,3,0,0,17,0,0
19443,312.38,PAYMENT,64,3,0,0,9,1,0
19444,349.32,PAYMENT,1629,2,0,0,2,0,0
19445,93.43,PAYMENT,1671,1,1,0,11,0,0
19446,290.75,PAYMENT,1297,2,0,0,16,0,0
19447,81.11,CASH_OUT,2942,4,0,1,3,0,0
19448,55.12,PAYMENT,1574,1,0,0,23,1,0
19449,475.55,CASH_OUT,2282,4,0,0,9,0,0
19450,126.7,CASH_OUT,1608,4,0,0,7,0,0
19451,249.26,PAYMENT,1831,4,1,0,4,0,0
19452,223.84,DEBIT,574,1,0,0,18,0,0
19453,280.88,CASH_OUT,1546,3,0,0,10,0,0
19454,31.3,CASH_OUT,934,3,0,0,6,0,0
19455,82.66,DEBIT,1619,2,0,0,12,2,0
19456,107.29,PAYMENT,2821,2,0,0,22,0,0
19457,64.62,TRANSFER,181,1,0,0,2,0,1
19458,227.92,PAYMENT,2245,1,0,0,5,0,0
19459,486.33,TRANSFER,2904,4,0,0,18,1,0
19460,569.74,TRANSFER,1365,5,0,0,14,0,0
19461,105.72,CASH_OUT,1629,1,0,0,21,0,0
19462,198.73,PAYMENT,89,4,0,0,23,0,0
19463,231.75,PAYMENT,2356,3,1,0,16,2,1
19464,276.24,TRANSFER,346,3,0,0,10,1,0
19465,61.67,PAYMENT,2120,3,0,0,23,0,0
19466,916.52,CASH_OUT,2999,3,0,0,2,0,1
19467,374.85,CASH_OUT,2037,0,1,0,11,1,0
19468,384.77,PAYMENT,1914,5,0,0,5,0,0
19469,494.46,PAYMENT,1165,5,0,0,7,0,0
19470,253.19,PAYMENT,2013,2,0,1,23,0,0
19471,53.13,CASH_OUT,2997,1,0,1,23,0,1
19472,129.16,DEBIT,1940,3,0,0,18,0,0
19473,28.47,PAYMENT,2584,5,0,0,12,0,0
19474,224.77,CASH_IN,1895,2,0,1,6,0,1
19475,125.31,CASH_IN,1760,4,0,0,8,1,1
19476,142.52,PAYMENT,2550,3,0,0,7,0,0
19477,494.72,DEBIT,1746,3,0,0,20,0,0
19478,93.97,TRANSFER,2437,3,0,0,7,0,0
19479,115.34,DEBIT,1464,1,0,0,7,1,0
19480,151.71,TRANSFER,1310,2,0,0,16,0,0
19481,23.57,PAYMENT,2637,0,0,0,20,0,0
19482,113.74,DEBIT,1517,4,0,0,15,1,0
19483,12.36,PAYMENT,768,3,0,0,15,1,0
19484,82.64,CASH_IN,748,3,0,0,1,0,0
19485,349.04,PAYMENT,255,1,0,1,16,0,0
19486,232.12,CASH_OUT,2770,2,0,1,6,0,0
19487,81.87,TRANSFER,1576,5,0,1,14,0,0
19488,154.59,DEBIT,2470,5,1,0,1,0,0
19489,50.65,PAYMENT,858,1,0,0,13,0,0
19490,148.07,TRANSFER,117,3,0,0,8,1,1
19491,2780.32,CASH_OUT,1154,3,0,0,17,0,0
19492,939.93,DEBIT,2176,3,0,0,16,0,0
19493,156.43,PAYMENT,1669,7,0,0,1,0,0
19494,174.19,PAYMENT,2563,2,0,0,19,0,0
19495,55.73,TRANSFER,2505,3,0,0,20,0,0
19496,66.57,PAYMENT,345,2,1,0,22,0,1
19497,213.19,CASH_IN,506,4,0,0,4,2,0
19498,87.8,PAYMENT,2644,2,0,0,8,0,0
19499,366.56,CASH_OUT,2204,5,0,0,8,1,1
19500,713.15,TRANSFER,580,5,0,0,0,0,0
19501,206.98,PAYMENT,2502,3,0,0,0,2,1
19502,164.31,TRANSFER,2974,1,0,0,11,0,0
19503,27.64,CASH_IN,416,3,0,0,16,0,0
19504,313.44,TRANSFER,994,2,0,1,17,0,0
19505,47.29,PAYMENT,2216,5,0,0,3,0,1
19506,97.71,PAYMENT,161,3,0,1,8,3,1
19507,387.45,CASH_OUT,2238,3,0,0,21,1,0
19508,415.61,PAYMENT,446,4,0,0,13,1,1
19509,93.08,DEBIT,586,5,0,1,3,1,0
19510,98.6,CASH_OUT,2242,5,1,1,12,0,0
19511,73.75,TRANSFER,2929,2,0,0,20,0,0
19512,44.8,TRANSFER,2303,2,0,0,17,0,0
19513,78.67,TRANSFER,1367,2,0,0,2,2,1
19514,29.57,DEBIT,1360,3,1,1,23,2,1
19515,293.85,TRANSFER,2813,3,0,0,21,0,0
19516,220.2,PAYMENT,1473,2,0,0,10,0,1
19517,259.96,TRANSFER,207,5,1,0,8,0,0
19518,57.15,CASH_OUT,2408,1,1,0,5,0,1
19519,44.92,CASH_OUT,2765,3,1,0,22,0,0
19520,156.57,DEBIT,980,3,0,0,5,0,0
19521,158.24,TRANSFER,2965,2,0,1,3,0,0
19522,128.09,PAYMENT,2528,2,0,0,2,0,0
19523,111.11,TRANSFER,1971,3,0,0,7,0,1
19524,821.21,DEBIT,1789,3,0,1,5,0,0
19525,227.24,DEBIT,649,3,0,0,15,2,0
19526,1064.94,DEBIT,1137,3,0,0,13,0,0
19527,527.93,PAYMENT,921,1,0,0,8,0,0
19528,815.07,TRANSFER,1311,0,0,0,19,0,0
19529,50.68,PAYMENT,1701,2,0,0,21,0,1
19530,268.59,PAYMENT,2191,7,0,0,20,1,0
19531,96.37,PAYMENT,2886,3,0,0,16,0,0
19532,28.12,PAYMENT,2717,4,0,0,20,0,0
19533,662.49,PAYMENT,2728,4,0,0,0,0,0
19534,110.64,PAYMENT,951,4,0,0,2,1,1
19535,51.67,PAYMENT,576,2,0,0,7,0,0
19536,98.05,PAYMENT,1964,3,0,1,8,0,0
19537,66.94,CASH_OUT,647,8,1,0,0,0,1
19538,74.17,PAYMENT,2859,2,0,0,12,0,1
19539,118.91,CASH_OUT,2498,0,0,0,7,0,0
19540,837.83,PAYMENT,1839,4,1,0,9,0,0
19541,76.22,CASH_IN,1001,1,1,0,3,0,0
19542,779.98,PAYMENT,2016,0,0,0,23,1,0
19543,346.83,PAYMENT,1669,2,1,0,14,0,0
19544,220.58,CASH_OUT,203,1,0,0,16,0,0
19545,313.6,DEBIT,609,3,0,0,23,0,0
19546,150.45,PAYMENT,1622,2,0,0,15,1,0
19547,537.03,PAYMENT,2629,2,0,0,17,0,0
19548,261.64,DEBIT,503,1,0,1,19,0,0
19549,28.09,PAYMENT,1266,6,0,0,10,0,0
19550,199.59,PAYMENT,2250,3,0,0,14,0,0
19551,325.05,DEBIT,1453,6,0,0,21,1,0
19552,111.16,CASH_IN,2701,1,0,1,11,1,0
19553,168.39,PAYMENT,2356,2,0,0,3,0,1
19554,80.41,DEBIT,245,1,0,1,0,0,0
19555,37.43,TRANSFER,2073,2,0,0,15,1,1
19556,31.49,PAYMENT,539,3,1,0,21,0,0
19557,31.91,CASH_OUT,624,4,0,1,10,0,0
19558,289.76,TRANSFER,2181,4,0,0,9,0,0
19559,12.3,TRANSFER,798,5,1,0,20,0,1
19560,76.21,DEBIT,1130,1,0,1,17,1,0
19561,69.02,PAYMENT,458,4,1,0,4,0,0
19562,111.93,CASH_OUT,2388,5,0,0,9,0,0
19563,23.19,TRANSFER,1142,1,0,0,14,0,0
19564,222.27,PAYMENT,2727,4,0,0,17,2,0
19565,41.55,CASH_OUT,791,3,0,0,22,0,0
19566,460.54,CASH_OUT,2440,1,0,0,20,0,0
19567,79.7,CASH_IN,2107,1,0,0,11,0,0
19568,134.88,CASH_IN,1789,2,1,0,17,1,1
19569,148.97,TRANSFER,1211,2,0,0,2,0,0
19570,189.47,PAYMENT,546,3,0,0,22,0,0
19571,154.01,TRANSFER,2570,7,0,0,21,0,0
19572,96.82,PAYMENT,2348,2,0,0,11,0,0
19573,209.15,PAYMENT,77,1,0,1,20,1,1
19574,236.55,TRANSFER,1406,3,0,1,21,0,0
19575,69.05,CASH_OUT,1769,3,0,0,23,0,0
19576,227.32,TRANSFER,2358,6,0,1,16,2,1
19577,488.69,DEBIT,1553,1,0,0,17,0,0
19578,300.63,PAYMENT,304,2,0,0,13,1,0
19579,377.05,PAYMENT,1112,3,0,0,6,0,0
19580,176.25,CASH_OUT,2258,1,0,0,4,1,1
19581,58.2,CASH_OUT,500,3,0,0,22,0,1
19582,66.05,PAYMENT,708,5,0,0,3,0,0
19583,204.36,PAYMENT,924,3,0,0,3,0,0
19584,380.99,PAYMENT,1477,3,1,0,8,0,0
19585,2406.46,CASH_IN,2007,4,1,0,23,0,1
19586,396.16,CASH_IN,129,5,0,0,12,0,0
19587,46.04,PAYMENT,2539,4,0,0,4,1,0
19588,68.9,PAYMENT,2096,7,0,0,16,0,0
19589,1448.84,PAYMENT,565,5,1,1,17,0,1
19590,119.77,PAYMENT,2167,4,0,0,9,0,0
19591,155.64,PAYMENT,2567,3,0,0,11,1,0
19592,56.8,PAYMENT,1712,3,0,0,14,1,0
19593,709.89,TRANSFER,1368,5,0,0,10,0,0
19594,244.77,PAYMENT,1370,2,0,0,23,1,1
19595,68.4,TRANSFER,61,2,0,0,6,0,0
19596,54.94,PAYMENT,2951,6,0,0,14,0,0
19597,201.79,CASH_IN,1610,3,0,0,0,0,0
19598,155.12,DEBIT,2496,4,0,0,13,0,0
19599,341.08,TRANSFER,773,1,0,0,9,0,0
19600,256.46,PAYMENT,1031,4,0,0,1,1,1
19601,113.92,PAYMENT,766,2,0,1,21,0,0
19602,86.16,PAYMENT,1866,4,0,0,5,0,0
19603,126.48,PAYMENT,702,7,1,0,18,0,0
19604,85.57,CASH_OUT,1046,4,0,0,23,0,0
19605,130.3,TRANSFER,1985,6,0,0,13,0,0
19606,150.87,PAYMENT,610,4,0,0,18,1,0
19607,60.47,CASH_OUT,237,1,1,0,16,1,0
19608,278.85,PAYMENT,1252,8,0,0,0,0,0
19609,102.47,PAYMENT,1614,4,0,1,18,1,0
19610,63.95,CASH_OUT,55,4,1,0,23,0,1
19611,104.42,PAYMENT,1544,2,0,0,7,0,0
19612,189.1,CASH_OUT,540,4,0,0,19,0,0
19613,161.26,DEBIT,2246,3,0,0,3,0,0
19614,226.36,CASH_IN,1392,3,0,0,9,0,1
19615,364.43,PAYMENT,2050,2,0,0,8,0,0
19616,547.27,TRANSFER,2467,0,0,0,21,0,0
19617,197.45,TRANSFER,240,2,1,0,17,0,0
19618,50.94,DEBIT,884,4,0,1,12,0,0
19619,113.4,DEBIT,863,2,0,0,7,0,0
19620,54.36,PAYMENT,346,3,1,0,0,0,1
19621,809.85,DEBIT,2912,1,0,0,23,1,0
19622,1082.9,PAYMENT,351,3,0,0,0,1,0
19623,284.38,PAYMENT,253,3,0,0,9,0,0
19624,350.18,PAYMENT,2696,2,0,0,3,0,0
19625,190.75,PAYMENT,1115,2,0,0,9,1,0
19626,214.02,CASH_IN,1066,3,1,0,6,0,0
19627,30.04,PAYMENT,894,3,0,0,22,0,0
19628,137.84,CASH_IN,618,3,0,0,10,0,0
19629,61.49,DEBIT,2172,4,0,0,1,0,0
19630,196.64,CASH_IN,707,1,0,0,20,0,0
19631,139.82,PAYMENT,1879,3,0,0,19,1,0
19632,1039.84,CASH_OUT,699,0,0,0,1,0,1
19633,371.16,TRANSFER,2608,1,0,0,12,1,1
19634,197.26,CASH_OUT,1339,1,0,1,17,0,0
19635,113.64,PAYMENT,1620,1,1,0,20,0,0
19636,793.16,CASH_OUT,195,1,0,0,15,0,1
19637,144.03,CASH_OUT,2971,5,1,0,18,0,0
19638,206.78,CASH_OUT,2520,2,0,1,21,1,0
19639,154.82,DEBIT,2626,2,0,0,17,0,0
19640,99.07,PAYMENT,1876,5,0,0,0,0,0
19641,153.93,PAYMENT,1425,3,1,0,3,0,0
19642,20.86,TRANSFER,2527,2,0,0,10,1,0
19643,31.57,PAYMENT,866,5,0,0,22,0,0
19644,210.53,PAYMENT,1095,3,0,0,15,1,0
19645,712.09,PAYMENT,1308,2,0,0,9,0,0
19646,210.23,CASH_IN,94,6,0,0,1,0,0
19647,72.21,DEBIT,2550,1,0,0,12,1,0
19648,35.06,PAYMENT,365,3,1,0,13,0,0
19649,325.23,PAYMENT,635,2,0,0,15,0,0
19650,84.17,PAYMENT,1063,3,0,0,2,0,0
19651,282.37,TRANSFER,1989,4,0,0,18,0,0
19652,219.17,CASH_OUT,1745,6,0,0,0,0,0
19653,239.44,PAYMENT,821,3,0,0,6,0,0
19654,153.48,CASH_OUT,50,1,0,1,21,0,0
19655,217.81,PAYMENT,2257,4,1,0,13,0,1
19656,131.7,DEBIT,2436,1,0,1,19,0,0
19657,78.63,CASH_IN,162,2,0,0,12,0,0
19658,56.63,DEBIT,705,6,0,0,2,1,0
19659,13.67,PAYMENT,656,5,0,0,22,4,0
19660,123.83,TRANSFER,1031,1,0,0,21,1,0
19661,678.16,PAYMENT,819,5,0,1,15,0,0
19662,307.99,CASH_OUT,1445,3,0,0,9,0,0
19663,186.37,PAYMENT,1020,4,1,0,3,0,0
19664,71.24,CASH_OUT,2641,2,0,0,14,0,0
19665,402.36,CASH_OUT,2161,5,0,0,5,0,0
19666,131.72,TRANSFER,825,3,0,1,19,0,1
19667,716.9,CASH_IN,1340,4,0,0,9,0,0
19668,55.64,TRANSFER,181,4,0,0,20,1,0
19669,70.11,PAYMENT,2378,1,0,0,11,0,0
19670,63.61,CASH_OUT,2468,7,0,0,17,0,0
19671,33.71,DEBIT,2207,1,1,0,14,1,1
19672,58.15,CASH_OUT,1510,2,0,0,13,0,0
19673,164.55,CASH_OUT,1628,6,0,0,12,1,0
19674,72.81,DEBIT,2630,4,0,1,12,0,0
19675,3.14,TRANSFER,2062,2,0,1,18,0,0
19676,434.53,DEBIT,1743,1,0,0,23,0,0
19677,27.55,PAYMENT,359,3,0,0,19,0,0
19678,267.53,TRANSFER,1726,3,0,0,8,0,0
19679,153.12,PAYMENT,2120,4,0,0,22,0,0
19680,1233.21,TRANSFER,1520,5,0,0,21,2,1
19681,402.2,PAYMENT,1104,3,0,1,5,0,0
19682,89.6,PAYMENT,706,2,1,0,14,0,0
19683,73.55,PAYMENT,1628,1,1,0,7,1,0
19684,666.96,PAYMENT,1302,1,0,0,14,0,0
19685,33.92,PAYMENT,1380,3,0,0,22,0,0
19686,179.63,CASH_IN,1160,3,0,0,12,1,1
19687,130.17,PAYMENT,206,3,0,0,8,1,0
19688,105.3,TRANSFER,158,2,0,0,5,1,1
19689,211.35,PAYMENT,1147,4,0,0,16,0,0
19690,179.39,PAYMENT,1487,3,0,1,20,1,1
19691,234.49,CASH_IN,125,5,0,0,13,0,0
19692,170.54,CASH_IN,718,1,0,0,5,0,0
19693,225.36,CASH_IN,1008,2,0,0,20,0,0
19694,162.94,TRANSFER,1612,3,1,0,21,0,0
19695,76.75,PAYMENT,1831,5,0,1,21,0,0
19696,149.01,PAYMENT,1353,3,0,0,3,0,0
19697,72.65,CASH_OUT,1805,5,0,0,10,0,1
19698,68.01,CASH_IN,841,1,1,0,6,0,0
19699,106.04,DEBIT,394,3,0,0,3,1,0
19700,131.71,PAYMENT,545,2,0,0,0,1,0
19701,153.73,PAYMENT,605,2,0,0,0,1,0
19702,371.07,PAYMENT,851,4,1,0,10,0,0
19703,90.16,CASH_OUT,2842,2,0,0,1,0,1
19704,180.7,PAYMENT,710,4,0,1,3,0,0
19705,167.01,TRANSFER,2067,1,0,1,20,0,0
19706,80.75,DEBIT,571,6,0,0,13,0,0
19707,159.77,CASH_OUT,966,2,0,0,9,1,0
19708,404.53,PAYMENT,2072,4,0,0,18,0,0
19709,178.84,PAYMENT,1403,2,0,0,23,0,0
19710,186.16,CASH_OUT,2162,2,0,0,22,0,0
19711,73.31,TRANSFER,2575,3,0,0,9,2,0
19712,1063.01,CASH_OUT,2442,3,1,0,9,0,1
19713,77.61,PAYMENT,2404,3,0,0,21,0,0
19714,28.0,CASH_IN,2569,5,0,0,16,1,0
19715,350.79,CASH_OUT,2786,7,0,0,14,0,0
19716,132.31,CASH_IN,1213,4,1,0,21,0,0
19717,109.61,PAYMENT,1605,1,0,0,3,0,0
19718,86.01,PAYMENT,2267,5,0,1,4,0,1
19719,964.6,PAYMENT,1783,3,0,0,9,0,0
19720,211.58,DEBIT,1720,2,0,0,12,0,0
19721,257.17,PAYMENT,2579,4,1,0,22,0,0
19722,174.62,PAYMENT,1988,9,0,0,14,0,0
19723,194.43,PAYMENT,1176,4,0,0,5,1,0
19724,601.02,CASH_OUT,761,2,0,1,4,1,1
19725,115.49,CASH_IN,1854,6,0,0,16,0,0
19726,34.57,CASH_IN,863,3,0,1,6,1,0
19727,353.56,TRANSFER,2182,5,0,0,22,0,0
19728,243.89,DEBIT,620,4,0,0,8,0,0
19729,165.34,PAYMENT,2052,2,0,0,5,0,0
19730,237.64,CASH_IN,1252,3,0,0,17,1,0
19731,102.44,TRANSFER,1265,1,0,0,11,0,0
19732,151.52,TRANSFER,2602,4,0,0,18,0,0
19733,130.1,PAYMENT,893,2,0,0,13,0,0
19734,82.15,PAYMENT,314,4,0,0,4,1,0
19735,487.44,PAYMENT,167,1,0,0,19,0,0
19736,36.15,PAYMENT,2433,3,0,0,23,0,0
19737,1573.22,TRANSFER,105,2,1,0,20,0,1
19738,356.87,PAYMENT,2775,4,0,0,23,0,0
19739,25.08,PAYMENT,1779,2,0,1,9,0,0
19740,118.61,CASH_IN,925,3,0,0,0,0,0
19741,125.39,DEBIT,2488,5,0,0,19,1,0
19742,219.62,DEBIT,1408,3,0,0,9,1,0
19743,55.18,CASH_OUT,727,2,1,0,23,0,0
19744,153.24,CASH_OUT,2949,5,0,0,17,0,0
19745,131.48,CASH_IN,1774,0,0,0,3,0,0
19746,70.98,CASH_OUT,2634,3,0,0,4,1,1
19747,61.76,PAYMENT,717,3,0,0,6,0,0
19748,371.97,PAYMENT,968,2,0,0,5,0,0
19749,27.21,PAYMENT,2942,1,0,0,16,0,0
19750,239.34,CASH_IN,1737,1,1,0,14,0,0
19751,329.48,CASH_OUT,273,3,0,0,9,1,0
19752,119.28,TRANSFER,185,4,0,0,10,1,0
19753,156.39,PAYMENT,1242,2,1,0,5,0,0
19754,475.09,PAYMENT,963,2,0,0,9,0,0
19755,73.34,CASH_OUT,1252,1,0,0,1,0,0
19756,81.32,TRANSFER,1128,1,1,0,3,0,0
19757,90.42,TRANSFER,947,2,0,0,9,0,0
19758,475.96,PAYMENT,2986,6,1,0,23,1,0
19759,540.39,CASH_OUT,2170,1,0,1,5,0,0
19760,36.75,DEBIT,675,2,0,0,21,0,0
19761,405.95,DEBIT,2269,5,0,0,22,0,0
19762,336.6,PAYMENT,1159,1,0,0,0,1,1
19763,701.76,TRANSFER,1491,2,0,0,17,0,0
19764,218.13,PAYMENT,2308,6,0,0,7,0,0
19765,141.99,TRANSFER,2376,1,0,1,16,0,0
19766,466.48,CASH_OUT,1081,4,0,1,2,0,1
19767,298.54,PAYMENT,2391,5,0,0,14,0,0
19768,1400.94,CASH_OUT,556,5,0,0,22,0,0
19769,387.11,TRANSFER,2741,3,0,0,4,0,0
19770,173.04,DEBIT,392,3,0,1,10,0,0
19771,45.87,PAYMENT,2447,2,0,0,22,0,0
19772,83.02,PAYMENT,2167,3,0,0,11,1,0
19773,35.31,CASH_OUT,1755,3,0,0,4,0,0
19774,119.69,CASH_OUT,1758,2,0,0,19,0,0
19775,374.68,TRANSFER,2615,6,0,0,0,0,0
19776,147.87,DEBIT,2699,2,0,0,19,0,1
19777,412.29,TRANSFER,2428,3,0,0,0,1,1
19778,208.01,TRANSFER,474,2,0,0,16,0,0
19779,99.18,DEBIT,158,3,0,0,6,0,0
19780,162.0,TRANSFER,238,1,0,0,23,0,1
19781,237.96,PAYMENT,75,5,0,0,19,0,0
19782,170.58,CASH_OUT,2569,6,0,1,5,0,1
19783,172.55,CASH_OUT,30,1,0,0,3,0,1
19784,68.78,PAYMENT,866,2,0,0,12,0,0
19785,96.26,PAYMENT,1949,3,0,0,1,0,0
19786,1420.07,PAYMENT,2911,0,0,0,20,1,0
19787,506.98,PAYMENT,2536,0,0,0,1,0,0
19788,33.99,DEBIT,1664,2,0,0,2,0,1
19789,13.92,PAYMENT,827,2,1,0,20,0,0
19790,160.16,PAYMENT,933,0,0,0,12,0,0
19791,362.66,CASH_OUT,287,3,0,0,0,0,0
19792,88.24,CASH_OUT,1924,4,0,0,21,0,0
19793,412.26,CASH_OUT,1590,2,0,0,7,0,0
19794,157.54,PAYMENT,1200,2,0,0,6,0,0
19795,126.08,CASH_IN,784,2,0,0,0,0,0
19796,316.12,TRANSFER,2091,1,0,0,1,0,1
19797,87.19,TRANSFER,459,3,0,0,12,2,0
19798,111.42,CASH_IN,2878,4,0,0,20,0,0
19799,290.08,PAYMENT,904,2,0,0,9,0,0
19800,143.83,CASH_IN,2875,1,1,0,21,0,0
19801,1001.02,TRANSFER,2033,4,0,0,4,0,0
19802,297.03,DEBIT,1771,2,0,0,13,1,0
19803,278.33,PAYMENT,952,1,1,0,16,0,0
19804,141.24,DEBIT,917,4,1,0,21,0,1
19805,355.94,CASH_OUT,298,4,0,0,2,1,0
19806,107.49,CASH_OUT,1489,3,0,0,13,0,0
19807,196.84,TRANSFER,2052,2,0,0,16,1,1
19808,59.37,DEBIT,614,4,0,0,12,0,0
19809,419.66,TRANSFER,116,5,0,1,13,0,1
19810,198.46,TRANSFER,380,4,0,0,7,0,0
19811,1077.62,CASH_OUT,1731,6,0,0,13,0,0
19812,1623.43,PAYMENT,1862,2,0,0,20,0,0
19813,318.4,PAYMENT,1284,2,0,0,12,0,0
19814,158.92,CASH_OUT,1757,1,0,0,11,0,0
19815,57.62,PAYMENT,597,4,0,0,19,0,0
19816,366.78,CASH_IN,244,6,0,0,4,0,0
19817,183.15,CASH_OUT,846,0,0,0,7,0,0
19818,254.18,TRANSFER,786,2,0,0,13,0,0
19819,836.97,PAYMENT,708,3,0,0,1,0,0
19820,65.08,CASH_OUT,852,5,1,0,8,0,0
19821,58.89,CASH_IN,1000,2,0,0,8,0,0
19822,117.16,TRANSFER,2525,4,0,0,22,0,0
19823,337.38,PAYMENT,1824,1,0,1,10,0,0
19824,258.49,PAYMENT,2213,7,0,0,19,1,0
19825,60.6,CASH_OUT,1772,1,0,0,0,1,0
19826,316.26,CASH_OUT,790,4,0,1,7,0,0
19827,44.65,PAYMENT,2331,3,0,1,2,0,1
19828,64.22,CASH_OUT,358,1,1,0,18,0,0
19829,132.23,CASH_IN,2605,6,1,0,4,0,1
19830,85.33,PAYMENT,1847,3,0,0,8,0,0
19831,361.35,CASH_OUT,2927,5,1,0,4,1,1
19832,197.63,CASH_IN,2341,0,0,0,2,0,0
19833,867.45,DEBIT,1041,3,0,0,1,1,1
19834,115.91,PAYMENT,402,1,0,1,0,0,0
19835,131.34,PAYMENT,1113,3,0,0,16,0,0
19836,497.89,DEBIT,2045,1,0,0,10,1,0
19837,135.51,PAYMENT,2535,2,1,0,23,0,0
19838,661.17,TRANSFER,809,8,0,0,14,0,0
19839,254.89,TRANSFER,728,3,0,0,4,0,0
19840,14.11,CASH_OUT,216,3,1,0,21,0,0
19841,481.82,PAYMENT,999,2,1,0,11,0,0
19842,369.71,DEBIT,73,3,0,0,19,0,0
19843,384.27,PAYMENT,195,3,1,0,17,0,1
19844,21.96,CASH_OUT,1205,4,0,1,17,0,0
19845,76.48,TRANSFER,2174,5,0,0,9,0,0
19846,82.38,PAYMENT,730,5,0,0,6,1,0
19847,64.0,PAYMENT,2417,5,0,0,19,0,0
19848,847.19,DEBIT,238,1,0,0,1,0,0
19849,146.68,TRANSFER,2129,4,0,1,5,1,1
19850,143.09,CASH_OUT,1601,2,0,0,17,0,0
19851,257.75,CASH_OUT,945,3,0,0,17,0,0
19852,262.25,PAYMENT,2039,6,0,0,6,0,0
19853,5.29,CASH_OUT,553,4,0,0,13,0,0
19854,77.76,PAYMENT,932,2,0,0,8,0,0
19855,36.13,CASH_OUT,1531,4,0,0,14,1,0
19856,221.47,PAYMENT,243,4,0,0,1,2,1
19857,111.18,CASH_IN,1402,4,0,0,20,0,1
19858,150.71,CASH_OUT,2931,5,0,0,5,0,0
19859,18.57,PAYMENT,1525,1,0,0,12,0,0
19860,108.87,PAYMENT,1120,2,0,0,21,0,0
19861,452.66,PAYMENT,198,4,0,0,21,1,0
19862,607.56,DEBIT,2229,6,0,0,0,2,1
19863,304.56,PAYMENT,503,4,0,0,4,0,0
19864,39.04,TRANSFER,2274,2,0,0,0,0,0
19865,522.91,PAYMENT,42,2,0,0,9,0,0
19866,306.13,DEBIT,770,6,0,0,17,1,0
19867,132.0,TRANSFER,2963,3,0,0,19,0,0
19868,19.59,PAYMENT,191,2,0,0,17,0,0
19869,385.14,CASH_OUT,2692,2,0,0,19,0,0
19870,82.09,DEBIT,2720,3,0,0,7,0,0
19871,209.8,CASH_OUT,637,3,0,0,22,0,0
19872,158.92,TRANSFER,757,3,0,0,18,0,0
19873,691.18,PAYMENT,672,1,0,0,22,0,0
19874,130.93,PAYMENT,2035,2,0,0,1,0,0
19875,146.19,PAYMENT,2997,3,1,0,13,2,1
19876,719.54,TRANSFER,1539,1,0,0,20,0,0
19877,76.84,CASH_OUT,832,4,0,0,5,1,1
19878,335.06,CASH_IN,1841,4,0,0,21,0,0
19879,121.68,CASH_OUT,1101,6,0,0,22,0,1
19880,54.46,PAYMENT,2632,3,0,0,0,0,0
19881,148.59,CASH_OUT,1121,3,0,0,14,1,1
19882,296.4,TRANSFER,2311,3,0,0,1,1,0
19883,574.62,TRANSFER,2318,1,0,0,8,0,0
19884,648.52,TRANSFER,1052,2,0,0,14,0,0
19885,110.52,PAYMENT,1764,3,0,0,11,0,0
19886,55.3,PAYMENT,183,3,0,0,8,0,0
19887,107.91,TRANSFER,2236,1,0,0,23,0,0
19888,45.53,PAYMENT,211,4,0,0,19,0,0
19889,119.42,TRANSFER,1237,1,0,0,23,0,0
19890,105.46,PAYMENT,2645,2,0,0,17,0,0
19891,307.2,DEBIT,594,3,1,0,3,0,0
19892,16.35,DEBIT,1253,3,0,0,7,2,0
19893,71.26,DEBIT,2010,2,0,0,20,0,0
19894,71.84,CASH_IN,575,5,0,0,9,1,0
19895,486.45,DEBIT,2417,3,0,0,4,0,0
19896,48.72,CASH_OUT,2919,8,1,1,3,1,1
19897,186.17,DEBIT,2639,1,0,0,15,1,0
19898,130.57,CASH_OUT,738,2,0,0,16,0,0
19899,421.17,CASH_IN,552,2,0,0,17,0,0
19900,269.3,PAYMENT,1936,2,0,0,12,1,1
19901,167.54,CASH_OUT,2308,3,1,1,14,0,1
19902,85.23,DEBIT,1896,6,0,0,16,0,0
19903,23.28,TRANSFER,700,4,1,0,9,1,0
19904,190.01,PAYMENT,2395,9,1,0,22,0,1
19905,252.27,TRANSFER,2612,2,0,0,4,0,1
19906,30.73,CASH_OUT,1413,5,0,0,12,0,0
19907,43.22,CASH_OUT,2151,1,0,1,14,0,0
19908,191.01,TRANSFER,2606,3,0,0,7,0,0
19909,208.33,PAYMENT,2971,4,0,0,19,0,0
19910,55.11,DEBIT,394,2,0,0,0,0,1
19911,83.59,CASH_OUT,2341,2,0,1,1,0,1
19912,23.65,PAYMENT,2894,4,0,0,18,0,0
19913,588.32,CASH_IN,1933,2,1,0,23,0,1
19914,40.45,PAYMENT,214,3,0,0,23,0,0
19915,255.25,PAYMENT,722,2,0,0,23,1,0
19916,143.31,CASH_IN,759,5,0,0,10,1,1
19917,538.93,CASH_IN,1159,3,0,0,17,0,0
19918,67.2,PAYMENT,596,0,0,1,19,0,0
19919,157.79,PAYMENT,2214,2,0,0,18,0,1
19920,27.16,PAYMENT,1341,6,0,0,19,0,0
19921,21.36,DEBIT,372,4,0,0,23,0,0
19922,269.44,CASH_IN,641,6,1,0,10,0,0
19923,24.9,TRANSFER,34,2,0,0,23,0,0
19924,118.13,PAYMENT,1940,5,1,0,20,0,0
19925,408.01,PAYMENT,653,3,0,0,1,0,0
19926,313.15,CASH_IN,527,1,0,0,19,2,0
19927,76.36,PAYMENT,1999,0,0,0,3,1,1
19928,30.31,TRANSFER,252,1,0,0,20,0,1
19929,247.03,CASH_OUT,1751,3,0,0,18,0,0
19930,568.08,PAYMENT,982,5,0,0,5,0,0
19931,76.54,PAYMENT,1936,4,0,0,7,0,0
19932,66.47,PAYMENT,1190,6,0,0,12,1,0
19933,87.8,CASH_OUT,2814,3,0,0,22,0,0
19934,262.86,CASH_IN,1920,3,0,0,3,0,0
19935,507.0,TRANSFER,567,3,0,0,4,0,0
19936,42.97,PAYMENT,732,4,1,0,5,0,0
19937,33.17,TRANSFER,2271,6,0,0,17,0,0
19938,1540.71,PAYMENT,2879,3,0,0,17,1,1
19939,124.3,PAYMENT,1026,4,0,0,6,0,0
19940,191.12,TRANSFER,1883,1,0,0,16,0,0
19941,74.3,DEBIT,761,5,0,1,9,0,0
19942,242.25,CASH_IN,2290,1,0,0,8,0,0
19943,387.63,CASH_OUT,616,7,0,1,19,0,0
19944,200.3,CASH_OUT,2899,0,0,0,10,0,0
19945,846.29,CASH_IN,2753,1,0,0,0,0,0
19946,107.05,CASH_OUT,1034,2,0,0,12,1,0
19947,114.1,CASH_OUT,1805,6,0,0,9,0,0
19948,187.06,PAYMENT,1144,3,0,0,4,0,1
19949,236.27,PAYMENT,2929,1,0,0,6,0,0
19950,186.41,TRANSFER,654,6,1,0,20,0,0
19951,41.08,DEBIT,2719,3,1,0,6,0,0
19952,202.86,TRANSFER,642,1,0,1,2,2,1
19953,102.09,PAYMENT,2607,2,0,1,12,0,0
19954,83.02,CASH_OUT,1433,3,0,0,0,0,0
19955,153.31,TRANSFER,40,7,0,0,20,1,0
19956,56.74,DEBIT,2027,2,0,0,15,0,0
19957,47.68,PAYMENT,1569,5,0,0,4,0,0
19958,10.85,CASH_OUT,1770,2,0,0,21,0,0
19959,851.7,CASH_OUT,584,2,0,0,7,0,0
19960,258.72,DEBIT,793,4,0,0,16,0,0
19961,132.06,TRANSFER,580,2,0,1,15,0,0
19962,76.16,CASH_IN,1880,5,1,0,11,1,0
19963,8.36,PAYMENT,1900,1,0,0,19,0,0
19964,71.63,PAYMENT,784,4,1,0,8,0,0
19965,303.65,PAYMENT,366,3,0,0,1,1,1
19966,380.76,CASH_OUT,84,3,1,0,23,0,1
19967,282.11,TRANSFER,1146,3,0,0,8,0,0
19968,173.88,PAYMENT,137,4,0,0,9,0,0
19969,546.69,TRANSFER,2928,0,0,0,3,1,1
19970,106.85,TRANSFER,2486,3,1,0,12,0,0
19971,439.3,TRANSFER,1785,2,0,0,12,0,0
19972,101.03,PAYMENT,578,4,0,0,1,1,0
19973,61.49,DEBIT,2823,4,0,0,6,0,0
19974,54.29,TRANSFER,1687,4,0,0,6,0,1
19975,51.19,PAYMENT,616,3,0,0,15,0,1
19976,286.88,CASH_OUT,1261,5,0,0,3,1,0
19977,70.62,PAYMENT,879,1,0,0,16,0,0
19978,52.82,TRANSFER,518,1,0,0,21,0,1
19979,303.0,PAYMENT,851,7,0,1,2,1,1
19980,206.02,CASH_IN,102,3,0,1,1,0,0
19981,388.62,DEBIT,1931,3,0,0,12,0,0
19982,247.79,PAYMENT,2897,2,0,0,19,0,0
19983,69.89,PAYMENT,477,1,1,0,18,0,1
19984,160.15,PAYMENT,2883,1,0,0,23,0,0
19985,168.2,TRANSFER,859,4,0,0,16,1,1
19986,59.2,PAYMENT,609,2,0,0,20,0,0
19987,49.17,CASH_IN,195,2,0,0,5,1,0
19988,75.13,TRANSFER,463,2,0,0,4,0,0
19989,1137.49,CASH_OUT,1849,3,0,0,4,1,1
19990,98.22,TRANSFER,99,4,0,0,18,1,1
19991,509.21,DEBIT,2942,3,0,0,3,0,0
19992,92.88,PAYMENT,572,4,0,0,1,1,0
19993,360.99,CASH_OUT,2262,6,0,0,7,0,0
19994,365.95,CASH_OUT,2204,4,0,0,16,1,0
19995,384.75,CASH_OUT,1703,3,0,1,22,1,1
19996,218.73,TRANSFER,169,2,0,0,9,0,0
19997,588.38,PAYMENT,185,2,0,0,5,0,0
19998,216.67,CASH_OUT,2408,4,0,0,18,1,0
19999,823.47,CASH_IN,1533,3,0,0,12,0,0
20000,29.37,PAYMENT,2709,5,0,0,8,1,1
